symbol,date,target_date,future_return,label,feature_version,split,predicted_prob_up,predicted_label,prediction_direction,model_version,created_at_utc,validated_at_utc,success
TSLA,2025-12-12 00:00:00+00:00,2026-01-13 00:00:00+00:00,-0.025623103248636703,0,lstm-demo-v1,test,0.46855566,0,看跌,lstm-direction-v1,2026-10-09T02:49:19+00:00,2026-10-09T02:49:19+00:00,True
TSLA,2025-12-19 00:00:00+00:00,2026-01-21 00:00:00+00:00,-0.10340816397198316,0,lstm-demo-v1,test,0.46428293,0,看跌,lstm-direction-v1,2026-10-09T02:49:19+00:00,2026-10-09T02:49:19+00:00,True
TSLA,2025-12-29 00:00:00+00:00,2026-01-28 00:00:00+00:00,-0.0613088989106253,0,lstm-demo-v1,test,0.46098715,0,看跌,lstm-direction-v1,2026-10-09T02:49:19+00:00,2026-10-09T02:49:19+00:00,True
TSLA,2026-01-06 00:00:00+00:00,2026-02-04 00:00:00+00:00,-0.06224589389629398,0,lstm-demo-v1,test,0.46231803,0,看跌,lstm-direction-v1,2026-10-09T02:49:19+00:00,2026-10-09T02:49:19+00:00,True
TSLA,2026-01-13 00:00:00+00:00,2026-02-11 00:00:00+00:00,-0.042330104375300714,0,lstm-demo-v1,test,0.4632433,0,看跌,lstm-direction-v1,2026-10-09T02:49:19+00:00,2026-10-09T02:49:19+00:00,True
TSLA,2026-01-21 00:00:00+00:00,2026-02-19 00:00:00+00:00,-0.045730601879012456,0,lstm-demo-v1,test,0.46516404,0,看跌,lstm-direction-v1,2026-10-09T02:49:19+00:00,2026-10-09T02:49:19+00:00,True
TSLA,2026-01-28 00:00:00+00:00,2026-02-26 00:00:00+00:00,-0.05302926189204882,0,lstm-demo-v1,test,0.46877167,0,看跌,lstm-direction-v1,2026-10-09T02:49:19+00:00,2026-10-09T02:49:19+00:00,True
TSLA,2026-02-04 00:00:00+00:00,2026-03-05 00:00:00+00:00,-0.0011330311115280711,0,lstm-demo-v1,test,0.4690206,0,看跌,lstm-direction-v1,2026-10-09T02:49:19+00:00,2026-10-09T02:49:19+00:00,True
TSLA,2026-02-11 00:00:00+00:00,2026-03-12 00:00:00+00:00,-0.07766124197646052,0,lstm-demo-v1,test,0.47047988,0,看跌,lstm-direction-v1,2026-10-09T02:49:19+00:00,2026-10-09T02:49:19+00:00,True
TSLA,2026-02-19 00:00:00+00:00,2026-03-19 00:00:00+00:00,-0.07629157492899108,0,lstm-demo-v1,test,0.47120398,0,看跌,lstm-direction-v1,2026-10-09T02:49:19+00:00,2026-10-09T02:49:19+00:00,True
TSLA,2026-02-26 00:00:00+00:00,2026-03-26 00:00:00+00:00,-0.08926037108832463,0,lstm-demo-v1,test,0.4727403,0,看跌,lstm-direction-v1,2026-10-09T02:49:19+00:00,2026-10-09T02:49:19+00:00,True
TSLA,2026-03-05 00:00:00+00:00,2026-04-02 00:00:00+00:00,-0.11086177489427018,0,lstm-demo-v1,test,0.47418234,0,看跌,lstm-direction-v1,2026-10-09T02:49:19+00:00,2026-10-09T02:49:19+00:00,True
TSLA,2026-03-12 00:00:00+00:00,2026-04-10 00:00:00+00:00,-0.11660463385705833,0,lstm-demo-v1,test,0.4760649,0,看跌,lstm-direction-v1,2026-10-09T02:49:19+00:00,2026-10-09T02:49:19+00:00,True
TSLA,2026-03-19 00:00:00+00:00,2026-04-17 00:00:00+00:00,0.05343152242034965,1,lstm-demo-v1,test,0.47914755,0,看跌,lstm-direction-v1,2026-10-09T02:49:19+00:00,2026-10-09T02:49:19+00:00,False
TSLA,2026-03-26 00:00:00+00:00,2026-04-24 00:00:00+00:00,0.011260118261668284,1,lstm-demo-v1,test,0.48246476,0,看跌,lstm-direction-v1,2026-10-09T02:49:19+00:00,2026-10-09T02:49:19+00:00,False
TSLA,2026-04-02 00:00:00+00:00,2026-05-01 00:00:00+00:00,0.08383485757602971,1,lstm-demo-v1,test,0.48331508,0,看跌,lstm-direction-v1,2026-10-09T02:49:19+00:00,2026-10-09T02:49:19+00:00,False
TSLA,2026-04-10 00:00:00+00:00,2026-05-08 00:00:00+00:00,0.2275397366926486,1,lstm-demo-v1,test,0.49196747,0,看跌,lstm-direction-v1,2026-10-09T02:49:19+00:00,2026-10-09T02:49:19+00:00,False
TSLA,2026-04-17 00:00:00+00:00,2026-05-15 00:00:00+00:00,0.0539663406237707,1,lstm-demo-v1,test,0.487244,0,看跌,lstm-direction-v1,2026-10-09T02:49:19+00:00,2026-10-09T02:49:19+00:00,False
TSLA,2026-04-24 00:00:00+00:00,2026-05-22 00:00:00+00:00,0.13210210891637209,1,lstm-demo-v1,test,0.4810646,0,看跌,lstm-direction-v1,2026-10-09T02:49:19+00:00,2026-10-09T02:49:19+00:00,False
TSLA,2026-05-01 00:00:00+00:00,2026-06-01 00:00:00+00:00,0.06412158305346005,1,lstm-demo-v1,test,0.47907898,0,看跌,lstm-direction-v1,2026-10-09T02:49:19+00:00,2026-10-09T02:49:19+00:00,False
TSLA,2026-05-08 00:00:00+00:00,2026-06-08 00:00:00+00:00,-0.045290051640144324,0,lstm-demo-v1,test,0.47462082,0,看跌,lstm-direction-v1,2026-10-09T02:49:19+00:00,2026-10-09T02:49:19+00:00,True
TSLA,2026-05-15 00:00:00+00:00,2026-06-15 00:00:00+00:00,-0.02626467552667111,0,lstm-demo-v1,test,0.46930012,0,看跌,lstm-direction-v1,2026-10-09T02:49:19+00:00,2026-10-09T02:49:19+00:00,True
TSLA,2026-05-22 00:00:00+00:00,2026-06-23 00:00:00+00:00,-0.10422296048510638,0,lstm-demo-v1,test,0.4681561,0,看跌,lstm-direction-v1,2026-10-09T02:49:19+00:00,2026-10-09T02:49:19+00:00,True
TSLA,2026-06-01 00:00:00+00:00,2026-06-30 00:00:00+00:00,0.01134943052151094,1,lstm-demo-v1,test,0.46714017,0,看跌,lstm-direction-v1,2026-10-09T02:49:19+00:00,2026-10-09T02:49:19+00:00,False
TSLA,2026-06-08 00:00:00+00:00,2026-07-08 00:00:00+00:00,-0.03641035384270741,0,lstm-demo-v1,test,0.46850452,0,看跌,lstm-direction-v1,2026-10-09T02:49:19+00:00,2026-10-09T02:49:19+00:00,True
TSLA,2026-06-15 00:00:00+00:00,2026-07-15 00:00:00+00:00,-0.040593463916257067,0,lstm-demo-v1,test,0.4719572,0,看跌,lstm-direction-v1,2026-10-09T02:49:19+00:00,2026-10-09T02:49:19+00:00,True
TSLA,2026-06-23 00:00:00+00:00,2026-07-22 00:00:00+00:00,-0.019915557447837573,0,lstm-demo-v1,test,0.4721229,0,看跌,lstm-direction-v1,2026-10-09T02:49:19+00:00,2026-10-09T02:49:19+00:00,True
TSLA,2026-06-30 00:00:00+00:00,2026-07-29 00:00:00+00:00,-0.29072752497583665,0,lstm-demo-v1,test,0.478001,0,看跌,lstm-direction-v1,2026-10-09T02:49:19+00:00,2026-10-09T02:49:19+00:00,True
TSLA,2026-07-08 00:00:00+00:00,2026-08-05 00:00:00+00:00,-0.18400753746856358,0,lstm-demo-v1,test,0.4847948,0,看跌,lstm-direction-v1,2026-10-09T02:49:19+00:00,2026-10-09T02:49:19+00:00,True
TSLA,2026-07-15 00:00:00+00:00,2026-08-12 00:00:00+00:00,-0.16972565821565078,0,lstm-demo-v1,test,0.48847052,0,看跌,lstm-direction-v1,2026-10-09T02:49:19+00:00,2026-10-09T02:49:19+00:00,True
TSLA,2026-07-22 00:00:00+00:00,2026-08-19 00:00:00+00:00,-0.061201609718364525,0,lstm-demo-v1,test,0.4916104,0,看跌,lstm-direction-v1,2026-10-09T02:49:19+00:00,2026-10-09T02:49:19+00:00,True
TSLA,2026-07-29 00:00:00+00:00,2026-08-26 00:00:00+00:00,0.15922498938656937,1,lstm-demo-v1,test,0.50959474,1,看漲,lstm-direction-v1,2026-10-09T02:49:19+00:00,2026-10-09T02:49:19+00:00,True
TSLA,2026-08-05 00:00:00+00:00,2026-09-02 00:00:00+00:00,0.1102784118141138,1,lstm-demo-v1,test,0.51083446,1,看漲,lstm-direction-v1,2026-10-09T02:49:19+00:00,2026-10-09T02:49:19+00:00,True
TSLA,2026-08-12 00:00:00+00:00,2026-09-10 00:00:00+00:00,0.11007293431662468,1,lstm-demo-v1,test,0.5070313,1,看漲,lstm-direction-v1,2026-10-09T02:49:19+00:00,2026-10-09T02:49:19+00:00,True
TSLA,2026-08-19 00:00:00+00:00,2026-09-17 00:00:00+00:00,0.04294832906001478,1,lstm-demo-v1,test,0.5023865,1,看漲,lstm-direction-v1,2026-10-09T02:49:19+00:00,2026-10-09T02:49:19+00:00,True
TSLA,2026-08-26 00:00:00+00:00,2026-09-24 00:00:00+00:00,0.09288067328930993,1,lstm-demo-v1,test,0.4976053,0,看跌,lstm-direction-v1,2026-10-09T02:49:19+00:00,2026-10-09T02:49:19+00:00,False
TSLA,2026-09-02 00:00:00+00:00,2026-10-01 00:00:00+00:00,-0.008123089926711957,0,lstm-demo-v1,test,0.49265116,0,看跌,lstm-direction-v1,2026-10-09T02:49:19+00:00,2026-10-09T02:49:19+00:00,True
TSLA,2026-09-10 00:00:00+00:00,2026-10-08 00:00:00+00:00,0.03146661491426195,1,lstm-demo-v1,test,0.48855138,0,看跌,lstm-direction-v1,2026-10-09T02:49:19+00:00,2026-10-09T02:49:19+00:00,False
