ticker,topic,title,source,published,tags,link,matched_keywords,keyword_group,analysis_note,fetched_at_utc
APLD,AI/資料中心,APLD Q3 Deep Dive: AI Data Center Growth and Strategic Campus Expansion Highlight Quarter - TradingView,TradingView,2026-10-08 13:20:52+00:00,AI/晶片；財報/財測,https://news.google.com/rss/articles/CBMi4wFBVV95cUxNVVlQaDBjYjZfaVI2dzdtX25HWXcxcFJmbVVTS2ZNcHFhZ08zYzVFZUlNbFNrcWZ2T2dKT0RSeVNLdUY2cWlMMlJqX0ZVRVo1dE5aQ2k0UGpiV3gzeWpEVHdsM2kxLW9nTF9hb0gtMUxtNmFhZWU3N2RNajdXdnFNQnU0ZVdXcHB0ajdMU3V6V2JEQW51YWFwRmJoT3dvMmk5dWh2cXczVnc1eGotSndUSVE4dVFHYkdtV2EtY2swS0RWZVhlM08tVXE3UVlTLTFjVFEyQmh6cUNrTTFSMnQwVGQ5Yw?oc=5,,,,2026-10-08T22:57:34+00:00
ABBV,醫療科技,"Biotech Stocks At 52-Week Highs - ABBV On FDA Designations, HSTM, OGN - RTTNews",RTTNews,2026-10-08 09:59:00+00:00,未分類,https://news.google.com/rss/articles/CBMiqgFBVV95cUxQZlFCUm9wTjJ2OEZOdWh2RC1YTnNPdXlyWHYwemxVZXFjWXdFV2pSS0hZS3ZFTE9MMGViSnQtZXRZd0liSkU0SGRmY2lUUE41UEdyVzVNYlo4LUlQZGh5ZHhDMGpYV3pETUhMRGYxZTFNTVROV1dZMkl1X0J5T2JJYzcwWmlNY21vcFlfNWJSZVJrQjItRVVoY0NWZFFYd2JWeW11YUtnajloQQ?oc=5,,,,2026-10-08T22:57:34+00:00
HSTM,醫療科技,"Biotech Stocks At 52-Week Highs - ABBV On FDA Designations, HSTM, OGN - RTTNews",RTTNews,2026-10-08 09:59:00+00:00,未分類,https://news.google.com/rss/articles/CBMiqgFBVV95cUxQZlFCUm9wTjJ2OEZOdWh2RC1YTnNPdXlyWHYwemxVZXFjWXdFV2pSS0hZS3ZFTE9MMGViSnQtZXRZd0liSkU0SGRmY2lUUE41UEdyVzVNYlo4LUlQZGh5ZHhDMGpYV3pETUhMRGYxZTFNTVROV1dZMkl1X0J5T2JJYzcwWmlNY21vcFlfNWJSZVJrQjItRVVoY0NWZFFYd2JWeW11YUtnajloQQ?oc=5,,,,2026-10-08T22:57:34+00:00
OGN,醫療科技,"Biotech Stocks At 52-Week Highs - ABBV On FDA Designations, HSTM, OGN - RTTNews",RTTNews,2026-10-08 09:59:00+00:00,未分類,https://news.google.com/rss/articles/CBMiqgFBVV95cUxQZlFCUm9wTjJ2OEZOdWh2RC1YTnNPdXlyWHYwemxVZXFjWXdFV2pSS0hZS3ZFTE9MMGViSnQtZXRZd0liSkU0SGRmY2lUUE41UEdyVzVNYlo4LUlQZGh5ZHhDMGpYV3pETUhMRGYxZTFNTVROV1dZMkl1X0J5T2JJYzcwWmlNY21vcFlfNWJSZVJrQjItRVVoY0NWZFFYd2JWeW11YUtnajloQQ?oc=5,,,,2026-10-08T22:57:34+00:00
TSMC,AI/資料中心,AI Data Center Stocks Retail Investors Are Watching After TSMC Earnings Optimism - Simply Wall Street,Simply Wall Street,2026-10-07 16:50:15+00:00,AI/晶片；財報/財測,https://news.google.com/rss/articles/CBMiugFBVV95cUxQNEkxQUdXdmVMM0R3X1FycGdlWUdYeEN0c2pLRTBDTTJfZDBMNUswaG10Zkx1WDZqUTZCNXQ0SkZGRmU5MHdYeWVuNW5xeTl2bHVLVmRNdjE1TzRxai10bHhFUVNPbWhQdTNZaFpnT3ZGNS1HR3hQSnFZZ3hnSlRWaWhkaDRJYmdvYUdOcjBmQVdLdTYzZS1nRnBMTXU1Z2ZDc2tjdU1OS3NIYlFTSlZfX3JLbzQ5UHNMMFHSAb8BQVVfeXFMTURRZ2xFc1V0R2hicWsxNU5FZzBQNTVGVHluaXNJUVdxRVRrX1pYZzZ3c3JLbXp4Ukd5d21OTlRXSTNabTJqemhWcEY4b29XYVVmcmphdUE0RURiaXl1R19uZWlsQ0RXTzFyQ21mLXpEWmJfcjVSNFFHN0picEUxTG80M19fZkFhTkV4VVJsaDh6anFIdlZOZU1Nenl3SFpuRVNLSkNmeXhhT2RhZm1yVXJCZjhLdnlleXAwaWs3VTg?oc=5,,,,2026-10-08T22:57:34+00:00
AMD,AI/資料中心,3 AI Data Center Stocks to Watch as AMD Signals Strong Server Demand - Simply Wall Street,Simply Wall Street,2026-10-07 12:54:39+00:00,AI/晶片,https://news.google.com/rss/articles/CBMi1gFBVV95cUxQNkhJaDhoRTMweUU2dkV4NzV4NHhUdjJ2cWNWTkRuNWtUeXhxaEx3YmtuSjd2X0RYWFB5RmxpSzBRYURrMk9LVTVOaEhZb1BDM3pSZS1nR3JnWTAySTVja3hJREJkTmVaM2Q5TC1YR2ItRnhVQzhZRHNYNkpONUkxUFhKX2pGUHJneE1qSndKNmpLVHl5YnB4OGloN19QRl9JeDBSNmxidHZDSXc3TS1oTnJtMHBPQjE3cFQtVkVqRXlzNl9GalY4R1JYcXVORVNDUF9fMFZB0gHbAUFVX3lxTE1yTHlJY19GMGRhdXNSZlpuM3FvVW53LWhYbHQ0aVdhSHN3Q0xJNERaZGtyb3pxZ3dVcnBiYTBaSW4tT3hkNkl4NmNCTTN6UEczMlRKUV9vLUNXdGhORzRqLUJuSlVWN3RvUVpoY3RnSzQ5NTF1eWNJMmhOZjRiS21VN1djc0RBanJQUndmelpVY1UzMHgtNHl5OFN3alZfWHNkNWRtakdsMmt6RjFzakdFTURxa3pYbUt6enppc2dLUllkekhlY3lrX3N3eDkxQm9jTXZxM2RsUkptUQ?oc=5,,,,2026-10-08T22:57:34+00:00
SNOW,小型成長股,Snowflake (NYSE:SNOW): High Growth Momentum Meets Breakout Setup - ChartMill,ChartMill,2026-10-07 12:41:02+00:00,未分類,https://news.google.com/rss/articles/CBMisgFBVV95cUxOTWMwLUZTTGswVlRya2xORVlZdVRaWmk4a1lOSDNSLTZOMGI3NGRzTHJXei1INVF6cU9zZHdVVmRCVkoydkl5dk5hSGx5TEYxU3pOX3A2aUtYX2ZxOW04UU5ndWhISGF4bEJUdVVNNFh3cmVWcFpqbUJ5RzlzNzRnWUcyZ2tnQmRzeDhVcktrQ3ByLWhqT1RZcmFhQXNQZWV2dlBhWEt5WkR0VXBwWHl5X2pn?oc=5,,,,2026-10-08T22:57:34+00:00
XLV,醫療科技,These healthcare stocks stand out with A+ growth grades (XLV:NYSEARCA) - Seeking Alpha,Seeking Alpha,2026-10-05 15:59:56+00:00,未分類,https://news.google.com/rss/articles/CBMilwFBVV95cUxQTUN4UzVyNTFfY3BGLXRXMFAtMnZRakJuMUg2VXhob3JrcnF4UjZsR01IQVcyU1BHY2xpYTBSU2xyYnZkYXF1czZWUG1iaXlYN3psU2dDRjg1cmRpR0NIVzZQcVVjRkdHdzBpcnNtanlTZ2Jib0czVjhGelBBeVh1Z0NDaUdJMHpRa1BhS3VVU0JzVm45c3dz?oc=5,,,,2026-10-08T22:57:34+00:00
BMO,AI/資料中心,BMO Sees 30% Upside in Data Center Stock on AI Demand - The Tech Buzz,The Tech Buzz,2026-10-05 14:37:00+00:00,AI/晶片,https://news.google.com/rss/articles/CBMijgFBVV95cUxPcjNEN01rVzFRUFB5Tk1ncXZ5aVh0ZFFJUW9nVDI1aHJ6aDYzUjNRbHpKblN0NjBUbzBSQmY0YTJpcTRSZ0xZVW1kYzk5SDBBMlNrT0NZX3ltUHdDa1NpMERsSEgxaTdCU3hSNGZXeWFCM3pCQURTNWNaVWlaNC1CT0tDSEFCN1pFYXJXVDN3?oc=5,,,,2026-10-08T22:57:34+00:00
NVDA,小型成長股,Nvidia: Reaching The Point Of An Explosive Upside Breakout (NASDAQ:NVDA) - Seeking Alpha,Seeking Alpha,2026-10-05 13:30:00+00:00,未分類,https://news.google.com/rss/articles/CBMinwFBVV95cUxNOXIwcnlkYUpOdmZCWmdiMjVKZXVFV3YyNnB2YjU2X2FZbFN0Smt4M19KMEhYRWJqUHVOdWd5aEs2ZmY3TUpRZGFmRDhDbXpoQjdYR3piTEpVT09MVFNUb1ZvQjMyZnljS2U4YWQ4XzBkaXh5cXQ1WXphdWNlc2hqZThLYnhMUzE2N2lNbFBEc3h1RWY1a2haS2RiZ2VEcUk?oc=5,,,,2026-10-08T22:57:34+00:00
VHT,醫療科技,Better Healthcare ETF: Vanguard's Broad VHT vs. the iShares Biotechnology-Focused IBB - The Motley Fool,The Motley Fool,2026-10-05 06:04:00+00:00,未分類,https://news.google.com/rss/articles/CBMiygFBVV95cUxNdTctcVY5aHVYdmZTLVlGYkZIbV9HQzdhTElUOVBad2RvRy16OXhIbHdKMkFiZXV4RURyN2NjSWNFS2s0OV80ZXowbVRqTEU3RkNFVGdCRl9OYnotVV82U2M5aDg0eGxxcTFRTGo3N3RnaGhYMEVmUEEyZk5hN3VlbzVQYXU4eVRSRC1vakNPVUZnNjZQOUNhbVNwUVlBY0FfNlFySjlsUDluZ2pvTU5WWXV2dnBDVmhiUjByXzd0dER4UjFOMHFZWEJn?oc=5,,,,2026-10-08T22:57:34+00:00
IBB,醫療科技,Better Healthcare ETF: Vanguard's Broad VHT vs. the iShares Biotechnology-Focused IBB - The Motley Fool,The Motley Fool,2026-10-05 06:04:00+00:00,未分類,https://news.google.com/rss/articles/CBMiygFBVV95cUxNdTctcVY5aHVYdmZTLVlGYkZIbV9HQzdhTElUOVBad2RvRy16OXhIbHdKMkFiZXV4RURyN2NjSWNFS2s0OV80ZXowbVRqTEU3RkNFVGdCRl9OYnotVV82U2M5aDg0eGxxcTFRTGo3N3RnaGhYMEVmUEEyZk5hN3VlbzVQYXU4eVRSRC1vakNPVUZnNjZQOUNhbVNwUVlBY0FfNlFySjlsUDluZ2pvTU5WWXV2dnBDVmhiUjByXzd0dER4UjFOMHFZWEJn?oc=5,,,,2026-10-08T22:57:34+00:00
