topic,symbol,title,source,published,tags,link,tickers,fetched_at_utc,normalized_title,duplicate_key,duplicate_count,title_noise_score,governance_dataset,governance_status,governance_reason,retention_days,first_seen_at_utc,expires_at_utc,official_ready,usable_for_sentiment
能源/材料,能源/材料,"Trade expects a decline in sales, and business — price increases: NBU spoke about enterprise sentiments - Судово-юридична газета",Судово-юридична газета,2026-10-01 11:28:00+00:00,未分類,https://news.google.com/rss/articles/CBMi1AFBVV95cUxQUXhaQ1JPOW1Xb3l6OU4xaVczcm9fRUc0b1JLN2VxWkRra0s4aEhFUWNESkdqaEw0Y1FNMmdsR01Kc0d6dEw5cXVBZnRSSF9ITHZzLTJ1YlFENS1SNWhSblZzeWNCcURCTHROS3N0RDNaenRiLWc4dTBxRVNQMXhSY1k4dFplNmlWdUcwVmlHb0h6dGU2bGdjemxDaUNpVWdqUUN5dTVPTTlpNEZHc3JGZnc1YVY0NzZwbXRnREpreXpmSkI5SGlwdThlbDByd2p1R0xtMg?oc=5,NBU,2026-10-01T12:30:52+00:00,trade expects a decline in sales and business price increases nbu spoke about enterprise sentiments,trade expects a decline in sales and business price increases nbu spoke about enterprise sentiments,1,0.05022321428571429,discovery_news,official,passed_basic_checks,3650,2026-10-01T12:30:52+0000,2036-09-28T12:30:52+0000,True,True
消費復甦,消費復甦,THOR INDUSTRIES INC (NYSE:THO): A Decent Value Stock With a Discounted Earnings Recovery - ChartMill,ChartMill,2026-10-01 08:20:57+00:00,財報/財測,https://news.google.com/rss/articles/CBMi0AFBVV95cUxONk9WUHVqb01PVnhsaG1vRFMwNW9XX19Nc3U5azNsTVEzMTdmNU9ZV041MUoyNjFiQW1QLTFPWUtXa09IaGp0U2ExdFN3dnI2QWdkNTdUNmQwN0lsUzMwZjhsZjRVdjdpdl94dVBJYzRmQnZLeFZLdlNZMG1iQ09mMV9DWGQtRFIwNGJIYTN3djdjWENuN2dlZVEwVTZnMm1PQU45N1NyM3lIS3YtbV9vNGl6LXNIUnNDRTB6cXJreWgzWUlxeElnamQzN3MtaHlz?oc=5,"THO,THOR",2026-10-01T12:30:52+00:00,thor industries inc nyse tho a decent value stock with a discounted earnings recovery chartmill,thor industries inc nyse tho a decent value stock with a discounted earnings recovery chartmill,1,0.0642857142857143,discovery_news,official,passed_basic_checks,3650,2026-10-01T12:30:52+0000,2036-09-28T12:30:52+0000,True,True
能源/材料,能源/材料,Takeover at Bayer! Shock at Rheinmetall! Opportunity for MustGrow Stock! - news.financial,news.financial,2026-10-01 06:35:00+00:00,未分類,https://news.google.com/rss/articles/CBMiowFBVV95cUxPUnBGaTFIVUdDUGYxXzZNanhwZGNJZ2NHcGJ2RVIxbVNzRUVEeVRacVZ3eW5fd3l2dFZ6Q2Y0Q0tkRGFwak5Dd1RqdUV0SUZfUmFMUGdYZzlnRXlEbTlua0tnMlU0eWpNcldkY3gzTUpDVkJCX3M1SWNVU3Z6U1hxTTBpczdFZlRGTDBvM0xNdUREaklmbHhTV1Nxamd1WnNWMUdV?oc=5,,2026-10-01T12:30:52+00:00,takeover at bayer shock at rheinmetall opportunity for mustgrow stock news financial,takeover at bayer shock at rheinmetall opportunity for mustgrow stock news financial,1,0.07223113964686999,discovery_news,official,passed_basic_checks,3650,2026-10-01T12:30:52+0000,2036-09-28T12:30:52+0000,True,True
太空,太空,RKLB Stock Pops 9% After-Hours On $266M Air Force Win — Retail Sees A Space Sector ‘Catalyst’ - Stocktwits,Stocktwits,2026-10-01 02:52:16+00:00,AI/晶片,https://news.google.com/rss/articles/CBMi7gFBVV95cUxNOUZpN0YwbkdIUC1ZUnhBTVlBd05oZHpzV2RLdGhwZlBpUjhLc053bDV3UWNoeHJseFRuMkgxUERCejJTTmlRM3ktNEZpOW82MlFjb0JmODZUWDJkV0h6MFdmZ2NsNVQzWU02ekc3TWp6eGdVRFpzUWQ2ZUEtODdPcTNSSU50aC10bVFQdVdsT3RhWWJCODZvZXlnOXo4UlFJTC00Nk1rNjBCUFNkbkcteUtKcDR3eXlpOG01Nzgtck9aOHhSV0txUHduYldjZlduVlhwNVVaR1VoQ0NzUWVZbVZiQ1M5YzF3aU1jN3hB?oc=5,RKLB,2026-10-01T12:30:52+00:00,rklb stock pops 9 after hours on 266m air force win retail sees a space sector catalyst stocktwits,rklb stock pops 9 after hours on 266m air force win retail sees a space sector catalyst stocktwits,1,0.0849056603773585,discovery_news,official,passed_basic_checks,3650,2026-10-01T12:30:52+0000,2036-09-28T12:30:52+0000,True,True
太空,太空,3 Space Stocks to Buy in October - The Motley Fool,The Motley Fool,2026-09-30 15:47:00+00:00,未分類,https://news.google.com/rss/articles/CBMigAFBVV95cUxObWJVUHNBT1ZqdGlIcHljSUFhRzExYkVPcVQ4QkQ1WXFrRkxaOUZ2eXpmQjZIQktrVmNSM0htM1hNNHY3ZUQyZlBsdGViZGR4ZVUzcC1MclZpelJIMUR3SGxRUGRwSWFjS28wQl9qcEVjc1lWZERuY2U0S3poX1BiZw?oc=5,,2026-10-01T12:30:52+00:00,3 space stocks to buy in october the motley fool,3 space stocks to buy in october the motley fool,1,0.025714285714285717,discovery_news,official,passed_basic_checks,3650,2026-10-01T12:30:52+0000,2036-09-28T12:30:52+0000,True,True
太空,太空,3 Space Stocks With Market Caps Up To $330 Billion - Simply Wall Street,Simply Wall Street,2026-09-30 12:38:46+00:00,未分類,https://news.google.com/rss/articles/CBMiwwFBVV95cUxPcXhKRlJ1Y1Y1UEVadnRKTnZBRXZOMTUyWlYtc3FtWnViTzZEOW0tZW91WDNxdUtva2JWOVlfbXVqRXdBREhwY3c2MTlSRWZrU1JLMjF3WWNRcVgxeHByeHN5VGNUbTd4TmJxbTFJeHhSLTR3aUdHcG9UMElsd0trQUZkajlWYm5kQWZGSkdIMnlCbm0yWThjblZiOHBUSmxnYTRxbDZIYzE3aUJQQmdYM2tXcDlUOWtSLXdsbzhIb0syX2vSAcgBQVVfeXFMTTJzTjFfS1JxX0hZMVAxbEQtVGVSem40Z0VHVG9ITDIzWUdyRXlsbEdvRTNyM3VieFRiVHJjcTJ2UUhDMGNjSlBDVjlfZ0FwMGhXV1lnM3Y4enU4V2c0Mlo0Q1RCMExtZHAwZ2MxOFRjRUhQYmZEMlJVSGt4Zm1zN0FlWW03N1dWbmppZWU5VHBBYzJpS3VoYUROUl9KTTFrMHl4Z0kzUk5vU0h3YnU2WjU0TUJnV2pLbWtqNjVSRmJwWnV2cE1xanc?oc=5,,2026-10-01T12:30:52+00:00,3 space stocks with market caps up to 330 billion simply wall street,3 space stocks with market caps up to 330 billion simply wall street,1,0.036217303822937634,discovery_news,official,passed_basic_checks,3650,2026-10-01T12:30:52+0000,2036-09-28T12:30:52+0000,True,True
AI/資料中心,AI/資料中心,These 7 Stocks Are Analyst Favorites For Magnificent Earnings Growth; Amazon In New Base - Investor's Business Daily,Investor's Business Daily,2026-09-30 12:15:00+00:00,AI/晶片；財報/財測；分析師,https://news.google.com/rss/articles/CBMikgFBVV95cUxQd2FkMG42Rmh3aXFzM0xLX2hESGVCcnR6NW1MWjhiaFZjNGtST2pXOGY4dzVnUzFnQy13dHY5OGh0QzlnRjlxcmZrbEhEcGFtc00xWjY3S2g2NGZzTllfMzNMaGdWTmNfUEgyTEVRekF6aWZNLTRUOGNzcTRQVjdBb2M1c0Fia21VUTM1QWw2UXRodw?oc=5,,2026-10-01T12:30:52+00:00,these 7 stocks are analyst favorites for magnificent earnings growth amazon in new base investor s business daily,these 7 stocks are analyst favorites for magnificent earnings growth amazon in new base investor s business daily,1,0.0332512315270936,discovery_news,official,passed_basic_checks,3650,2026-10-01T12:30:52+0000,2036-09-28T12:30:52+0000,True,True
消費復甦,消費復甦,China Retail Stocks Tied To Consumer Spending Recovery სც - Simply Wall Street,Simply Wall Street,2026-09-29 19:58:42+00:00,AI/晶片,https://news.google.com/rss/articles/CBMi4gFBVV95cUxNU3BRTklxNXBzbWVMUHk5cTVSbFlLSFljRTA0OERSaEtKRVNYV2p2dy1jbk1fMG5yNWFyUnV2QnNQaFB2UV83Q1BPMTdGR2tBZ3VsejFDU0ZUZjJTUUMxb3dSVkdzbW9laGxOclFPQW44aWN1X2tvbTBlQ2ZGcWZkOGVWaFJhYzY0VHpGVWtYb01WalgyT2NIME8weENUMDB4amZPR1ZYQXRYVUdieDZROFVVUDBEcERMODhfOGNSYlRvZ0hzRzJLeEN5TmhFb1h3Qk8ySndkMGpmWXlqMkk2MnJ30gHiAUFVX3lxTE1TcFFOSXE1cHNtZUxQeTlxNVJsWUtIWWNFMDQ4RFJoS0pFU1hXanZ3LWNuTV8wbnI1YXJSdXZCc1BoUHZRXzdDUE8xN0ZHa0FndWx6MUNTRlRmMlNRQzFvd1JWR3Ntb2VobE5yUU9BbjhpY3Vfa29tMGVDZkZxZmQ4ZVZoUmFjNjRUekZVa1hvTVZqWDJPY0gwTzB4Q1QwMHhqZk9HVlhBdFhVR2J4NlE4VVVQMERwREw4OF84Y1JiVG9nSHNHMkt4Q3lOaEVvWHdCTzJKd2QwamZZeWoySTYycnc?oc=5,,2026-10-01T12:30:52+00:00,china retail stocks tied to consumer spending recovery simply wall street,china retail stocks tied to consumer spending recovery simply wall street,1,0.016483516483516484,discovery_news,official,passed_basic_checks,3650,2026-10-01T12:30:52+0000,2036-09-28T12:30:52+0000,True,True
太空,太空,Data Vs. Infrastructure: The Difficult Space Race Choice Between Planet Labs and Rocket Lab - 24/7 Wall St.,24/7 Wall St.,2026-09-29 15:56:00+00:00,未分類,https://news.google.com/rss/articles/CBMizgFBVV95cUxNbDREckdMZnBDOGpsbEZaaFZMZWlqS09aOEdyc2xiOVZ5cS1QTFVKMFFOTWc5bU15bVlqSjVoemwzNUMzYWdPQ0xMTl9oWnVZdEFodVhkbXBJWWNrMnA5NUh6aVI2b3hCbWNjckFlSWdZNEtsSmVGdEVhWHdxWEVjZVZ0OGpQU01pZ1kyVXlVaE54WWVhdEYtWVppenhvMFVuRGp5YlJxV2pIRmZqRi00dnNoXzR5Z1dwNW9BVkgwaGt5enZ6bVdtWC0xVjRtdw?oc=5,,2026-10-01T12:30:52+00:00,data vs infrastructure the difficult space race choice between planet labs and rocket lab 24 7 wall st,data vs infrastructure the difficult space race choice between planet labs and rocket lab 24 7 wall st,1,0.06008010680907877,discovery_news,official,passed_basic_checks,3650,2026-10-01T12:30:52+0000,2036-09-28T12:30:52+0000,True,True
國際貿易,國際貿易,U.S. Grain Markets Turn Mixed as Soybeans Recover From Tariff-Driven Sell-Off - AgroLatam,AgroLatam,2026-09-29 15:53:49+00:00,AI/晶片；大盤風險；國際/貿易,https://news.google.com/rss/articles/CBMikgFBVV95cUxNMzlzYTg4Z1I3MFB0bTl4WFZJVDFucjFoUzVxQlJyemM3QW5SLUZ0a0RjQkQ2OG9BaU1VZEJqTk1EbWJrZDh5LW5NZEd0R1NmUGFhYlVROWZsdjdnMHpfNW82a1BEZ1J3dmdKSTR4dE5JRER3U0NoUmxGSHc0Z19BdlFLeE1LNmJaaHVGR1kteHhYQQ?oc=5,,2026-10-01T12:30:52+00:00,u s grain markets turn mixed as soybeans recover from tariff driven sell off agrolatam,u s grain markets turn mixed as soybeans recover from tariff driven sell off agrolatam,1,0.07223113964686999,discovery_news,official,passed_basic_checks,3650,2026-10-01T12:30:52+0000,2036-09-28T12:30:52+0000,True,True
AI/資料中心,AI/資料中心,"AMD: Path To $1,000 (Rating Upgrade) (NASDAQ:AMD) - Seeking Alpha",Seeking Alpha,2026-09-29 15:30:39+00:00,分析師,https://news.google.com/rss/articles/CBMifEFVX3lxTE1pNWlzc203VE5ON0gyMnYtVzdCbGg1RzBxc3Q3SDVka3dNSFItdjR6cnRMQU5RS29fOUdsLVRhMlJ5czdDS0I4UnBjSzZLVHhzTnpBNjZjVU11YmRueDZRS3dGNHN3MWltNFJNQU1KaUYtbUVZd0lOQWViQUc?oc=5,AMD,2026-10-01T12:30:52+00:00,amd path to 1 000 rating upgrade nasdaq amd seeking alpha,amd path to 1 000 rating upgrade nasdaq amd seeking alpha,1,0.17802197802197806,discovery_news,official,passed_basic_checks,3650,2026-10-01T12:30:52+0000,2036-09-28T12:30:52+0000,True,True
國際貿易,國際貿易,Citrini's tariff-relief winner stocks (and one squeeze) - Seeking Alpha,Seeking Alpha,2026-09-29 13:42:02+00:00,大盤風險；國際/貿易,https://news.google.com/rss/articles/CBMilAFBVV95cUxOYjJsRE9heFFrZlhpQVZoaHowQ28xVUVvaXdDMXNpYUF0MERtVGNFQWhNOFFHdTJmQ0J5ZDVEQmdMbUlHc19weFY3MkczLXRXZFdfanJuby13Tks0LUZTZE5iX0FIZzR1RklJcFUzcWI4OVZsNEtKZGJycDRzaXpPT1dQdjJJR1NnWVF3Y2NjUHU0cW9N?oc=5,,2026-10-01T12:30:52+00:00,citrini s tariff relief winner stocks and one squeeze seeking alpha,citrini s tariff relief winner stocks and one squeeze seeking alpha,1,0.09054325955734407,discovery_news,official,passed_basic_checks,3650,2026-10-01T12:30:52+0000,2036-09-28T12:30:52+0000,True,True
消費復甦,消費復甦,NIKE to Post Q1 Earnings: Should You Buy the Stock Before the Release? - TradingView,TradingView,2026-09-29 13:25:00+00:00,財報/財測,https://news.google.com/rss/articles/CBMiwAFBVV95cUxQaWJxUUdEN2x3SzdFc0dDY3h1SXpqRWNZMF9wZVJCVzMta3NCcE5lQzFlZDhGcFVLbEQ1blluaWVlWDVQbHk5SHM4c3ZMZ3YzbmJVNmdLNVBodnNJWHk2TUFRUno4a1JTQVZuMHdJQ0tHckFxVkxnMFg5U2w0RDVTQl9felJEckdqUWpIUUlTeW9lUVhrXzg0NkF4cEdScldHd2N4eG4xVjdxMTVDa1p0ajhjZTdTTlFSZGotLXctQnc?oc=5,NIKE,2026-10-01T12:30:52+00:00,nike to post q1 earnings should you buy the stock before the release tradingview,nike to post q1 earnings should you buy the stock before the release tradingview,1,0.04591836734693878,discovery_news,official,passed_basic_checks,3650,2026-10-01T12:30:52+0000,2036-09-28T12:30:52+0000,True,True
能源/材料,能源/材料,TAIEX retreats as investors rotate between sectors - Taiwan News,Taiwan News,2026-09-29 12:34:00+00:00,AI/晶片,https://news.google.com/rss/articles/CBMiWEFVX3lxTE9XR1hOTE1EbU5DRUhtRmFtZWhqRzdiYkZLWkZCVEFsNUk1TEJYSWJGWlR1NlMtVlJzOFpNc1RDOHFDTjFEMy1mWkRqZEdXNWI3Qnk5bEdWMFc?oc=5,,2026-10-01T12:30:52+00:00,taiex retreats as investors rotate between sectors taiwan news,taiex retreats as investors rotate between sectors taiwan news,1,0.020089285714285716,discovery_news,official,passed_basic_checks,3650,2026-10-01T12:30:52+0000,2036-09-28T12:30:52+0000,True,True
能源/材料,能源/材料,"Amid PlayStation 5 Pro Shortages, Sony Implements Lottery System Based on Playtime - techpowerup.com",techpowerup.com,2026-09-29 09:12:05+00:00,未分類,https://news.google.com/rss/articles/CBMitwFBVV95cUxNa3NiMEFoVVdsdW1jUUNHWXVKR0pXdXJKZlByMko4dC01eEFweVFoU19WUHhBYTB1RVFkM2NHSWFodHpxWWxvdTB2dGU3LUNVdGlyQmRleTBLd0ZQQW5yYVpGeWlWZzFWTkRtX1I2VHlsU2dTSlpnbkRhVFFMYldNQ3dsaF9hZlNwZktSandodWxhcHA3clRYQUlqRHVoZERkWEtycERORDl5NDVGR2MwU2hTOTNnbjTSAbwBQVVfeXFMT2xweDJWS0tKRm1ScVRTUEpqUF91cVBvSVExQ1otN29uSXFRNkpiek5OYlR1eGdadHJMOENNUTZWNkV1RlNyRHR2MUIydnBsa3ByRG1JLXlUbFFJWm40aG9rMXBVOXNveXNaRGdyMGFWNWVXTzhVM2tWTGVkNl9qOUlwQk1ldVZWNUlRa2RxXzFLRHVHSU1aS1R6bVBXQzVfeWNBTTQta19kNm5jV082R2dqTzI0WmVTRG9MT08?oc=5,,2026-10-01T12:30:52+00:00,amid playstation 5 pro shortages sony implements lottery system based on playtime techpowerup com,amid playstation 5 pro shortages sony implements lottery system based on playtime techpowerup com,1,0.038571428571428576,discovery_news,official,passed_basic_checks,3650,2026-10-01T12:30:52+0000,2036-09-28T12:30:52+0000,True,True
能源/材料,能源/材料,Why Predictions Of A 2026 Food Shortage Puts The Spotlight On Fertilizer - Simply Wall Street,Simply Wall Street,2026-09-29 07:44:27+00:00,未分類,https://news.google.com/rss/articles/CBMi1gFBVV95cUxNd1c0dEVmWEpOeHdzV3lVZEtVU29OMzE2OTdqSzlLaWtScW5PU2hYWmZUOC15Yl9jNDRiS3g2dU5aQjI3SGJleG0xUXBaZzNtRkhZa21iVlZHLUdyRDNSUzExdlNoN3VDYW1NN0Q2RVByUmF4Vlc0QUtveEwzUkZtdm1hU2xpaE5Ob2VLeDMtWVI1ZmlBYkZWcWlyc3ROU1VQWktHYVl1YXhLck4yYXU4OVR2Y1RuczM0M0YyNjQyc0pqaEhsMFJpWGpIRFNGLUJWNlBvUDhR0gHbAUFVX3lxTE5VUHpHaUZxUUFveDZReV9VMTc5T2x1TjE1WWR4Ny1EZlZsZ2pMNGVPcHdFVWprZDZib25VNVhVVF9zZnNoM19GU2Jpdlo1b21GU0ZEQzZ3MUd2eTZHTnFkM2RWRWVpZUUzb3kyRGJsT1FWdEtiV0VNWWRFeXljN0MweGJnazJJNmEwemVGcWU5T1Y2M0ZxOUFUYVA4N3Ywa0xfQTVjX1ZONS04QTljNTE0MUhiNXhyU2RFbU0xOVJGZV9HRVVROXQ3bklwVk5OZGNaenNBbzRNbm1TUQ?oc=5,,2026-10-01T12:30:52+00:00,why predictions of a 2026 food shortage puts the spotlight on fertilizer simply wall street,why predictions of a 2026 food shortage puts the spotlight on fertilizer simply wall street,1,0.01382488479262673,discovery_news,official,passed_basic_checks,3650,2026-10-01T12:30:52+0000,2036-09-28T12:30:52+0000,True,True
國際貿易,國際貿易,Tracking Trump’s Tariffs Across the Global Economy - Bloomberg.com,Bloomberg.com,2026-09-29 07:00:00+00:00,大盤風險；國際/貿易,https://news.google.com/rss/articles/CBMiaEFVX3lxTE44cWRvMnZYODk0SmduSElrclpzbDRtOF80VHhJRGpiWDJHTGJxNXM4TjEteEhqWGhGaGFPd3ZXWGE0cnFHQzBLdVhha2J3UXZWZkRwUENCMkduUENkb2w3WWd5VzZmLU14?oc=5,,2026-10-01T12:30:52+00:00,tracking trump s tariffs across the global economy bloomberg com,tracking trump s tariffs across the global economy bloomberg com,1,0.05844155844155845,discovery_news,official,passed_basic_checks,3650,2026-10-01T12:30:52+0000,2036-09-28T12:30:52+0000,True,True
國際貿易,國際貿易,"What Is a Trade War? History, Tariffs, & Impact - Britannica",Britannica,2026-09-29 07:00:00+00:00,大盤風險；國際/戰爭；國際/貿易,https://news.google.com/rss/articles/CBMiX0FVX3lxTFBOQm1yN1o4dXBKdWVGdE1IeG9xN3NTaUdJQUFDOXR3NDZlZmVhYTVhSjdPMFllWHA5SXduczlPMTNoU3FmNEIybl80SEZjYnBPYVpZeHFQekFaVVAtNG9N?oc=5,,2026-10-01T12:30:52+00:00,what is a trade war history tariffs impact britannica,what is a trade war history tariffs impact britannica,1,0.10714285714285715,discovery_news,official,passed_basic_checks,3650,2026-10-01T12:30:52+0000,2036-09-28T12:30:52+0000,True,True
消費復甦,消費復甦,Stock Market Under the Trump Administration: What is Driving Markets in 2026? - U.S. Bank,U.S. Bank,2026-09-29 07:00:00+00:00,未分類,https://news.google.com/rss/articles/CBMingFBVV95cUxPcUowVHR1VXAzd0Zfamw1MkVSejFsRGo1bkdGdHhjNVBZVFdwU3VpcE5neGJOeWl6RmdQVkFsYlcxNEVTRGg3WHNYSGR1d1BpTjV4T2NqdWdER3ZtQ0RVbU40WTcyRXRaTEM5bFZteVlYNE5EYkM1M1BaR0lYTGlUeFlTeDhVMzRaWFFqZEZhcGc3RFJoZy1qZy1mTGViQQ?oc=5,,2026-10-01T12:30:52+00:00,stock market under the trump administration what is driving markets in 2026 u s bank,stock market under the trump administration what is driving markets in 2026 u s bank,1,0.07223113964686999,discovery_news,official,passed_basic_checks,3650,2026-10-01T12:30:52+0000,2036-09-28T12:30:52+0000,True,True
消費復甦,消費復甦,"Victoria's Secret climbs 6%, as recovery continues from post-earnings drop (VSXY:NYSE) - Seeking Alpha",Seeking Alpha,2026-09-28 21:05:39+00:00,財報/財測,https://news.google.com/rss/articles/CBMirgFBVV95cUxPS0M3OXN0SF91enRZcHpaTVBZZzNKTDhzOGdMQ3U0NXlDOGxNcm05WDNtb0ExOFdUaTQ1NUJGYTY1SDhsY2VESGxaZ1BaQTc4MUxweVFOQWpVeElycFB1bVlIbzM3MmY1UzFmdng1bjZ4LUJ6VE54WUhTYU1Sa3JnY2JsVGhwUDNCNzBWWkVCbzRoOEVHbk41WmxfeW1NSDBPQUc5cWJxdlk5cHlBRkE?oc=5,VSXY,2026-10-01T12:30:52+00:00,victoria s secret climbs 6 as recovery continues from post earnings drop vsxy nyse seeking alpha,victoria s secret climbs 6 as recovery continues from post earnings drop vsxy nyse seeking alpha,1,0.10084033613445378,discovery_news,official,passed_basic_checks,3650,2026-10-01T12:30:52+0000,2036-09-28T12:30:52+0000,True,True
消費復甦,消費復甦,China’s Consumer Shares Face Lost Decade On AI - The Dark Side Of The Boom,The Dark Side Of The Boom,2026-09-28 11:32:11+00:00,AI/晶片,https://news.google.com/rss/articles/CBMiggFBVV95cUxQSHJ6Q05BbXR3SWpGak1aQ0daQTQxZWtFN19QRGV4LVRVMm1faDM2TklVZ0pSUTNaMUdXQjdpR2tMZmZLb3E5YWRsb0h5UlIyaG5RQXZIMV91TjY1SU5DM05BNVhDSDNaWGtmVGpuSXFOT1ROWnlMTGJEUVMtNjdEMDl3?oc=5,,2026-10-01T12:30:52+00:00,china s consumer shares face lost decade on ai the dark side of the boom,china s consumer shares face lost decade on ai the dark side of the boom,1,0.034749034749034756,discovery_news,official,passed_basic_checks,3650,2026-10-01T12:30:52+0000,2036-09-28T12:30:52+0000,True,True
能源/材料,能源/材料,"No coal shortage now, supply to power plants being increased: Coal Minister - BusinessLine",BusinessLine,2026-09-28 09:14:20+00:00,未分類,https://news.google.com/rss/articles/CBMijgJBVV95cUxPSHVpTHY0Mi1VWXNQQW5aYmIwOUh3UG9fZ054bzhtNUJOeWNrN1pRX3RycVBKOXAzTkhOcnBJUFhsWXdxMUlsckY4aGNBeEJnbmRINXhDSEFzdnpiVmNacEpxZU9pUjU2eWRpWU95RVRnRGV0bzI2UTZkeU03QnFSWnVnazhZdURENkN3OFBVZGt0U203QW1jRzFGanp0T0FhSl9jTUlCTFRBRWoxN0FONkNZWHY3RW9DeExXTVRWcHUzY2Rrel9jMV9SbHNYMnk1cVB0TmNUZDUzdU5BS0lYUlo3cDIyUTNWMFlwMkVuMF83MGxMYWdtaS1GUjN1d0lOTXQwTmEzV291STNRS3fSAZQCQVVfeXFMT29KYjVELWVyTEtWZVNfX0FBUWtZM0JTLXBSRUJtam1ZVDFFN0xUUm5jTHdyOXNlUlRRS2NXNHNWN3lXOVp6ZUVnM0pvdkFLUXFISFVjeWhQUy1BRHU2c3VDOF9lNWxDTW1wWjBtSmFrbnlrbnBLWDFrX3FwbXpYeVdpVmViMG50RXFLbHNwUWQ4UHhUdTI2ZF9DTERpemtTTVpMYUpZV1lna2tTVkV3LWRndTVOanNMclNsc3g1aEZzalU4a0hOb2dlc2ZvS3lTWFk0eHNQU2djdVlVako2QTZ3YVJYUGVwTXZYenNsdWxmTmN4SHdjelJjNEVPNk8wYnRWRmFBQ3hGcUpkU2ZtQlpUSkwx?oc=5,,2026-10-01T12:30:52+00:00,no coal shortage now supply to power plants being increased coal minister businessline,no coal shortage now supply to power plants being increased coal minister businessline,1,0.042857142857142864,discovery_news,official,passed_basic_checks,3650,2026-10-01T12:30:52+0000,2036-09-28T12:30:52+0000,True,True
AI/資料中心,AI/資料中心,3 AI Infrastructure Stocks For Private Data Center Growth - Simply Wall Street,Simply Wall Street,2026-09-28 07:49:23+00:00,AI/晶片,https://news.google.com/rss/articles/CBMiuwFBVV95cUxORXZzZFBtc0JwRU9JMjUyOHhvRjdoRlByOHpFNVVKR2FSR2lKY29yelA4QWxQVWJ1dEpqX3h0STk1MUkydkV1TkdJc2lxYjVZSG5HMjVhRVN1SDAtNE5haHJoc2hyYW9WSGJhQk92bEZuMXdTRzdZMURfanpGNS1rTXBMN2IyTFZHOUlwa0ZUQzg3S2VYdEVwQ2lzNVp3dG42VUFBWHVJU3o2T21rTTVoRlRJX1VTWDZ3WmJv0gHAAUFVX3lxTE1CbzU5UEdfd0pFTzRiSHp0dDZrZXduRTFNaS00Q2pVdG0xUEUtTTBvQWx1RlE3VjNGR3hxdVdFVEhNSGgzYkI2QXJVenh0OFBTRGI0eWxTT0QwSWNBbHdxTFhkem13NWs3Ym9kSzdkRGFJVjB6RjkwdEI1LXJJdndkaEFjZV8zc1hoS3BPaFVzUm1fc0NkdWpPMTRSNFFFUjNVVTRIU0x6QmRrQ3lIbW55MEZkMFJkLVNWNTBvVEhqRw?oc=5,,2026-10-01T12:30:52+00:00,3 ai infrastructure stocks for private data center growth simply wall street,3 ai infrastructure stocks for private data center growth simply wall street,1,0.016483516483516484,discovery_news,official,passed_basic_checks,3650,2026-10-01T12:30:52+0000,2036-09-28T12:30:52+0000,True,True
國際貿易,國際貿易,What’s happening this week in economics? - Deloitte,Deloitte,2026-09-28 07:00:00+00:00,未分類,https://news.google.com/rss/articles/CBMingFBVV95cUxNcV9VYnV0R0RPcWN0d2g1SHJIVlNmaVA1TV9nXzRKdVlFcWtSMjQ1T1B0djE4dDNRanZvSVFGX0ZBNUd6cnZkVnAtenFuMnFzdU9zYzg5cFdkTVRxU1F5YVVXVFhVWGdhd2RsTDBkNS1Xcm9ub1FnMFp5NnB3WVBYa3JJa1FVbG5IT0ZRRHphTUhtNThkenVJS1ZrdWNDdw?oc=5,,2026-10-01T12:30:52+00:00,what s happening this week in economics deloitte,what s happening this week in economics deloitte,1,0.07563025210084034,discovery_news,official,passed_basic_checks,3650,2026-10-01T12:30:52+0000,2036-09-28T12:30:52+0000,True,True
能源/材料,能源/材料,Managing Asymmetric Supply Vulnerability: Bilateral Bargaining and Strategic Stockpiling in Sino-American Economic Relations - debuglies.com,debuglies.com,2026-09-26 12:21:06+00:00,AI/晶片,https://news.google.com/rss/articles/CBMi7gFBVV95cUxQd0stNnA1OUJ5RmZBc2hXc2s0ODdPdTgyQmhmMmlWdl9WdDNOcjhsbU9ldDRnLXBQQWVsRTlMdnoyb3VfczBKc3EyT1F3SlVzSWZjd2NZRFRaaFdNazJDamx0TVdDS0trRTRxbTQwaFExS1k1eWdRS19BMkZta3hDMnBWWjh4QUtkT25WZGNtUVZ0RlpVMHM0OVdaZmdTTk9ZaXVEOTlFM0tKWGV5MmE0UXM1LVhORlZod2tYM1BJMF83UlI3bmpqV0hLTlllaFVrUXFHaHJVSDMxaFNfS3FXaWxpemV2el9wUURxMjBn?oc=5,,2026-10-01T12:30:52+00:00,managing asymmetric supply vulnerability bilateral bargaining and strategic stockpiling in sino american economic relations debuglies com,managing asymmetric supply vulnerability bilateral bargaining and strategic stockpiling in sino american economic relations debuglies com,1,0.036734693877551024,discovery_news,official,passed_basic_checks,3650,2026-10-01T12:30:52+0000,2036-09-28T12:30:52+0000,True,True
AI/資料中心,AI/資料中心,2 Data Center Stocks That Could Help Make You a Fortune - The Motley Fool,The Motley Fool,2026-09-26 11:15:00+00:00,AI/晶片,https://news.google.com/rss/articles/CBMiggFBVV95cUxQQ0R1djNCdGUzT25LTnpzcWdxaXpEdmp3TjJ2VFpPSWhIUHRndGF4VkxUSGRCZG9oMkRfMTVJVU1UcmtHOGx1QXJkbjhpS3BGQWRkNmwwalhaM1dBQVU4OUVfb0NQcUQwREdtRDZVQnpkQU10azF3ZjhmRlZQeF9JWGdB?oc=5,,2026-10-01T12:30:52+00:00,2 data center stocks that could help make you a fortune the motley fool,2 data center stocks that could help make you a fortune the motley fool,1,0.01761252446183953,discovery_news,official,passed_basic_checks,3650,2026-10-01T12:30:52+0000,2036-09-28T12:30:52+0000,True,True
AI/資料中心,AI/資料中心,2 Data Center Stocks That Could Help Make You a Fortune - Yahoo Finance,Yahoo Finance,2026-09-26 10:35:00+00:00,AI/晶片,https://news.google.com/rss/articles/CBMikAFBVV95cUxPcGNyRzNrdURmZWk5bUxCR0VGNHRIM0lyc3dkMGdpVW05M3J1OW5LNjY2QkV2RVBWcDBmOUJoT251YkQxcGNDVlBSTThDUlJZMzB5TUFEQmxYVHU5QkJHVHRtdTFxNGd5eHVFM1l0WGpJbXZoWTIybFpfMkRRLVctdXVtbjYtVzlISVV6V09JMGk?oc=5,,2026-10-01T12:30:52+00:00,2 data center stocks that could help make you a fortune yahoo finance,2 data center stocks that could help make you a fortune yahoo finance,1,0.018108651911468817,discovery_news,official,passed_basic_checks,3650,2026-10-01T12:30:52+0000,2036-09-28T12:30:52+0000,True,True
AI/資料中心,AI/資料中心,2 Data Center Stocks That Could Help Make You a Fortune - The Globe and Mail,The Globe and Mail,2026-09-26 10:35:00+00:00,AI/晶片,https://news.google.com/rss/articles/CBMi1gFBVV95cUxOeHVveXZDUEdEQWxUcHVDOW0zbTd0MFhBelp3elZ4VHZ3US16YXR2bWU3Z3BrbzExY1hac1ZuVENIamxrODVYRjIzVHBMQWJoU2dRZU1VQ1NjaEhUQVNna1lxMi1YaUI1M2RYWXdHUUl2VHUtMVZkUHlXTWluQ2dsaVQ4Yk9IYko2ZllaUzJhc1BURXVrMkpvX1FTcEtOck5PdGFJMjhxVG9ZTEIzaHJHczZVaU5VWVFJcXRvazJRTldkRnNkSHFLV21BMmNZOXJETTJZaU1B?oc=5,,2026-10-01T12:30:52+00:00,2 data center stocks that could help make you a fortune the globe and mail,2 data center stocks that could help make you a fortune the globe and mail,1,0.016917293233082706,discovery_news,official,passed_basic_checks,3650,2026-10-01T12:30:52+0000,2036-09-28T12:30:52+0000,True,True
國際貿易,國際貿易,"China, U.S. agree to $30 billion tariff cut, launch AI dialogue - Yahoo Finance",Yahoo Finance,2026-09-26 10:07:25+00:00,AI/晶片；大盤風險；國際/貿易,https://news.google.com/rss/articles/CBMikwFBVV95cUxPQllzMVM5cUYyQXNUSGhsSXM2Q0Z3Tk9KMGpZV3JRd3VGQXhsdWdsUEQtSV9GaWtyUkgzWVN0UEVwUkZpOUZBN0JJTVgyOTVoWGhGTFNuamNfX255Q2xxaFNxQlhNWGFvWWFNb19VNktxbV83S214N1lxN1hrbzQ1azNjSC1yZnJZZ3VLWmRUOVI2RXM?oc=5,,2026-10-01T12:30:52+00:00,china u s agree to 30 billion tariff cut launch ai dialogue yahoo finance,china u s agree to 30 billion tariff cut launch ai dialogue yahoo finance,1,0.0976491862567812,discovery_news,official,passed_basic_checks,3650,2026-10-01T12:30:52+0000,2036-09-28T12:30:52+0000,True,True
國際貿易,國際貿易,"USTR signals progress in China talks, unveils tariff carve-outs on 28th - CHOSUNBIZ - Chosunbiz",Chosunbiz,2026-09-25 13:57:00+00:00,大盤風險；國際/貿易,https://news.google.com/rss/articles/CBMiiAFBVV95cUxNX21UcWI3NXZWbXpUbWhTNGQ5X0ZvWU5KRjlZTXVXSHpkdXBFdFNCY1FRY0ZyaVEwZTY4QXBwYWNKWWFSWmFvWG42MUIxekhEMVZSd2dtYjBqaXRXLWlQMlpaN2JXQWE4V1NMY1o1Uk1LOVRTMFI5ck1hUENEN1ZTZkdMUmJud1I00gGcAUFVX3lxTE5heW00NEVvNTNIUkZJWjZsQkZtaWo4UERITElTUDFTLUE3LUUzUlZiX0FOQTUyeGhOa1ZESUt0ZzN6WXppZlVRZ29zRnd0bTc1QWtGUWdaSkgwZE5mOUVFcFN0QVptLXdWenJWaW9vQlJHVEtfRkxIY0VFbHJ1N3ItcUJyYmcwVENOa2ZBMDh4OGg2Z0kzdWFhclBKcA?oc=5,,2026-10-01T12:30:52+00:00,ustr signals progress in china talks unveils tariff carve outs on 28th chosunbiz chosunbiz,ustr signals progress in china talks unveils tariff carve outs on 28th chosunbiz chosunbiz,1,0.05413533834586467,discovery_news,official,passed_basic_checks,3650,2026-10-01T12:30:52+0000,2036-09-28T12:30:52+0000,True,True
太空,太空,3 Space Stocks to Watch as SpaceX Reshapes the Launch Market - MarketBeat,MarketBeat,2026-09-25 12:07:24+00:00,未分類,https://news.google.com/rss/articles/CBMingFBVV95cUxNVXp6ZDExQjhua1Fjbmk4Zy04Ry1pUm1ReUJHdXVURVRGUXhrdk1EYTIxc1lzVXFYNEpOUUExakloM2ZmRDJna3laVDl6YUwtVnN0dlhTMzhCMXJyWnRhOHVJX3k1aGd5VFdrM291Sy03U0xYamVMM19RR2YxVnFpSlduN2dYa01ITWsxbDBBVVp1Z2dRXzlndFNuSk1KUQ?oc=5,,2026-10-01T12:30:52+00:00,3 space stocks to watch as spacex reshapes the launch market marketbeat,3 space stocks to watch as spacex reshapes the launch market marketbeat,1,0.01761252446183953,discovery_news,official,passed_basic_checks,3650,2026-10-01T12:30:52+0000,2036-09-28T12:30:52+0000,True,True
太空,太空,3 Space Stocks to Watch as SpaceX Reshapes the Launch Market - Yahoo Finance,Yahoo Finance,2026-09-25 12:05:00+00:00,未分類,https://news.google.com/rss/articles/CBMilwFBVV95cUxNcHlEWTFMZTN5aV9vSW5CWlF0eHNENUd6NG1HNHl2S3ZWTEFKMERtaVgtVWJtNDg3bkQzUUY2ZGlTV1ZneXpGQ0tCNVdlX1ZsQzVhNlpqaXBVbUloUGJweTAzZzNEUDVtWW1XcklUN0hrZ1BrOENYaVpNZnF2V3dIek9MbFJBLWNBQVFmUFNMdzZLS21FWUFz?oc=5,,2026-10-01T12:30:52+00:00,3 space stocks to watch as spacex reshapes the launch market yahoo finance,3 space stocks to watch as spacex reshapes the launch market yahoo finance,1,0.016917293233082706,discovery_news,official,passed_basic_checks,3650,2026-10-01T12:30:52+0000,2036-09-28T12:30:52+0000,True,True
太空,太空,Rocket Lab's 20 launches are scheduled to carry satellites that image Earth in any weather. - stocktitan.net,stocktitan.net,2026-09-25 07:00:00+00:00,未分類,https://news.google.com/rss/articles/CBMivgFBVV95cUxQbUo2bl9DeXR4WWw1UU9idE05dHkzQS1yZUJEYjhSTXhyUkNWWjJORkZBVDI5TzBQWjBrYkhhbGNaTkR4ckVFUkJ6S0FNWXIyaVlZMjJRVG00VkRtV0YzZjdhWHM4UFNybVQ5U0dfRFZfeDdKZXZ6Y2NWanVFLU9Kekc4VjhyZW9wTUtrMEFFZVFmQXUtRGx5NXc0QVd4dlF4QWV5SXdpTlRFRkxOajU2YmVRX255M1B1bFpWdjVR?oc=5,,2026-10-01T12:30:52+00:00,rocket lab s 20 launches are scheduled to carry satellites that image earth in any weather stocktitan net,rocket lab s 20 launches are scheduled to carry satellites that image earth in any weather stocktitan net,1,0.047619047619047616,discovery_news,official,passed_basic_checks,3650,2026-10-01T12:30:52+0000,2036-09-28T12:30:52+0000,True,True
消費復甦,消費復甦,Q2 Earnings Roundup: Lucky Strike (NYSE:LUCK) And The Rest Of The Consumer Discretionary - Leisure Facilities Segment - Yahoo Finance,Yahoo Finance,2026-09-24 18:48:58+00:00,財報/財測,https://news.google.com/rss/articles/CBMingFBVV95cUxOaUhRckdPV0JzeUlmVXp4cS1kc0lqN1ZVajhnSXVqN1VFU2FzeGZ0UTU3bFgtNEJqalB0M1lRMEVlQlJFV2V6bTJLY3c4SHpYbDJBMlN5T0sxN1hYRW5xZ2I1VjkwTFhKWTR0T2g2OTNEOHlkb1M5aEk0VExzYmxhaWJfMkc0bGVzaVI2eGhicW5HU2F1SEhFWnVJV1A0dw?oc=5,LUCK,2026-10-01T12:30:52+00:00,q2 earnings roundup lucky strike nyse luck and the rest of the consumer discretionary leisure facilities segment yahoo finance,q2 earnings roundup lucky strike nyse luck and the rest of the consumer discretionary leisure facilities segment yahoo finance,1,0.058002148227712144,discovery_news,official,passed_basic_checks,3650,2026-10-01T12:30:52+0000,2036-09-28T12:30:52+0000,True,True
AI/資料中心,AI/資料中心,These 5 Stocks Are Benefiting From AI Demand Shocks. Here's Why (and How) to Buy Them - Kiplinger,Kiplinger,2026-09-24 16:12:33+00:00,AI/晶片,https://news.google.com/rss/articles/CBMimAFBVV95cUxNckt0LTF5YU90cHQxcGprX0ZwbDZ1RFRzS3dLVDdDTG9RcXdNQkMxSlpDal9oblZrd1ZCN2RwTDFyVE93VmlOc20zaUt5UFR2OW1aSENNdDZHbnZqVkNXRGR6cVY0QlRvWmwwakVhNmhxeWhhZDBtZk1VbXJNUGtWNndvTXh4eGp0Tl9KSGR4VXhfZlA1NEFHYg?oc=5,,2026-10-01T12:30:52+00:00,these 5 stocks are benefiting from ai demand shocks here s why and how to buy them kiplinger,these 5 stocks are benefiting from ai demand shocks here s why and how to buy them kiplinger,1,0.0662739322533137,discovery_news,official,passed_basic_checks,3650,2026-10-01T12:30:52+0000,2036-09-28T12:30:52+0000,True,True
