source_event_id,canonical_event_id,target_entity,relationship,confidence,causal_confidence_score,evidence_count,impact_direction,impact_score,time_horizon,created_at_utc
29260ff12b8c12c3,185115730ce4349a,QQQ,earnings_affects,0.45,0.6405000000000001,4,positive,0.65,20D,2026-10-05T13:48:08+00:00
29260ff12b8c12c3,185115730ce4349a,AI,earnings_affects,0.45,0.6405000000000001,4,positive,0.65,20D,2026-10-05T13:48:08+00:00
0c266843b0f379a7,4a30fcbe28e4fc06,WAR,product_launch_affects,0.45,0.4405,0,neutral,0.5,20D,2026-10-05T13:48:08+00:00
34b890d25737197e,4a7d772739236f59,IGV,product_launch_affects,0.45,0.6405000000000001,4,neutral,0.5,20D,2026-10-05T13:48:08+00:00
876211de114dfa57,11cbf0704a4ae11d,GLOBAL,contract_affects,0.45,0.4405,0,neutral,0.5,20D,2026-10-05T13:48:08+00:00
028a14831f757046,651bb7cf41e04487,CENTRAL_BANKS,macro_policy_affects,0.45,0.5349999999999999,0,neutral,0.5,20D,2026-10-05T13:48:08+00:00
a899838ab33d4b87,39a55d1b01544493,GOOGL,guidance_affects,0.45,0.6405000000000001,4,neutral,0.5,20D,2026-10-05T13:48:08+00:00
a899838ab33d4b87,39a55d1b01544493,FCF,guidance_affects,0.45,0.6405000000000001,4,neutral,0.5,20D,2026-10-05T13:48:08+00:00
e076a9990420d16f,98cf89ab0222aaf5,ENERGY,product_launch_affects,0.45,0.4405,0,neutral,0.5,20D,2026-10-05T13:48:08+00:00
e076a9990420d16f,98cf89ab0222aaf5,CWP,product_launch_affects,0.45,0.4405,0,neutral,0.5,20D,2026-10-05T13:48:08+00:00
e7e33a00ea55492b,245450cd8658120d,AMZN,earnings_affects,0.45,0.6405000000000001,4,positive,0.65,20D,2026-10-05T13:48:08+00:00
e7e33a00ea55492b,245450cd8658120d,AWS,earnings_affects,0.45,0.6405000000000001,4,positive,0.65,20D,2026-10-05T13:48:08+00:00
e7e33a00ea55492b,245450cd8658120d,CEO,earnings_affects,0.45,0.6405000000000001,4,positive,0.65,20D,2026-10-05T13:48:08+00:00
0be0072e1ff6bf84,441a89bca3d890ca,TRADE,supply_chain_affects,0.45,0.4405,0,neutral,0.5,20D,2026-10-05T13:48:08+00:00
0be0072e1ff6bf84,441a89bca3d890ca,US,supply_chain_affects,0.45,0.4405,0,neutral,0.5,20D,2026-10-05T13:48:08+00:00
394b42a78fe20c9a,6b8967609e769560,TSLA,product_launch_affects,0.45,0.6405000000000001,4,neutral,0.5,20D,2026-10-05T13:48:08+00:00
18643817b8194a5c,f94b1203181d8d5f,AAPL,product_launch_affects,0.45,0.6405000000000001,4,neutral,0.5,20D,2026-10-05T13:48:08+00:00
e647bac12e95ccc8,bd8c904a48bb5cc8,GOOGL,guidance_affects,0.45,0.6405000000000001,4,neutral,0.5,20D,2026-10-05T13:48:08+00:00
e647bac12e95ccc8,bd8c904a48bb5cc8,CNN,guidance_affects,0.45,0.6405000000000001,4,neutral,0.5,20D,2026-10-05T13:48:08+00:00
6b24a3bd7b42a0f8,05d6cc68c40f2333,SMH,product_launch_affects,0.45,0.6545000000000001,4,neutral,0.5,20D,2026-10-05T13:48:08+00:00
6b24a3bd7b42a0f8,05d6cc68c40f2333,ETF,product_launch_affects,0.45,0.6545000000000001,4,neutral,0.5,20D,2026-10-05T13:48:08+00:00
e467c05ded45b8d8,67b118c53ea66372,QQQ,product_launch_affects,0.45,0.6545000000000001,4,neutral,0.5,20D,2026-10-05T13:48:08+00:00
394e9235db16d667,68099d5cadeae72b,AMD,product_launch_affects,0.45,0.6405000000000001,4,neutral,0.5,20D,2026-10-05T13:48:08+00:00
394e9235db16d667,68099d5cadeae72b,AI,product_launch_affects,0.45,0.6405000000000001,4,neutral,0.5,20D,2026-10-05T13:48:08+00:00
363dab32dfb6a946,1c92317969dfd160,MSFT,product_launch_affects,0.45,0.6405000000000001,4,neutral,0.5,20D,2026-10-05T13:48:08+00:00
8e92e39f7e68f242,1c92317969dfd160,MSFT,product_launch_affects,0.45,0.6545000000000001,4,neutral,0.5,20D,2026-10-05T13:48:08+00:00
de9af9876edb2bb1,a8791f2ee7c9df81,SOXX,earnings_affects,0.45,0.6405000000000001,4,positive,0.65,20D,2026-10-05T13:48:08+00:00
de9af9876edb2bb1,a8791f2ee7c9df81,ETF,earnings_affects,0.45,0.6405000000000001,4,positive,0.65,20D,2026-10-05T13:48:08+00:00
88ef98fc623146d5,a8791f2ee7c9df81,SOXX,earnings_affects,0.45,0.6405000000000001,4,positive,0.65,20D,2026-10-05T13:48:08+00:00
88ef98fc623146d5,a8791f2ee7c9df81,ETF,earnings_affects,0.45,0.6405000000000001,4,positive,0.65,20D,2026-10-05T13:48:08+00:00
66d8d798c5494fa1,ee14e09a0a3d3c47,XLK,product_launch_affects,0.45,0.6545000000000001,4,neutral,0.5,20D,2026-10-05T13:48:08+00:00
66d8d798c5494fa1,ee14e09a0a3d3c47,SPDR,product_launch_affects,0.45,0.6545000000000001,4,neutral,0.5,20D,2026-10-05T13:48:08+00:00
66d8d798c5494fa1,ee14e09a0a3d3c47,ETF,product_launch_affects,0.45,0.6545000000000001,4,neutral,0.5,20D,2026-10-05T13:48:08+00:00
66e619a9f37f092e,6b8967609e769560,TSLA,product_launch_affects,0.45,0.6545000000000001,4,neutral,0.5,20D,2026-10-05T13:48:08+00:00
2dd0488f55ea1dc0,74e6ac03ba2008e9,MSFT,product_launch_affects,0.45,0.6405000000000001,4,neutral,0.5,20D,2026-10-05T13:48:08+00:00
4dcbe87114830c20,1aee1a90531b37cf,SMH,fund_flow_affects,0.45,0.6405000000000001,8,neutral,0.5,20D,2026-10-05T13:48:08+00:00
4dcbe87114830c20,1aee1a90531b37cf,SOXX,fund_flow_affects,0.45,0.6405000000000001,8,neutral,0.5,20D,2026-10-05T13:48:08+00:00
4dcbe87114830c20,1aee1a90531b37cf,SOXL,fund_flow_affects,0.45,0.6405000000000001,8,neutral,0.5,20D,2026-10-05T13:48:08+00:00
1f14d539db0b8732,9a4590a630f51022,SMH,product_launch_affects,0.45,0.6405000000000001,4,neutral,0.5,20D,2026-10-05T13:48:08+00:00
1f14d539db0b8732,9a4590a630f51022,US,product_launch_affects,0.45,0.6405000000000001,4,neutral,0.5,20D,2026-10-05T13:48:08+00:00
3babab36a81f315b,180b68dc36dded96,TSLA,product_launch_affects,0.45,0.6405000000000001,4,neutral,0.5,20D,2026-10-05T13:48:08+00:00
417ed26c67b44584,180b68dc36dded96,TSLA,product_launch_affects,0.45,0.6825,4,neutral,0.5,20D,2026-10-05T13:48:08+00:00
3618b14a22b47d12,da297c4e3a86628e,GOOGL,product_launch_affects,0.45,0.6825,4,neutral,0.5,20D,2026-10-05T13:48:08+00:00
4e3e4fa11d6ae68b,f582a782938a9a4e,ENERGY,product_launch_affects,0.45,0.4405,0,neutral,0.5,20D,2026-10-05T13:48:08+00:00
37a57d547bf0603f,c75806eb7069fdf9,AAPL,product_launch_affects,0.45,0.6405000000000001,4,neutral,0.5,20D,2026-10-05T13:48:08+00:00
97db0e288c2e0f0f,201d95abdef1e895,NVDA,product_launch_affects,0.45,0.6405000000000001,4,neutral,0.5,20D,2026-10-05T13:48:08+00:00
97db0e288c2e0f0f,201d95abdef1e895,AI,product_launch_affects,0.45,0.6405000000000001,4,neutral,0.5,20D,2026-10-05T13:48:08+00:00
180ff46a2d9a3b2e,f4b8901633fa0e29,XLK,product_launch_affects,0.45,0.6545000000000001,4,neutral,0.5,20D,2026-10-05T13:48:08+00:00
180ff46a2d9a3b2e,f4b8901633fa0e29,SPDR,product_launch_affects,0.45,0.6545000000000001,4,neutral,0.5,20D,2026-10-05T13:48:08+00:00
180ff46a2d9a3b2e,f4b8901633fa0e29,ETF,product_launch_affects,0.45,0.6545000000000001,4,neutral,0.5,20D,2026-10-05T13:48:08+00:00
180ff46a2d9a3b2e,f4b8901633fa0e29,UK,product_launch_affects,0.45,0.6545000000000001,4,neutral,0.5,20D,2026-10-05T13:48:08+00:00
29517e7d4fddbf84,eeac8a80160cbcbd,QQQ,product_launch_affects,0.45,0.6405000000000001,4,neutral,0.5,20D,2026-10-05T13:48:08+00:00
29517e7d4fddbf84,eeac8a80160cbcbd,ETF,product_launch_affects,0.45,0.6405000000000001,4,neutral,0.5,20D,2026-10-05T13:48:08+00:00
e88c129fddd3bfc6,eeac8a80160cbcbd,QQQ,product_launch_affects,0.45,0.6405000000000001,4,neutral,0.5,20D,2026-10-05T13:48:08+00:00
e88c129fddd3bfc6,eeac8a80160cbcbd,ETF,product_launch_affects,0.45,0.6405000000000001,4,neutral,0.5,20D,2026-10-05T13:48:08+00:00
69677bbaa6fb683a,4c6ee165cfa2b3e9,TSLA,product_launch_affects,0.45,0.6825,4,neutral,0.5,20D,2026-10-05T13:48:08+00:00
69677bbaa6fb683a,4c6ee165cfa2b3e9,CNBC,product_launch_affects,0.45,0.6825,4,neutral,0.5,20D,2026-10-05T13:48:08+00:00
fabc9077cf55d442,a9c01fc5392112a6,NVDA,earnings_affects,0.45,0.6405000000000001,4,positive,0.65,20D,2026-10-05T13:48:08+00:00
fabc9077cf55d442,a9c01fc5392112a6,AI,earnings_affects,0.45,0.6405000000000001,4,positive,0.65,20D,2026-10-05T13:48:08+00:00
68f9c02306429ca3,201d95abdef1e895,NVDA,product_launch_affects,0.25,0.5505,4,neutral,0.5,20D,2026-10-05T13:48:08+00:00
68f9c02306429ca3,201d95abdef1e895,AI,product_launch_affects,0.25,0.5505,4,neutral,0.5,20D,2026-10-05T13:48:08+00:00
e3cc2303c0b620e0,c41e6e8c9b6c6e3a,IYW,product_launch_affects,0.45,0.6405000000000001,4,neutral,0.5,20D,2026-10-05T13:48:08+00:00
c32d14b3387dfeb9,656ccd71d72526ce,TSLA,analyst_rating_affects,0.45,0.6405000000000001,4,neutral,0.5,20D,2026-10-05T13:48:08+00:00
1c143839bd970550,aa9f1a57c48faf61,AMZN,product_launch_affects,0.45,0.6405000000000001,4,neutral,0.5,20D,2026-10-05T13:48:08+00:00
e541352517bab14d,c29a156d1ecc2bf5,IGV,geopolitical_affects,0.45,0.6405000000000001,4,positive,0.65,20D,2026-10-05T13:48:08+00:00
e541352517bab14d,c29a156d1ecc2bf5,ETF,geopolitical_affects,0.45,0.6405000000000001,4,positive,0.65,20D,2026-10-05T13:48:08+00:00
51d7d6696b6c0f6a,227063eb9213a0ea,CENTRAL_BANKS,earnings_affects,0.45,0.4405,0,positive,0.65,20D,2026-10-05T13:48:08+00:00
a8d75097490932a2,42ad684b707143ac,WAR,geopolitical_affects,0.45,0.4405,0,negative,0.35,20D,2026-10-05T13:48:08+00:00
a8d75097490932a2,42ad684b707143ac,DRC,geopolitical_affects,0.45,0.4405,0,negative,0.35,20D,2026-10-05T13:48:08+00:00
4f869b7874710a55,92f0b0d533bc58dc,SMH,product_launch_affects,0.45,0.6405000000000001,4,neutral,0.5,20D,2026-10-05T13:48:08+00:00
4f869b7874710a55,92f0b0d533bc58dc,ETF,product_launch_affects,0.45,0.6405000000000001,4,neutral,0.5,20D,2026-10-05T13:48:08+00:00
f5e9e0e173deee19,6c16a36626002cb0,IYW,product_launch_affects,0.45,0.6545000000000001,4,neutral,0.5,20D,2026-10-05T13:48:08+00:00
f5e9e0e173deee19,6c16a36626002cb0,ETF,product_launch_affects,0.45,0.6545000000000001,4,neutral,0.5,20D,2026-10-05T13:48:08+00:00
f5e9e0e173deee19,6c16a36626002cb0,IXN,product_launch_affects,0.45,0.6545000000000001,4,neutral,0.5,20D,2026-10-05T13:48:08+00:00
186494fcad88baaa,92f0b0d533bc58dc,SMH,product_launch_affects,0.45,0.6405000000000001,4,neutral,0.5,20D,2026-10-05T13:48:08+00:00
186494fcad88baaa,92f0b0d533bc58dc,ETF,product_launch_affects,0.45,0.6405000000000001,4,neutral,0.5,20D,2026-10-05T13:48:08+00:00
6ffd8fe5fe0aeb64,2dd47997b1779262,TRADE,product_launch_affects,0.45,0.4405,0,neutral,0.5,20D,2026-10-05T13:48:08+00:00
64b568077517d7fe,7bdce6e1ebeddd0c,AAPL,product_launch_affects,0.45,0.6405000000000001,4,neutral,0.5,20D,2026-10-05T13:48:08+00:00
68fd703daa07186a,210147e929ca2a97,IGV,geopolitical_affects,0.45,0.6825,4,neutral,0.5,20D,2026-10-05T13:48:08+00:00
68fd703daa07186a,210147e929ca2a97,CNBC,geopolitical_affects,0.45,0.6825,4,neutral,0.5,20D,2026-10-05T13:48:08+00:00
27b855d69190d23f,bca15e1cf7c163f0,ENERGY,product_launch_affects,0.45,0.4405,0,neutral,0.5,20D,2026-10-05T13:48:08+00:00
ccf6d486812d5198,1203f91ab8a5f891,META,product_launch_affects,0.45,0.6825,4,neutral,0.5,20D,2026-10-05T13:48:08+00:00
ccf6d486812d5198,1203f91ab8a5f891,IBD,product_launch_affects,0.45,0.6825,4,neutral,0.5,20D,2026-10-05T13:48:08+00:00
d849a674fbf218e8,e2a23937f2f3e960,CENTRAL_BANKS,macro_policy_affects,0.45,0.4405,0,neutral,0.5,20D,2026-10-05T13:48:08+00:00
4bcd22c64169af88,97ecd0b676d596ae,VGT,product_launch_affects,0.45,0.6545000000000001,4,neutral,0.5,20D,2026-10-05T13:48:08+00:00
4bcd22c64169af88,97ecd0b676d596ae,ETF,product_launch_affects,0.45,0.6545000000000001,4,neutral,0.5,20D,2026-10-05T13:48:08+00:00
3a1af44390709cda,fb96b598baae5bd3,MSFT,geopolitical_affects,0.45,0.6405000000000001,4,neutral,0.5,20D,2026-10-05T13:48:08+00:00
3a1af44390709cda,fb96b598baae5bd3,AI,geopolitical_affects,0.45,0.6405000000000001,4,neutral,0.5,20D,2026-10-05T13:48:08+00:00
fe3c24687b99242e,6601c56ec5ce3519,GOOGL,analyst_rating_affects,0.45,0.6405000000000001,4,neutral,0.5,20D,2026-10-05T13:48:08+00:00
acf97b171ce7cbe0,07d21a5cc52489c0,IGV,geopolitical_affects,0.45,0.6405000000000001,4,positive,0.8,20D,2026-10-05T13:48:08+00:00
7cca96abaea875cc,603011155bda0841,GLOBAL,product_launch_affects,0.45,0.4405,0,neutral,0.5,20D,2026-10-05T13:48:08+00:00
7cca96abaea875cc,603011155bda0841,IMF,product_launch_affects,0.45,0.4405,0,neutral,0.5,20D,2026-10-05T13:48:08+00:00
7cca96abaea875cc,603011155bda0841,GCC,product_launch_affects,0.45,0.4405,0,neutral,0.5,20D,2026-10-05T13:48:08+00:00
dac86b5e3f3ffdce,e19a75a72ab411ac,TRADE,geopolitical_affects,0.45,0.5349999999999999,0,neutral,0.5,20D,2026-10-05T13:48:08+00:00
dac86b5e3f3ffdce,e19a75a72ab411ac,US,geopolitical_affects,0.45,0.5349999999999999,0,neutral,0.5,20D,2026-10-05T13:48:08+00:00
83d3ec282bd3d950,5a53486297e39bb1,META,product_launch_affects,0.45,0.6405000000000001,4,neutral,0.5,20D,2026-10-05T13:48:08+00:00
b165779623ab020c,a86e0e592bcbced6,VGT,product_launch_affects,0.45,0.6405000000000001,4,neutral,0.5,20D,2026-10-05T13:48:08+00:00
57ef536b6b93bef0,fa334ceb22759b76,AMZN,product_launch_affects,0.45,0.6405000000000001,4,neutral,0.5,20D,2026-10-05T13:48:08+00:00
10931fd8f3bb37a0,910460b8761534f4,IYW,earnings_affects,0.45,0.6405000000000001,4,positive,0.65,20D,2026-10-05T13:48:08+00:00
10931fd8f3bb37a0,910460b8761534f4,AI,earnings_affects,0.45,0.6405000000000001,4,positive,0.65,20D,2026-10-05T13:48:08+00:00
10931fd8f3bb37a0,910460b8761534f4,IBM,earnings_affects,0.45,0.6405000000000001,4,positive,0.65,20D,2026-10-05T13:48:08+00:00
f3f83af74b23fe98,7bdce6e1ebeddd0c,AAPL,product_launch_affects,0.45,0.6405000000000001,4,neutral,0.5,20D,2026-10-05T13:48:08+00:00
977d7703a3c40a52,a86da843e2c543f5,IYW,product_launch_affects,0.45,0.6405000000000001,4,neutral,0.5,20D,2026-10-05T13:48:08+00:00
b53f6e458f6915c1,a86e0e592bcbced6,VGT,product_launch_affects,0.45,0.6405000000000001,4,neutral,0.5,20D,2026-10-05T13:48:08+00:00
56e90f2ed7004ce1,fc39fa5a230c469f,MSFT,earnings_affects,0.45,0.6405000000000001,4,positive,0.65,20D,2026-10-05T13:48:08+00:00
b90d3b050a411e1f,1778663b7fe60631,AMZN,product_launch_affects,0.45,0.6405000000000001,4,neutral,0.5,20D,2026-10-05T13:48:08+00:00
b90d3b050a411e1f,1778663b7fe60631,AWS,product_launch_affects,0.45,0.6405000000000001,4,neutral,0.5,20D,2026-10-05T13:48:08+00:00
e2ffd08cc174fa02,fb33feb891afb860,AMD,product_launch_affects,0.45,0.6405000000000001,4,neutral,0.5,20D,2026-10-05T13:48:08+00:00
766b1066ff1491bd,5b5324feab362053,AAPL,guidance_affects,0.45,0.6405000000000001,4,positive,0.65,20D,2026-10-05T13:48:08+00:00
2c1d8e1bac100dff,5986d656cb9fabf1,AMZN,guidance_affects,0.45,0.6405000000000001,4,neutral,0.5,20D,2026-10-05T13:48:08+00:00
a04fe533591d713b,31b01a822f774136,SMH,product_launch_affects,0.45,0.6405000000000001,4,neutral,0.5,20D,2026-10-05T13:48:08+00:00
9d83d4fe5ee8bfd3,59a62ff7f3e0cc97,SOXX,product_launch_affects,0.45,0.6405000000000001,4,neutral,0.5,20D,2026-10-05T13:48:08+00:00
9b469b42ae82cc17,a86e0e592bcbced6,VGT,product_launch_affects,0.45,0.6405000000000001,4,neutral,0.5,20D,2026-10-05T13:48:08+00:00
34f18851d65592b1,e2a23937f2f3e960,CENTRAL_BANKS,macro_policy_affects,0.45,0.4405,0,neutral,0.5,20D,2026-10-05T13:48:08+00:00
f3b5f991cf7bd8d5,b766e3267176bc10,GLOBAL,product_launch_affects,0.45,0.4405,0,neutral,0.5,20D,2026-10-05T13:48:08+00:00
c86f40fd2aa4c8fd,216b2c583161d95b,SMH,product_launch_affects,0.45,0.6405000000000001,4,neutral,0.5,20D,2026-10-05T13:48:08+00:00
c86f40fd2aa4c8fd,216b2c583161d95b,ETF,product_launch_affects,0.45,0.6405000000000001,4,neutral,0.5,20D,2026-10-05T13:48:08+00:00
6ec62e16a2fea107,1099986df6864335,GLOBAL,inflation_data_affects,0.25,0.44499999999999995,0,neutral,0.5,20D,2026-10-05T13:48:08+00:00
2b5b913e053fd320,1de53db67b05af02,TSLA,product_launch_affects,0.45,0.6405000000000001,4,neutral,0.5,20D,2026-10-05T13:48:08+00:00
1647b1cafd212199,8d6aaa6d208d9300,TRADE,product_launch_affects,0.45,0.4405,0,neutral,0.5,20D,2026-10-05T13:48:08+00:00
1647b1cafd212199,8d6aaa6d208d9300,EU,product_launch_affects,0.45,0.4405,0,neutral,0.5,20D,2026-10-05T13:48:08+00:00
2232d88dc01c2912,54ae215ae7045f49,WAR,geopolitical_affects,0.45,0.4405,0,neutral,0.5,20D,2026-10-05T13:48:08+00:00
fac0e344ca2a7e31,962c734e62c89ba8,VGT,product_launch_affects,0.45,0.6405000000000001,4,neutral,0.5,20D,2026-10-05T13:48:08+00:00
1df31e5b827eed54,7507689c01910340,AAPL,product_launch_affects,0.45,0.6825,4,neutral,0.5,20D,2026-10-05T13:48:08+00:00
7a386ad0e3ed9473,0fa4a61dc5778853,IGV,geopolitical_affects,0.45,0.6405000000000001,4,neutral,0.5,20D,2026-10-05T13:48:08+00:00
7a386ad0e3ed9473,0fa4a61dc5778853,MOORE,geopolitical_affects,0.45,0.6405000000000001,4,neutral,0.5,20D,2026-10-05T13:48:08+00:00
7a386ad0e3ed9473,0fa4a61dc5778853,INC,geopolitical_affects,0.45,0.6405000000000001,4,neutral,0.5,20D,2026-10-05T13:48:08+00:00
7a386ad0e3ed9473,0fa4a61dc5778853,ETF,geopolitical_affects,0.45,0.6405000000000001,4,neutral,0.5,20D,2026-10-05T13:48:08+00:00
990f041fd529fbe3,85340751fd4b2f23,IGV,inflation_data_affects,0.45,0.6405000000000001,4,positive,0.65,20D,2026-10-05T13:48:08+00:00
990f041fd529fbe3,85340751fd4b2f23,PCE,inflation_data_affects,0.45,0.6405000000000001,4,positive,0.65,20D,2026-10-05T13:48:08+00:00
c88e32b14ea26fe0,b7a6c906d98113e9,META,product_launch_affects,0.45,0.6825,4,neutral,0.5,20D,2026-10-05T13:48:08+00:00
c88e32b14ea26fe0,b7a6c906d98113e9,AI,product_launch_affects,0.45,0.6825,4,neutral,0.5,20D,2026-10-05T13:48:08+00:00
c88e32b14ea26fe0,b7a6c906d98113e9,CNBC,product_launch_affects,0.45,0.6825,4,neutral,0.5,20D,2026-10-05T13:48:08+00:00
fb17c73dc720484e,222a8f07a5ee0351,QQQ,product_launch_affects,0.45,0.6405000000000001,4,neutral,0.5,20D,2026-10-05T13:48:08+00:00
ec7bafcd629438a9,838e917395f16c99,XLK,product_launch_affects,0.45,0.6405000000000001,4,neutral,0.5,20D,2026-10-05T13:48:08+00:00
ec7bafcd629438a9,838e917395f16c99,ETF,product_launch_affects,0.45,0.6405000000000001,4,neutral,0.5,20D,2026-10-05T13:48:08+00:00
a0b43836f4170b21,07fbcd88b5e8ec30,META,product_launch_affects,0.45,0.6405000000000001,4,neutral,0.5,20D,2026-10-05T13:48:08+00:00
b8cd2f1105bab3ff,07fbcd88b5e8ec30,META,product_launch_affects,0.25,0.5505,4,neutral,0.5,20D,2026-10-05T13:48:08+00:00
2bf5a0203f07e297,a6f6fd8829a42590,SOXX,earnings_affects,0.45,0.6405000000000001,4,positive,0.65,20D,2026-10-05T13:48:08+00:00
2bf5a0203f07e297,a6f6fd8829a42590,AI,earnings_affects,0.45,0.6405000000000001,4,positive,0.65,20D,2026-10-05T13:48:08+00:00
ea3a2bea2d636dd0,7507689c01910340,AAPL,product_launch_affects,0.45,0.6545000000000001,4,neutral,0.5,20D,2026-10-05T13:48:08+00:00
b64cb9be7ca885c7,1f755704d4295931,AMD,product_launch_affects,0.45,0.6405000000000001,4,neutral,0.5,20D,2026-10-05T13:48:08+00:00
b64cb9be7ca885c7,1f755704d4295931,AI,product_launch_affects,0.45,0.6405000000000001,4,neutral,0.5,20D,2026-10-05T13:48:08+00:00
5f250ae4a103f1c2,8f4595472d10fcae,GOOGL,product_launch_affects,0.45,0.6405000000000001,4,neutral,0.5,20D,2026-10-05T13:48:08+00:00
2129adc19ae2d765,07fbcd88b5e8ec30,META,product_launch_affects,0.45,0.6405000000000001,4,neutral,0.5,20D,2026-10-05T13:48:08+00:00
0e864a1defb42577,1f755704d4295931,AMD,product_launch_affects,0.45,0.6545000000000001,4,neutral,0.5,20D,2026-10-05T13:48:08+00:00
0e864a1defb42577,1f755704d4295931,AI,product_launch_affects,0.45,0.6545000000000001,4,neutral,0.5,20D,2026-10-05T13:48:08+00:00
308b6a08ac2b5ed0,8f4595472d10fcae,GOOGL,product_launch_affects,0.45,0.6545000000000001,4,neutral,0.5,20D,2026-10-05T13:48:08+00:00
009f6e4865639d4b,8f4595472d10fcae,GOOGL,product_launch_affects,0.45,0.6405000000000001,4,neutral,0.5,20D,2026-10-05T13:48:08+00:00
2d494ebcf9b0f3df,1f755704d4295931,AMD,product_launch_affects,0.45,0.6405000000000001,4,neutral,0.5,20D,2026-10-05T13:48:08+00:00
2d494ebcf9b0f3df,1f755704d4295931,AI,product_launch_affects,0.45,0.6405000000000001,4,neutral,0.5,20D,2026-10-05T13:48:08+00:00
c45c86dd4c7c9b55,b86e411351b34e22,ENERGY,product_launch_affects,0.45,0.4405,0,neutral,0.5,20D,2026-10-05T13:48:08+00:00
f1a9132539f8d353,26039ce14b31c428,SOXX,geopolitical_affects,0.45,0.6405000000000001,8,neutral,0.5,20D,2026-10-05T13:48:08+00:00
f1a9132539f8d353,26039ce14b31c428,AMD,geopolitical_affects,0.45,0.6405000000000001,8,neutral,0.5,20D,2026-10-05T13:48:08+00:00
81a24304311afee2,d92db84d30645380,SMH,product_launch_affects,0.45,0.6405000000000001,4,neutral,0.5,20D,2026-10-05T13:48:08+00:00
81a24304311afee2,d92db84d30645380,ETF,product_launch_affects,0.45,0.6405000000000001,4,neutral,0.5,20D,2026-10-05T13:48:08+00:00
81a24304311afee2,d92db84d30645380,USD,product_launch_affects,0.45,0.6405000000000001,4,neutral,0.5,20D,2026-10-05T13:48:08+00:00
eec2c43a7bbd595b,b86e411351b34e22,ENERGY,product_launch_affects,0.45,0.4405,0,neutral,0.5,20D,2026-10-05T13:48:08+00:00
83605e36b9d11110,8aabb721d8d7004d,IYW,product_launch_affects,0.45,0.6405000000000001,8,neutral,0.5,20D,2026-10-05T13:48:08+00:00
83605e36b9d11110,8aabb721d8d7004d,ETF,product_launch_affects,0.45,0.6405000000000001,8,neutral,0.5,20D,2026-10-05T13:48:08+00:00
83605e36b9d11110,8aabb721d8d7004d,VGT,product_launch_affects,0.45,0.6405000000000001,8,neutral,0.5,20D,2026-10-05T13:48:08+00:00
7cc8db33846fbbb8,8aabb721d8d7004d,IYW,product_launch_affects,0.45,0.6545000000000001,8,neutral,0.5,20D,2026-10-05T13:48:08+00:00
7cc8db33846fbbb8,8aabb721d8d7004d,ETF,product_launch_affects,0.45,0.6545000000000001,8,neutral,0.5,20D,2026-10-05T13:48:08+00:00
7cc8db33846fbbb8,8aabb721d8d7004d,VGT,product_launch_affects,0.45,0.6545000000000001,8,neutral,0.5,20D,2026-10-05T13:48:08+00:00
613afab70cc417a0,69dd40d3eb55baae,GLOBAL,guidance_affects,0.45,0.4405,0,neutral,0.5,20D,2026-10-05T13:48:08+00:00
7e587b7f0d3e4d7f,580c2c998b40c4f8,WAR,product_launch_affects,0.45,0.4405,0,neutral,0.5,20D,2026-10-05T13:48:08+00:00
f9812287ffd768d4,bb3b7d85f2ea8e71,SOXX,macro_policy_affects,0.8,0.798,4,positive,0.65,20D,2026-10-05T13:48:08+00:00
f9812287ffd768d4,bb3b7d85f2ea8e71,ETF,macro_policy_affects,0.8,0.798,4,positive,0.65,20D,2026-10-05T13:48:08+00:00
f9812287ffd768d4,bb3b7d85f2ea8e71,AI,macro_policy_affects,0.8,0.798,4,positive,0.65,20D,2026-10-05T13:48:08+00:00
67f762ae88995fb3,7b2261338037cc37,MSFT,product_launch_affects,0.45,0.6405000000000001,4,neutral,0.5,20D,2026-10-05T13:48:08+00:00
06efdbd039897d11,629559dfbd7acbbe,WAR,geopolitical_affects,0.45,0.4405,0,neutral,0.5,20D,2026-10-05T13:48:08+00:00
f622dce16425035f,8f62cbbef1e267f4,ENERGY,geopolitical_affects,0.45,0.4405,0,neutral,0.5,20D,2026-10-05T13:48:08+00:00
9ab557b41ca38ff8,5c134b098efedab5,XLK,product_launch_affects,0.45,0.6545000000000001,4,neutral,0.5,20D,2026-10-05T13:48:08+00:00
c787ecf427dfdb5e,b431e9896c6c7d53,IYW,earnings_affects,0.45,0.6405000000000001,8,positive,0.65,20D,2026-10-05T13:48:08+00:00
c787ecf427dfdb5e,b431e9896c6c7d53,VGT,earnings_affects,0.45,0.6405000000000001,8,positive,0.65,20D,2026-10-05T13:48:08+00:00
ceb903cbf2857a3b,c5aef6ab4dec0376,XLK,earnings_affects,0.45,0.6405000000000001,8,positive,0.65,20D,2026-10-05T13:48:08+00:00
ceb903cbf2857a3b,c5aef6ab4dec0376,VGT,earnings_affects,0.45,0.6405000000000001,8,positive,0.65,20D,2026-10-05T13:48:08+00:00
c117b139797e9153,987025cddf599133,AMD,product_launch_affects,0.45,0.6405000000000001,4,neutral,0.5,20D,2026-10-05T13:48:08+00:00
94a9e50ea463e2b8,414a500971154e5d,AMD,product_launch_affects,0.45,0.6405000000000001,4,neutral,0.5,20D,2026-10-05T13:48:08+00:00
94a9e50ea463e2b8,414a500971154e5d,AI,product_launch_affects,0.45,0.6405000000000001,4,neutral,0.5,20D,2026-10-05T13:48:08+00:00
94a9e50ea463e2b8,414a500971154e5d,AOL,product_launch_affects,0.45,0.6405000000000001,4,neutral,0.5,20D,2026-10-05T13:48:08+00:00
ad4c3da79c632152,829bce06948d950d,SOXX,product_launch_affects,0.45,0.6545000000000001,4,neutral,0.5,20D,2026-10-05T13:48:08+00:00
ad4c3da79c632152,829bce06948d950d,ETF,product_launch_affects,0.45,0.6545000000000001,4,neutral,0.5,20D,2026-10-05T13:48:08+00:00
6cb60e73c2890433,0963cdc2b5d24b0e,QQQ,product_launch_affects,0.45,0.6405000000000001,4,neutral,0.5,20D,2026-10-05T13:48:08+00:00
6cb60e73c2890433,0963cdc2b5d24b0e,ETF,product_launch_affects,0.45,0.6405000000000001,4,neutral,0.5,20D,2026-10-05T13:48:08+00:00
2f23668ee5210132,f0c23c632ade6a2e,QQQ,product_launch_affects,0.45,0.6405000000000001,4,neutral,0.5,20D,2026-10-05T13:48:08+00:00
2f23668ee5210132,f0c23c632ade6a2e,ETF,product_launch_affects,0.45,0.6405000000000001,4,neutral,0.5,20D,2026-10-05T13:48:08+00:00
2f23668ee5210132,f0c23c632ade6a2e,AOL,product_launch_affects,0.45,0.6405000000000001,4,neutral,0.5,20D,2026-10-05T13:48:08+00:00
b43adaccf1fdd695,361e28715202e917,XLK,product_launch_affects,0.45,0.6405000000000001,4,neutral,0.5,20D,2026-10-05T13:48:08+00:00
b43adaccf1fdd695,361e28715202e917,ETF,product_launch_affects,0.45,0.6405000000000001,4,neutral,0.5,20D,2026-10-05T13:48:08+00:00
fc5d6c6cd0cd86e9,912f45bfdee5f45b,TRADE,geopolitical_affects,0.8,0.5980000000000001,0,neutral,0.5,20D,2026-10-05T13:48:08+00:00
07eeee0fec25ff53,06e19722d41d9cd0,ENERGY,inflation_data_affects,0.45,0.4405,0,neutral,0.5,20D,2026-10-05T13:48:08+00:00
07eeee0fec25ff53,06e19722d41d9cd0,LSEG,inflation_data_affects,0.45,0.4405,0,neutral,0.5,20D,2026-10-05T13:48:08+00:00
95f5e79202aec8e2,969750636f228a65,TRADE,product_launch_affects,0.45,0.4405,0,neutral,0.5,20D,2026-10-05T13:48:08+00:00
95f5e79202aec8e2,969750636f228a65,NBC,product_launch_affects,0.45,0.4405,0,neutral,0.5,20D,2026-10-05T13:48:08+00:00
ae3f936f0c4735ea,adb3d0ab98a7236d,CENTRAL_BANKS,macro_policy_affects,0.6000000000000001,0.6025,0,neutral,0.5,20D,2026-10-05T13:48:08+00:00
5bc30ee63617dfc8,46c70d23294527ef,GLOBAL,product_launch_affects,0.45,0.4405,0,neutral,0.5,20D,2026-10-05T13:48:08+00:00
c40fbd6378d86ca6,6292feb874f37939,NVDA,guidance_affects,0.45,0.6405000000000001,4,neutral,0.5,20D,2026-10-05T13:48:08+00:00
c40fbd6378d86ca6,6292feb874f37939,TOP,guidance_affects,0.45,0.6405000000000001,4,neutral,0.5,20D,2026-10-05T13:48:08+00:00
2acc5f2106648234,1b68d65be1e25279,GLOBAL,geopolitical_affects,0.8,0.5980000000000001,0,neutral,0.5,20D,2026-10-05T13:48:08+00:00
feac2428f3b2673c,46c70d23294527ef,GLOBAL,product_launch_affects,0.45,0.4405,0,neutral,0.5,20D,2026-10-05T13:48:08+00:00
a2c61c1bd335eecd,9f2172e8ede4d309,WAR,product_launch_affects,0.45,0.4405,0,neutral,0.5,20D,2026-10-05T13:48:08+00:00
1a368c6e903cabaa,c8f77d471c969e2c,GOOGL,product_launch_affects,0.45,0.6405000000000001,4,neutral,0.5,20D,2026-10-05T13:48:08+00:00
72d4c3339a9f16ef,6ebf716c24b3c252,META,product_launch_affects,0.45,0.6545000000000001,4,neutral,0.5,20D,2026-10-05T13:48:08+00:00
b0e03f5e16827e14,7333da50c1ef7ab3,ENERGY,product_launch_affects,0.45,0.4405,0,neutral,0.5,20D,2026-10-05T13:48:08+00:00
b0e03f5e16827e14,7333da50c1ef7ab3,UN,product_launch_affects,0.45,0.4405,0,neutral,0.5,20D,2026-10-05T13:48:08+00:00
0043ef949f73dc93,e3b01ac4f4628f24,IGV,inflation_data_affects,0.45,0.6405000000000001,4,neutral,0.5,20D,2026-10-05T13:48:08+00:00
0043ef949f73dc93,e3b01ac4f4628f24,AI,inflation_data_affects,0.45,0.6405000000000001,4,neutral,0.5,20D,2026-10-05T13:48:08+00:00
74c76d0c77d7096b,80d0e5af8a821d06,AMZN,product_launch_affects,0.45,0.6405000000000001,4,neutral,0.5,20D,2026-10-05T13:48:08+00:00
7ee495e128b498ae,88fe01a1046efc97,TRADE,product_launch_affects,0.45,0.4405,0,neutral,0.5,20D,2026-10-05T13:48:08+00:00
9812097b9b962969,2165f0f367cb1218,IYW,product_launch_affects,0.45,0.6405000000000001,4,neutral,0.5,20D,2026-10-05T13:48:08+00:00
9812097b9b962969,2165f0f367cb1218,AI,product_launch_affects,0.45,0.6405000000000001,4,neutral,0.5,20D,2026-10-05T13:48:08+00:00
459eab3e9a3329ff,f4c308391df9e9a8,TSLA,product_launch_affects,0.45,0.6405000000000001,4,neutral,0.5,20D,2026-10-05T13:48:08+00:00
a874449cdab49aed,a30f14ecf1d610c7,WAR,product_launch_affects,0.45,0.5349999999999999,0,neutral,0.5,20D,2026-10-05T13:48:08+00:00
985c6a94748d4d58,619abd4dafd8ed8b,CENTRAL_BANKS,macro_policy_affects,0.45,0.4405,0,neutral,0.5,20D,2026-10-05T13:48:08+00:00
8aec710e5aafcbb4,6ebf716c24b3c252,META,product_launch_affects,0.45,0.6825,4,neutral,0.5,20D,2026-10-05T13:48:08+00:00
204249e9ceb19cac,24cb4d3cd1a9d472,NVDA,earnings_affects,0.45,0.7315,4,positive,0.65,20D,2026-10-05T13:48:08+00:00
1e6dd2408d2bd21e,af25f1cfedd0c3f0,NVDA,earnings_affects,0.45,0.7244999999999999,4,positive,0.65,20D,2026-10-05T13:48:08+00:00
1e6dd2408d2bd21e,af25f1cfedd0c3f0,WSJ,earnings_affects,0.45,0.7244999999999999,4,positive,0.65,20D,2026-10-05T13:48:08+00:00
eeaaa9ea8cf30662,64e050875d2c4974,XLK,product_launch_affects,0.45,0.6405000000000001,4,neutral,0.5,20D,2026-10-05T13:48:08+00:00
6640f931344c3016,88a2107c554518ad,MSFT,product_launch_affects,0.45,0.6405000000000001,4,neutral,0.5,20D,2026-10-05T13:48:08+00:00
6640f931344c3016,88a2107c554518ad,TIKR,product_launch_affects,0.45,0.6405000000000001,4,neutral,0.5,20D,2026-10-05T13:48:08+00:00
aa60ab83d7916195,94aa7ff8ae0c4bf7,NVDA,product_launch_affects,0.45,0.7349999999999999,4,neutral,0.5,20D,2026-10-05T13:48:08+00:00
aa60ab83d7916195,94aa7ff8ae0c4bf7,AI,product_launch_affects,0.45,0.7349999999999999,4,neutral,0.5,20D,2026-10-05T13:48:08+00:00
ae20154aa925d43b,215b1eac4f8bef35,AAPL,product_launch_affects,0.25,0.5505,4,neutral,0.5,20D,2026-10-05T13:48:08+00:00
f6734c2a75a62a43,e8b5e15c1d6a8ccb,AMZN,earnings_affects,0.45,0.6405000000000001,4,positive,0.65,20D,2026-10-05T13:48:08+00:00
291b131749353734,9b397f213d447ab3,NVDA,product_launch_affects,0.25,0.5645,4,neutral,0.5,20D,2026-10-05T13:48:08+00:00
291b131749353734,9b397f213d447ab3,AI,product_launch_affects,0.25,0.5645,4,neutral,0.5,20D,2026-10-05T13:48:08+00:00
7ec456773249efd0,b4d08de9aade2f80,AMZN,product_launch_affects,0.45,0.6545000000000001,4,neutral,0.5,20D,2026-10-05T13:48:08+00:00
8c92d04a7d73ea07,9def1d5e9c809339,XLK,product_launch_affects,0.45,0.6825,4,neutral,0.5,20D,2026-10-05T13:48:08+00:00
8c92d04a7d73ea07,9def1d5e9c809339,ETF,product_launch_affects,0.45,0.6825,4,neutral,0.5,20D,2026-10-05T13:48:08+00:00
8c92d04a7d73ea07,9def1d5e9c809339,CNBC,product_launch_affects,0.45,0.6825,4,neutral,0.5,20D,2026-10-05T13:48:08+00:00
f15514591e7f42f0,fc80c9ff8c4573c7,AMD,product_launch_affects,0.45,0.6405000000000001,4,neutral,0.5,20D,2026-10-05T13:48:08+00:00
f15514591e7f42f0,fc80c9ff8c4573c7,AI,product_launch_affects,0.45,0.6405000000000001,4,neutral,0.5,20D,2026-10-05T13:48:08+00:00
9d90c78459539d95,b03a41e4418c24fc,MSFT,product_launch_affects,0.45,0.6825,4,neutral,0.5,20D,2026-10-05T13:48:08+00:00
9d90c78459539d95,b03a41e4418c24fc,CNBC,product_launch_affects,0.45,0.6825,4,neutral,0.5,20D,2026-10-05T13:48:08+00:00
ccd40a488001bcc1,fb9ef9084533c9fd,QQQ,product_launch_affects,0.45,0.6405000000000001,4,neutral,0.5,20D,2026-10-05T13:48:08+00:00
ccd40a488001bcc1,fb9ef9084533c9fd,ETF,product_launch_affects,0.45,0.6405000000000001,4,neutral,0.5,20D,2026-10-05T13:48:08+00:00
2fa01740b9b9211e,f310a72922291a14,VGT,product_launch_affects,0.45,0.6405000000000001,8,neutral,0.5,20D,2026-10-05T13:48:08+00:00
2fa01740b9b9211e,f310a72922291a14,QQQ,product_launch_affects,0.45,0.6405000000000001,8,neutral,0.5,20D,2026-10-05T13:48:08+00:00
2fa01740b9b9211e,f310a72922291a14,AOL,product_launch_affects,0.45,0.6405000000000001,8,neutral,0.5,20D,2026-10-05T13:48:08+00:00
9428dd43d3b06f6f,82efbcd7dc13ce70,IGV,geopolitical_affects,0.45,0.6405000000000001,4,neutral,0.5,20D,2026-10-05T13:48:08+00:00
