sample_id,prediction_date,regime_bucket,research_scope,independent_news_source_count,fundamental_ticker_coverage,fundamental_coverage_state,event_evidence_ready,fundamental_evidence_ready,eligible_for_full_kg_backtest,kg_backtest_state,future_return_1d,future_return_5d,future_return_20d,future_max_drawdown_20d
HIST-20070809,2007-08-09,高波動／壓力,市場技術與壓力基準,0,0,資料不足,False,False,False,需要歷史多來源事件回補,-0.009013065796266706,-0.04736993804082945,0.010899376041489939,-0.04736993804082945
HIST-20070821,2007-08-21,高波動／壓力,市場技術與壓力基準,0,0,資料不足,False,False,False,需要歷史多來源事件回補,0.013611623234995207,-0.0059547123744688735,0.06699262077689516,-0.0059547123744688735
HIST-20070926,2007-09-26,正常／溫和上漲,市場技術與壓力基準,0,0,資料不足,False,False,False,需要歷史多來源事件回補,0.00506591955096769,0.006430564580699016,0.04773994755566835,0.0017537509314742294
HIST-20071112,2007-11-12,高波動／壓力,市場技術與壓力基準,0,0,資料不足,False,False,False,需要歷史多來源事件回補,0.04124776434262989,0.019905522589589664,0.05314984355420305,0.005129822436668485
HIST-20071211,2007-12-11,強勢反彈／轉折,市場技術與壓力基準,0,0,資料不足,False,False,False,需要歷史多來源事件回補,0.00896339430741877,-0.02786407476590136,-0.06391229164562406,-0.084783644373852
HIST-20080208,2008-02-08,高波動／壓力,市場技術與壓力基準,0,0,資料不足,False,False,False,需要歷史多來源事件回補,0.010779581714714048,0.005045627174087963,-0.05366955352305969,-0.05366955352305969
HIST-20080220,2008-02-20,明顯下跌趨勢,市場技術與壓力基準,0,0,資料不足,False,False,False,需要歷史多來源事件回補,-0.009557871924698258,0.007965786810102404,-0.03823371311797619,-0.06099186123742617
HIST-20080221,2008-02-21,明顯下跌趨勢,市場技術與壓力基準,0,0,資料不足,False,False,False,需要歷史多來源事件回補,0.003675919753585166,0.013786128918035434,-0.009107072805823013,-0.05193033278246961
HIST-20080222,2008-02-22,明顯下跌趨勢,市場技術與壓力基準,0,0,資料不足,False,False,False,需要歷史多來源事件回補,0.005036692237315288,-0.016712554222769405,0.02140225329829204,-0.05540259703521311
HIST-20080225,2008-02-25,明顯下跌趨勢,市場技術與壓力基準,0,0,資料不足,False,False,False,需要歷史多來源事件回補,0.0038723146612560377,-0.028017835772387367,0.02198267046547553,-0.06013640072979254
HIST-20080226,2008-02-26,明顯下跌趨勢,市場技術與壓力基準,0,0,資料不足,False,False,False,需要歷史多來源事件回補,0.0049924226119024695,-0.026321867436353674,0.01508790798934867,-0.06376180960090272
HIST-20080227,2008-02-27,明顯下跌趨勢,市場技術與壓力基準,0,0,資料不足,False,False,False,需要歷史多來源事件回補,-0.0038387174663401247,-0.026416610283319097,-0.012324118578244447,-0.06841268716645432
HIST-20080303,2008-03-03,明顯下跌趨勢,市場技術與壓力基準,0,0,資料不足,False,False,False,需要歷史多來源事件回補,0.005623926698745674,-0.03304439745859766,0.06926690204034269,-0.03304439745859766
HIST-20080311,2008-03-11,明顯下跌趨勢,市場技術與壓力基準,0,0,資料不足,False,False,False,需要歷史多來源事件回補,-0.00280166665801862,0.01167387051748392,0.04914939212644187,-0.031519969282019056
HIST-20080312,2008-03-12,明顯下跌趨勢,市場技術與壓力基準,0,0,資料不足,False,False,False,需要歷史多來源事件回補,0.00772573530398879,-0.010536418104885037,0.06709381247038593,-0.02879898778787049
HIST-20080313,2008-03-13,明顯下跌趨勢,市場技術與壓力基準,0,0,資料不足,False,False,False,需要歷史多來源事件回補,-0.01835419573306185,0.0019446902860493775,0.029614934593511055,-0.03624470608646446
HIST-20080314,2008-03-14,明顯下跌趨勢,市場技術與壓力基準,0,0,資料不足,False,False,False,需要歷史多來源事件回補,-0.018225015861767613,0.05597228822160005,0.04412869477140813,-0.018225015861767613
HIST-20080401,2008-04-01,強勢反彈／轉折,市場技術與壓力基準,0,0,資料不足,False,False,False,需要歷史多來源事件回補,-0.0021936635291504025,-0.003948360548737373,0.04408866227245545,-0.03312131880892588
HIST-20080402,2008-04-02,強勢反彈／轉折,市場技術與壓力基準,0,0,資料不足,False,False,False,需要歷史多來源事件回補,0.002198486268296662,-0.012970073132521742,0.037810976263416896,-0.030995649305218587
HIST-20080522,2008-05-22,正常／溫和上漲,市場技術與壓力基準,0,0,資料不足,False,False,False,需要歷史多來源事件回補,-0.00310220303997899,0.03433311682579565,-0.01855029602376601,-0.020268945167376318
HIST-20080602,2008-06-02,橫盤／低波動,市場技術與壓力基準,0,0,資料不足,False,False,False,需要歷史多來源事件回補,-0.005465492426105278,-0.012753265184897722,-0.08499015137900023,-0.08499015137900023
HIST-20080603,2008-06-03,橫盤／低波動,市場技術與壓力基準,0,0,資料不足,False,False,False,需要歷史多來源事件回補,0.012822989517798922,-0.012008766882554256,-0.06692526770495799,-0.07996168895827505
HIST-20080604,2008-06-04,橫盤／低波動,市場技術與壓力基準,0,0,資料不足,False,False,False,需要歷史多來源事件回補,0.015876030687078213,-0.048030807750206295,-0.10086037636423062,-0.10086037636423062
HIST-20080623,2008-06-23,正常／溫和上漲,市場技術與壓力基準,0,0,資料不足,False,False,False,需要歷史多來源事件回補,-0.00510096084006062,-0.039957778125748744,-0.048246697996630505,-0.05993610121175652
HIST-20080626,2008-06-26,明顯下跌趨勢,市場技術與壓力基準,0,0,資料不足,False,False,False,需要歷史多來源事件回補,0.0,-0.022343843105625205,-0.00832418065591467,-0.031106107831097907
HIST-20080627,2008-06-27,明顯下跌趨勢,市場技術與壓力基準,0,0,資料不足,False,False,False,需要歷史多來源事件回補,-0.010515087115632538,-0.016429222054664794,-0.026944211947911745,-0.031106107831097907
HIST-20080630,2008-06-30,明顯下跌趨勢,市場技術與壓力基準,0,0,資料不足,False,False,False,需要歷史多來源事件回補,0.014169433051713254,0.017711447420212023,0.0037640719144169665,-0.020809837974630763
HIST-20080703,2008-07-03,明顯下跌趨勢,市場技術與壓力基準,0,0,資料不足,False,False,False,需要歷史多來源事件回補,0.006049796760600135,-0.0015685358061829913,0.005601402165400726,-0.008962521908834398
HIST-20080708,2008-07-08,明顯下跌趨勢,市場技術與壓力基準,0,0,資料不足,False,False,False,需要歷史多來源事件回補,-0.026538934277652193,-0.03763337411097201,-0.0008701653951451727,-0.03785089132336106
HIST-20080714,2008-07-14,明顯下跌趨勢,市場技術與壓力基準,0,0,資料不足,False,False,False,需要歷史多來源事件回補,0.00022607432717802745,0.012434690056913889,0.07958368206945599,0.00022607432717802745
HIST-20080725,2008-07-25,明顯下跌趨勢,市場技術與壓力基準,0,0,資料不足,False,False,False,需要歷史多來源事件回補,-0.018776328845360624,-0.008615131042638224,0.049039335683446206,-0.018776328845360624
HIST-20080728,2008-07-28,明顯下跌趨勢,市場技術與壓力基準,0,0,資料不足,False,False,False,需要歷史多來源事件回補,0.020711677017975827,0.0002250074611154229,0.04660072376067803,0.0002250074611154229
HIST-20080729,2008-07-29,明顯下跌趨勢,市場技術與壓力基準,0,0,資料不足,False,False,False,需要歷史多來源事件回補,0.0050727051520229605,0.013012817042848512,0.024040483754119046,-0.020070966187740957
HIST-20080811,2008-08-11,強勢反彈／轉折,市場技術與壓力基準,0,0,資料不足,False,False,False,需要歷史多來源事件回補,0.0010472299109756111,-0.00314122499967473,-0.11099475223211386,-0.11099475223211386
HIST-20080812,2008-08-12,強勢反彈／轉折,市場技術與壓力基準,0,0,資料不足,False,False,False,需要歷史多來源事件回補,-0.0020918973378865058,-0.01652701031287751,-0.1046023876970067,-0.11192477117493604
HIST-20080813,2008-08-13,強勢反彈／轉折,市場技術與壓力基準,0,0,資料不足,False,False,False,需要歷史多來源事件回補,0.011529926177916705,-0.012788347013755752,-0.08595400441605694,-0.1100631145734251
HIST-20080818,2008-08-18,強勢反彈／轉折,市場技術與壓力基準,0,0,資料不足,False,False,False,需要歷史多來源事件回補,-0.012394797830577065,-0.023319301404635007,-0.10903338199193968,-0.1159658347959509
HIST-20080826,2008-08-26,明顯下跌趨勢,市場技術與壓力基準,0,0,資料不足,False,False,False,需要歷史多來源事件回補,0.006461248900128114,-0.028214553534430475,-0.1195885463241455,-0.1339651453503794
HIST-20080908,2008-09-08,明顯下跌趨勢,市場技術與壓力基準,0,0,資料不足,False,False,False,需要歷史多來源事件回補,-0.02121340813223116,-0.02974392088399691,-0.19567687408283685,-0.19567687408283685
HIST-20080910,2008-09-10,明顯下跌趨勢,市場技術與壓力基準,0,0,資料不足,False,False,False,需要歷史多來源事件回補,0.018691464737141228,-0.060514047426123097,-0.24271419455042786,-0.24271419455042786
HIST-20080912,2008-09-12,明顯下跌趨勢,市場技術與壓力基準,0,0,資料不足,False,False,False,需要歷史多來源事件回補,-0.031083966626113457,-0.011537382626019443,-0.27835331784442174,-0.27835331784442174
HIST-20080925,2008-09-25,高波動／壓力,市場技術與壓力基準,0,0,資料不足,False,False,False,需要歷史多來源事件回補,-0.010119871492134669,-0.1144577012755349,-0.2653012946437493,-0.2653012946437493
HIST-20081021,2008-10-21,高波動／壓力,市場技術與壓力基準,0,0,資料不足,False,False,False,需要歷史多來源事件回補,-0.02763659638635907,0.012071299551568826,-0.09974584179523505,-0.09974584179523505
HIST-20081023,2008-10-23,高波動／壓力,市場技術與壓力基準,0,0,資料不足,False,False,False,需要歷史多來源事件回補,-0.032141326908263324,0.07707487472415386,-0.16169222926456273,-0.16169222926456273
HIST-20081125,2008-11-25,高波動／壓力,市場技術與壓力基準,0,0,資料不足,False,False,False,需要歷史多來源事件回補,0.0418885913012208,0.01597487374128992,0.03593584953844342,-0.044018107381267546
HIST-20081216,2008-12-16,強勢反彈／轉折,市場技術與壓力基準,0,0,資料不足,False,False,False,需要歷史多來源事件回補,-0.012106997171246081,-0.047702840204791874,-0.046392159543405365,-0.06179429004168602
HIST-20081218,2008-12-18,強勢反彈／轉折,市場技術與壓力基準,0,0,資料不足,False,False,False,需要歷史多來源事件回補,0.008204918165775066,-0.01644348173723642,-0.05594752453179985,-0.05594752453179985
HIST-20081223,2008-12-23,明顯下跌趨勢,市場技術與壓力基準,0,0,資料不足,False,False,False,需要歷史多來源事件回補,0.0027526715750540998,0.023399689604351792,-0.005505952755151866,-0.03785296798788651
HIST-20081224,2008-12-24,明顯下跌趨勢,市場技術與壓力基準,0,0,資料不足,False,False,False,需要歷史多來源事件回補,-0.0003434813583471641,0.06485908335312285,-0.0010297601519828614,-0.04049417240560438
HIST-20081229,2008-12-29,明顯下跌趨勢,市場技術與壓力基準,0,0,資料不足,False,False,False,需要歷史多來源事件回補,0.02076867665547022,0.08445837549670498,0.05053710297510272,-0.03219084328838584
HIST-20081230,2008-12-30,強勢反彈／轉折,市場技術與壓力基準,0,0,資料不足,False,False,False,需要歷史多來源事件回補,0.008477535308609063,0.03221401843838967,0.003052014832889638,-0.051881999472570994
HIST-20081231,2008-12-31,強勢反彈／轉折,市場技術與壓力基準,0,0,資料不足,False,False,False,需要歷史多來源事件回補,0.043375624919445466,0.03429684644406761,-0.022864663573816557,-0.05985213618338969
HIST-20090105,2009-01-05,強勢反彈／轉折,市場技術與壓力基準,0,0,資料不足,False,False,False,需要歷史多來源事件回補,0.009993240469322373,-0.04835602203225797,-0.03707276700092632,-0.09864617358380556
HIST-20090106,2009-01-06,強勢反彈／轉折,市場技術與壓力基準,0,0,資料不足,False,False,False,需要歷史多來源事件回補,-0.028407395402349822,-0.05745295673179884,-0.04532377538086041,-0.1075644961768708
HIST-20090107,2009-01-07,明顯下跌趨勢,市場技術與壓力基準,0,0,資料不足,False,False,False,需要歷史多來源事件回補,0.010512467227878686,-0.059461067738265316,0.004270996708966024,-0.08147149371037155
HIST-20090116,2009-01-16,明顯下跌趨勢,市場技術與壓力基準,0,0,資料不足,False,False,False,需要歷史多來源事件回補,-0.049625924425579226,-0.010537100538333455,-0.006797774890488495,-0.049625924425579226
HIST-20090122,2009-01-22,明顯下跌趨勢,市場技術與壓力基準,0,0,資料不足,False,False,False,需要歷史多來源事件回補,0.004868195982558277,0.0285121354184954,0.0038249066352278316,0.0010435203339018706
HIST-20090130,2009-01-30,明顯下跌趨勢,市場技術與壓力基準,0,0,資料不足,False,False,False,需要歷史多來源事件回補,0.01204389064874234,0.07949082129115714,-0.08327624001095457,-0.08327624001095457
HIST-20090202,2009-02-02,明顯下跌趨勢,市場技術與壓力基準,0,0,資料不足,False,False,False,需要歷史多來源事件回補,0.015641082285130725,0.07106409565444838,-0.09486567058992545,-0.09486567058992545
HIST-20090204,2009-02-04,正常／溫和上漲,市場技術與壓力基準,0,0,資料不足,False,False,False,需要歷史多來源事件回補,0.0220661709718466,0.009695640833662145,-0.11367420736692502,-0.11367420736692502
HIST-20090219,2009-02-19,明顯下跌趨勢,市場技術與壓力基準,0,0,資料不足,False,False,False,需要歷史多來源事件回補,0.002778486893754817,-0.03473477810447112,0.03091332026953264,-0.10593977335072335
HIST-20090224,2009-02-24,明顯下跌趨勢,市場技術與壓力基準,0,0,資料不足,False,False,False,需要歷史多來源事件回補,-0.006601930751590879,-0.0750521435885314,0.055599745906762976,-0.1056290454176273
HIST-20090225,2009-02-25,明顯下跌趨勢,市場技術與壓力基準,0,0,資料不足,False,False,False,需要歷史多來源事件回補,-0.027982108279761442,-0.04407125706761672,0.06751955696692735,-0.0996852296491364
HIST-20090226,2009-02-26,明顯下跌趨勢,市場技術與壓力基準,0,0,資料不足,False,False,False,需要歷史多來源事件回補,-0.009355744345911021,-0.04605926361880652,0.13213184067887385,-0.07376728554088408
HIST-20090304,2009-03-04,明顯下跌趨勢,市場技術與壓力基準,0,0,資料不足,False,False,False,需要歷史多來源事件回補,-0.030003574786444553,0.015367530503169746,0.12773055509011666,-0.058177947878122804
HIST-20090305,2009-03-05,明顯下跌趨勢,市場技術與壓力基準,0,0,資料不足,False,False,False,需要歷史多來源事件回補,-0.00792168726024689,0.08147862474243417,0.20001993034902665,-0.02904585249937941
HIST-20090311,2009-03-11,明顯下跌趨勢,市場技術與壓力基準,0,0,資料不足,False,False,False,需要歷史多來源事件回補,0.03315338380495736,0.07027032806981226,0.1532551707826144,0.01837840822709702
HIST-20090427,2009-04-27,正常／溫和上漲,市場技術與壓力基準,0,0,資料不足,False,False,False,需要歷史多來源事件回補,-0.007411438005374804,0.03913448215133908,0.031425679522732786,-0.02104924684560494
HIST-20090511,2009-05-11,正常／溫和上漲,市場技術與壓力基準,0,0,資料不足,False,False,False,需要歷史多來源事件回補,-0.012226941245743639,-0.0032027661025012533,0.07569073883535382,-0.03871920505702897
HIST-20090513,2009-05-13,橫盤／低波動,市場技術與壓力基準,0,0,資料不足,False,False,False,需要歷史多來源事件回補,0.0112054553073615,0.03815868379435283,0.11508189462023388,0.01059947816738216
HIST-20090617,2009-06-17,正常／溫和上漲,市場技術與壓力基準,0,0,資料不足,False,False,False,需要歷史多來源事件回補,-0.0019503012581605361,-0.007138908300668656,0.042238971961724436,-0.036710223312635515
HIST-20090701,2009-07-01,橫盤／低波動,市場技術與壓力基準,0,0,資料不足,False,False,False,需要歷史多來源事件回補,-0.021977687348699093,-0.04478004599961327,0.08708832250877685,-0.05137347352401733
HIST-20090710,2009-07-10,明顯下跌趨勢,市場技術與壓力基準,0,0,資料不足,False,False,False,需要歷史多來源事件回補,0.01918668764242737,0.07560100865755981,0.1420387377110961,0.01918668764242737
HIST-20090717,2009-07-17,正常／溫和上漲,市場技術與壓力基準,0,0,資料不足,False,False,False,需要歷史多來源事件回補,0.009584781734055081,0.03967040540797928,0.05511196589255851,0.009584781734055081
HIST-20090805,2009-08-05,正常／溫和上漲,市場技術與壓力基準,0,0,資料不足,False,False,False,需要歷史多來源事件回補,-0.008809181093172525,0.0035239392002668346,-0.012081696168060652,-0.03146247255953538
HIST-20090810,2009-08-10,正常／溫和上漲,市場技術與壓力基準,0,0,資料不足,False,False,False,需要歷史多來源事件回補,-0.008586405183714452,-0.028283270967954133,0.028787992838436027,-0.028283270967954133
HIST-20090908,2009-09-08,正常／溫和上漲,市場技術與壓力基準,0,0,資料不足,False,False,False,需要歷史多來源事件回補,0.00859067715386952,0.0262638223369962,0.03045038592088467,0.004407473833842213
HIST-20090925,2009-09-25,正常／溫和上漲,市場技術與壓力基準,0,0,資料不足,False,False,False,需要歷史多來源事件回補,0.01702635804177577,-0.01966410889894954,0.034292030716911226,-0.01966410889894954
HIST-20091007,2009-10-07,正常／溫和上漲,市場技術與壓力基準,0,0,資料不足,False,False,False,需要歷史多來源事件回補,0.004279816190904784,0.026153429973419184,-0.017355901823731146,-0.026152800619535954
HIST-20091021,2009-10-21,橫盤／低波動,市場技術與壓力基準,0,0,資料不足,False,False,False,需要歷史多來源事件回補,0.003940627456948009,-0.04056597444651433,0.02804806761684331,-0.050533359677133016
HIST-20091103,2009-11-03,橫盤／低波動,市場技術與壓力基準,0,0,資料不足,False,False,False,需要歷史多來源事件回補,0.0016961675573605728,0.0571977254695657,0.06810385938799812,0.0016961675573605728
HIST-20091112,2009-11-12,橫盤／低波動,市場技術與壓力基準,0,0,資料不足,False,False,False,需要歷史多來源事件回補,0.008247941375284285,0.00022923020696219432,0.010997086714512605,-0.00481049898605046
HIST-20091123,2009-11-23,正常／溫和上漲,市場技術與壓力基準,0,0,資料不足,False,False,False,需要歷史多來源事件回補,-0.0033986806074807197,-0.0029455098665585044,0.02640394224561793,-0.01427317919864346
HIST-20091223,2009-12-23,正常／溫和上漲,市場技術與壓力基準,0,0,資料不足,False,False,False,需要歷史多來源事件回補,0.00921844179457465,0.0041697940363620845,-0.027436747860337785,-0.03072913826898971
HIST-20091230,2009-12-30,正常／溫和上漲,市場技術與壓力基準,0,0,資料不足,False,False,False,需要歷史多來源事件回補,-0.00909693723409033,0.0,-0.0732071635709638,-0.0732071635709638
HIST-20100128,2010-01-28,明顯下跌趨勢,市場技術與壓力基準,0,0,資料不足,False,False,False,需要歷史多來源事件回補,-0.017451206021805832,-0.02135520972414684,0.027783637974804876,-0.02135520972414684
HIST-20100201,2010-02-01,明顯下跌趨勢,市場技術與壓力基準,0,0,資料不足,False,False,False,需要歷史多來源事件回補,0.009014908645450515,-0.013638327696979147,0.05293601516277002,-0.014794411538561758
HIST-20100202,2010-02-02,明顯下跌趨勢,市場技術與壓力基準,0,0,資料不足,False,False,False,需要歷史多來源事件回補,0.005498614801923152,-0.012370823821532206,0.04467374791332346,-0.023596598999686802
HIST-20100203,2010-02-03,明顯下跌趨勢,市場技術與壓力基準,0,0,資料不足,False,False,False,需要歷史多來源事件回補,-0.02893610530467161,-0.019822699270144795,0.042378266310352464,-0.02893610530467161
HIST-20100204,2010-02-04,明顯下跌趨勢,市場技術與壓力基準,0,0,資料不足,False,False,False,需要歷史多來源事件回補,0.00844704185604872,0.02463654230465484,0.08962892292594882,0.0011734442588657856
HIST-20100205,2010-02-05,明顯下跌趨勢,市場技術與壓力基準,0,0,資料不足,False,False,False,需要歷史多來源事件回補,-0.007212671856120401,0.018147682489544126,0.08259618065742669,-0.007212671856120401
HIST-20100209,2010-02-09,高波動／壓力,市場技術與壓力基準,0,0,資料不足,False,False,False,需要歷史多來源事件回補,-0.002088089420656858,0.03386683244967381,0.09417765515465781,-0.002088089420656858
HIST-20100217,2010-02-17,正常／溫和上漲,市場技術與壓力基準,0,0,資料不足,False,False,False,需要歷史多來源事件回補,0.006282598341005086,0.0008972881737814298,0.06955297656575787,-0.009199279007211958
HIST-20100224,2010-02-24,橫盤／低波動,市場技術與壓力基準,0,0,資料不足,False,False,False,需要歷史多來源事件回補,-0.0002238247472962085,0.022192416221222144,0.07758918927457881,-0.0002238247472962085
HIST-20100423,2010-04-23,正常／溫和上漲,市場技術與壓力基準,0,0,資料不足,False,False,False,需要歷史多來源事件回補,-0.0021773926171916314,-0.02533663933793051,-0.11243112478326878,-0.12213002331104239
HIST-20100518,2010-05-18,高波動／壓力,市場技術與壓力基準,0,0,資料不足,False,False,False,需要歷史多來源事件回補,-0.007969155885228951,-0.0372604328065258,0.010122584831123271,-0.05621401890298405
HIST-20100630,2010-06-30,高波動／壓力,市場技術與壓力基準,0,0,資料不足,False,False,False,需要歷史多來源事件回補,-0.0028101728977217855,0.03488616465222205,0.0702406743511923,-0.005619524857587765
HIST-20100706,2010-07-06,明顯下跌趨勢,市場技術與壓力基準,0,0,資料不足,False,False,False,需要歷史多來源事件回補,0.03192507786384802,0.06408483010696364,0.09084501398221012,0.03192507786384802
HIST-20100715,2010-07-15,明顯下跌趨勢,市場技術與壓力基準,0,0,資料不足,False,False,False,需要歷史多來源事件回補,-0.02763133524862249,0.0037279610147566977,-0.012280540047347466,-0.02763133524862249
HIST-20100730,2010-07-30,強勢反彈／轉折,市場技術與壓力基準,0,0,資料不足,False,False,False,需要歷史多來源事件回補,0.018773063785325617,0.020737710101630613,-0.03798287509604381,-0.04955223572158485
HIST-20100824,2010-08-24,明顯下跌趨勢,市場技術與壓力基準,0,0,資料不足,False,False,False,需要歷史多來源事件回補,0.009622040466990667,-0.004352961706829306,0.11807537904292875,-0.004352961706829306
HIST-20100827,2010-08-27,正常／溫和上漲,市場技術與壓力基準,0,0,資料不足,False,False,False,需要歷史多來源事件回補,-0.01043802365648372,0.044020559993698916,0.1233412655033348,-0.013841815663370505
HIST-20101005,2010-10-05,正常／溫和上漲,市場技術與壓力基準,0,0,資料不足,False,False,False,需要歷史多來源事件回補,-0.008659061822705927,0.009061272395965991,0.06282735190387445,-0.008659061822705927
HIST-20101018,2010-10-18,正常／溫和上漲,市場技術與壓力基準,0,0,資料不足,False,False,False,需要歷史多來源事件回補,-0.009356733121382854,0.011500984461699781,0.019688125942909807,-0.009356733121382854
HIST-20101109,2010-11-09,正常／溫和上漲,市場技術與壓力基準,0,0,資料不足,False,False,False,需要歷史多來源事件回補,0.005051781723893312,-0.03741826327936415,0.011786645357773073,-0.03741826327936415
HIST-20110322,2011-03-22,正常／溫和上漲,市場技術與壓力基準,0,0,資料不足,False,False,False,需要歷史多來源事件回補,0.005595766790899015,0.030324857156094343,0.021660735862329306,0.005595766790899015
HIST-20110411,2011-04-11,橫盤／低波動,市場技術與壓力基準,0,0,資料不足,False,False,False,需要歷史多來源事件回補,-0.006870969797521553,-0.008985273806169425,0.042812065022199475,-0.008985273806169425
HIST-20110421,2011-04-21,正常／溫和上漲,市場技術與壓力基準,0,0,資料不足,False,False,False,需要歷史多來源事件回補,0.0025710982886932854,0.0126842890589427,-0.009770039044899814,-0.016112295617816574
HIST-20110513,2011-05-13,正常／溫和上漲,市場技術與壓力基準,0,0,資料不足,False,False,False,需要歷史多來源事件回補,-0.017291604650347292,-0.01095695004301045,-0.06454397395351896,-0.06454397395351896
HIST-20110524,2011-05-24,正常／溫和上漲,市場技術與壓力基準,0,0,資料不足,False,False,False,需要歷史多來源事件回補,0.0038889985749710476,0.009191856312961377,-0.028585160210025218,-0.047010239424731703
HIST-20110610,2011-06-10,明顯下跌趨勢,市場技術與壓力基準,0,0,資料不足,False,False,False,需要歷史多來源事件回補,0.0,-0.013348539709377438,0.06314022299140265,-0.013348539709377438
HIST-20110907,2011-09-07,高波動／壓力,市場技術與壓力基準,0,0,資料不足,False,False,False,需要歷史多來源事件回補,-0.00457526018927612,0.01317726817592857,-0.01849798957038662,-0.06231985649076044
HIST-20110908,2011-09-08,強勢反彈／轉折,市場技術與壓力基準,0,0,資料不足,False,False,False,需要歷史多來源事件回補,-0.022246868929727937,0.032910602506742936,0.0025913683993592507,-0.058010007177905054
HIST-20110912,2011-09-12,高波動／壓力,市場技術與壓力基準,0,0,資料不足,False,False,False,需要歷史多來源事件回補,0.013367611371264854,0.05300747239376635,0.04054441437698153,-0.04874077373742147
HIST-20110920,2011-09-20,強勢反彈／轉折,市場技術與壓力基準,0,0,資料不足,False,False,False,需要歷史多來源事件回補,-0.017388111696409747,-0.017920440117711323,0.02892107278230127,-0.09261906199312142
HIST-20111018,2011-10-18,高波動／壓力,市場技術與壓力基準,0,0,資料不足,False,False,False,需要歷史多來源事件回補,-0.019313537430203698,-0.011208416632845442,0.0024145476665298204,-0.026728637786641918
HIST-20111115,2011-11-15,正常／溫和上漲,市場技術與壓力基準,0,0,資料不足,False,False,False,需要歷史多來源事件回補,-0.016514852041027317,-0.062102467443710285,-0.0557370936912478,-0.09031478284682626
HIST-20111121,2011-11-21,明顯下跌趨勢,市場技術與壓力基準,0,0,資料不足,False,False,False,需要歷史多來源事件回補,0.003312301566796183,0.0007361291331988706,0.03229567904098918,-0.0268677150310509
HIST-20111123,2011-11-23,明顯下跌趨勢,市場技術與壓力基準,0,0,資料不足,False,False,False,需要歷史多來源事件回補,-0.007693484815205487,0.06549047594499235,0.046425344945716596,-0.007693484815205487
HIST-20111212,2011-12-12,正常／溫和上漲,市場技術與壓力基準,0,0,資料不足,False,False,False,需要歷史多來源事件回補,-0.010996807624260363,-0.033695836917879474,0.035519567773016236,-0.033695836917879474
HIST-20111214,2011-12-14,明顯下跌趨勢,市場技術與壓力基準,0,0,資料不足,False,False,False,需要歷史多來源事件回補,-0.0027330015031270527,0.007334653053262974,0.063994108620957,-0.007465586643761735
HIST-20120103,2012-01-03,正常／溫和上漲,市場技術與壓力基準,0,0,資料不足,False,False,False,需要歷史多來源事件回補,0.004218848231030359,0.02003572997608538,0.0724080608844142,0.004218848231030359
HIST-20120124,2012-01-24,正常／溫和上漲,市場技術與壓力基準,0,0,資料不足,False,False,False,需要歷史多來源事件回補,0.012566974445519685,0.014242363368364153,0.06099185023658782,0.009047983987781949
HIST-20120126,2012-01-26,正常／溫和上漲,市場技術與壓力基準,0,0,資料不足,False,False,False,需要歷史多來源事件回補,0.0029890464091921753,0.016439898837356193,0.06210574205765762,0.0029890464091921753
HIST-20120213,2012-02-13,正常／溫和上漲,市場技術與壓力基準,0,0,資料不足,False,False,False,需要歷史多來源事件回補,0.002537810879261304,0.008881789509810334,0.05091194221388862,-0.004441066182281461
HIST-20120309,2012-03-09,正常／溫和上漲,市場技術與壓力基準,0,0,資料不足,False,False,False,需要歷史多來源事件回補,0.00046113134836067715,0.024806273301346105,0.035436364904573026,0.00046113134836067715
HIST-20120326,2012-03-26,正常／溫和上漲,市場技術與壓力基準,0,0,資料不足,False,False,False,需要歷史多來源事件回補,0.0014680726671572053,0.002055441146109338,-0.049625444075030556,-0.049625444075030556
HIST-20120417,2012-04-17,橫盤／低波動,市場技術與壓力基準,0,0,資料不足,False,False,False,需要歷史多來源事件回補,-0.002545306316711904,-0.030697498080614616,-0.0510630509123956,-0.0510630509123956
HIST-20120504,2012-05-04,高波動／壓力,市場技術與壓力基準,0,0,資料不足,False,False,False,需要歷史多來源事件回補,0.0009273217498944053,-0.008037166516727035,-0.0591960952289593,-0.0663060067047877
HIST-20120516,2012-05-16,明顯下跌趨勢,市場技術與壓力基準,0,0,資料不足,False,False,False,需要歷史多來源事件回補,-0.021131127592583177,-0.006037357266707399,-0.009215025607389071,-0.040197069062289925
HIST-20120522,2012-05-22,明顯下跌趨勢,市場技術與壓力基準,0,0,資料不足,False,False,False,需要歷史多來源事件回補,0.0019218405430176944,-0.0017616122806460854,0.03199477758167446,-0.03251140658640461
HIST-20120524,2012-05-24,明顯下跌趨勢,市場技術與壓力基準,0,0,資料不足,False,False,False,需要歷史多來源事件回補,-0.0012871824544843369,-0.02799682603793363,0.02165098528660514,-0.02799682603793363
HIST-20120529,2012-05-29,明顯下跌趨勢,市場技術與壓力基準,0,0,資料不足,False,False,False,需要歷史多來源事件回補,-0.008431239130001877,-0.02768067112646999,-0.0031228693430521703,-0.03897558185602068
HIST-20120607,2012-06-07,明顯下跌趨勢,市場技術與壓力基準,0,0,資料不足,False,False,False,需要歷史多來源事件回補,0.009635506483741674,0.0014453675598884441,0.03207568172719388,-0.0073867410728643
HIST-20120612,2012-06-12,明顯下跌趨勢,市場技術與壓力基準,0,0,資料不足,False,False,False,需要歷史多來源事件回補,-0.006873632945199715,0.029214061119319457,0.009668454542995919,-0.006873632945199715
HIST-20120613,2012-06-13,明顯下跌趨勢,市場技術與壓力基準,0,0,資料不足,False,False,False,需要歷史多來源事件回補,0.0037021103042973458,0.03714420105879568,0.007138434486395395,0.0022984316882079803
HIST-20120619,2012-06-19,正常／溫和上漲,市場技術與壓力基準,0,0,資料不足,False,False,False,需要歷史多來源事件回補,0.0007784497126714918,-0.026774433654875307,0.0023348799097364648,-0.032845510209334794
HIST-20120620,2012-06-20,正常／溫和上漲,市場技術與壓力基準,0,0,資料不足,False,False,False,需要歷史多來源事件回補,-0.024887263496146117,-0.02162062596598402,0.012599160399806353,-0.0335978057197972
HIST-20120625,2012-06-25,明顯下跌趨勢,市場技術與壓力基準,0,0,資料不足,False,False,False,需要歷史多來源事件回補,0.00627725623832176,0.03573161546560577,0.013359052555637962,0.0011268274124991429
HIST-20120626,2012-06-26,明顯下跌趨勢,市場技術與壓力基準,0,0,資料不足,False,False,False,需要歷史多來源事件回補,0.006078166291609843,0.03790797074777008,0.00032000136651455513,-0.00511829994555979
HIST-20120628,2012-06-28,正常／溫和上漲,市場技術與壓力基準,0,0,資料不足,False,False,False,需要歷史多來源事件回補,0.03151122405625384,0.030867790282682384,0.04292611581655614,0.003697909574085445
HIST-20120629,2012-06-29,強勢反彈／轉折,市場技術與壓力基準,0,0,資料不足,False,False,False,需要歷史多來源事件回補,0.0029613000726129712,-0.0024937016499237963,0.010286762602086164,-0.026963656655908164
HIST-20120821,2012-08-21,正常／溫和上漲,市場技術與壓力基準,0,0,資料不足,False,False,False,需要歷史多來源事件回補,0.004108589652341621,0.003668051887917967,0.03301549995349462,-0.006456165607825803
HIST-20120822,2012-08-22,正常／溫和上漲,市場技術與壓力基準,0,0,資料不足,False,False,False,需要歷史多來源事件回補,-0.008183304716749329,-0.000438735181596539,0.02776560642144199,-0.010521526624750255
HIST-20120925,2012-09-25,橫盤／低波動,市場技術與壓力基準,0,0,資料不足,False,False,False,需要歷史多來源事件回補,-0.008144351953306872,-0.001308786580360155,-0.049011053682481265,-0.049011053682481265
HIST-20120926,2012-09-26,橫盤／低波動,市場技術與壓力基準,0,0,資料不足,False,False,False,需要歷史多來源事件回補,0.013783198622316029,0.013343291220085485,-0.04457476499236157,-0.04457476499236157
HIST-20121003,2012-10-03,橫盤／低波動,市場技術與壓力基準,0,0,資料不足,False,False,False,需要歷史多來源事件回補,0.0034727326522114854,-0.03168870875085383,-0.05701089630215139,-0.06019397050653197
HIST-20121011,2012-10-11,正常／溫和上漲,市場技術與壓力基準,0,0,資料不足,False,False,False,需要歷史多來源事件回補,-0.000449797211488967,0.008694255687958563,-0.04931780541700537,-0.05321542570139204
HIST-20121015,2012-10-15,正常／溫和上漲,市場技術與壓力基準,0,0,資料不足,False,False,False,需要歷史多來源事件回補,0.014142988794488165,-0.017120931155475416,-0.0733958208570521,-0.0733958208570521
HIST-20121022,2012-10-22,明顯下跌趨勢,市場技術與壓力基準,0,0,資料不足,False,False,False,需要歷史多來源事件回補,-0.009542384280964766,-0.016207016068025992,-0.03165664326945361,-0.0604361844433432
HIST-20121031,2012-10-31,明顯下跌趨勢,市場技術與壓力基準,0,0,資料不足,False,False,False,需要歷史多來源事件回補,0.014164941216806337,-0.01200905169487232,0.014780503539367551,-0.04495780016497419
HIST-20121102,2012-11-02,明顯下跌趨勢,市場技術與壓力基準,0,0,資料不足,False,False,False,需要歷史多來源事件回補,0.006598763226879578,-0.02669886312647929,0.0076729375924657894,-0.0481815597805082
HIST-20121105,2012-11-05,明顯下跌趨勢,市場技術與壓力基準,0,0,資料不足,False,False,False,需要歷史多來源事件回補,0.0018289119953678323,-0.03323179111299712,0.0004571461785780606,-0.05442121032592673
HIST-20121115,2012-11-15,明顯下跌趨勢,市場技術與壓力基準,0,0,資料不足,False,False,False,需要歷史多來源事件回補,0.004353046436810226,0.04626825119107569,0.04288287914107558,0.004353046436810226
HIST-20121120,2012-11-20,明顯下跌趨勢,市場技術與壓力基準,0,0,資料不足,False,False,False,需要歷史多來源事件回補,0.0020377315162702914,0.026958803660392272,0.03855806383940874,0.0020377315162702914
HIST-20121217,2012-12-17,強勢反彈／轉折,市場技術與壓力基準,0,0,資料不足,False,False,False,需要歷史多來源事件回補,0.015255666988105432,-0.0017934279884423976,0.02627930770718767,-0.021582908181897786
HIST-20121224,2012-12-24,橫盤／低波動,市場技術與壓力基準,0,0,資料不足,False,False,False,需要歷史多來源事件回補,-0.008760129617631396,0.032733905271558505,0.024435242666221546,-0.019825034966035382
HIST-20130108,2013-01-08,正常／溫和上漲,市場技術與壓力基準,0,0,資料不足,False,False,False,需要歷史多來源事件回補,0.003758010856647065,0.0016537507377427652,0.010824165122921947,-0.0006012355178052209
HIST-20130114,2013-01-14,正常／溫和上漲,市場技術與壓力基準,0,0,資料不足,False,False,False,需要歷史多來源事件回補,-0.004928141526010954,0.003286022885585771,0.011499868439194039,-0.007168310209539452
HIST-20130204,2013-02-04,橫盤／低波動,市場技術與壓力基準,0,0,資料不足,False,False,False,需要歷史多來源事件回補,0.014741379996963122,0.023014786984740354,0.0330926002385834,-0.0025569487626212473
HIST-20130422,2013-04-22,正常／溫和上漲,市場技術與壓力基準,0,0,資料不足,False,False,False,需要歷史多來源事件回補,0.009594530880199681,0.020642847999074565,0.07850018359671562,0.00915846932671438
HIST-20130524,2013-05-24,正常／溫和上漲,市場技術與壓力基準,0,0,資料不足,False,False,False,需要歷史多來源事件回補,0.006538357077029877,-0.0004087924026361378,-0.04712493122955752,-0.04712493122955752
HIST-20130529,2013-05-29,正常／溫和上漲,市場技術與壓力基準,0,0,資料不足,False,False,False,需要歷史多來源事件回補,0.005303284938483088,-0.020260861092099902,-0.03325791805398226,-0.04880935042869916
HIST-20130606,2013-06-06,橫盤／低波動,市場技術與壓力基準,0,0,資料不足,False,False,False,需要歷史多來源事件回補,0.013674104395590803,0.004972529984701879,0.005657588610114894,-0.03383202211864944
HIST-20130730,2013-07-30,正常／溫和上漲,市場技術與壓力基準,0,0,資料不足,False,False,False,需要歷史多來源事件回補,0.0018508022070815588,0.012296379469257657,-0.006478818478418247,-0.006478818478418247
HIST-20130802,2013-08-02,正常／溫和上漲,市場技術與壓力基準,0,0,資料不足,False,False,False,需要歷史多來源事件回補,0.0006500766717487672,-0.006236255805556534,-0.01948784419523797,-0.023775083844551848
HIST-20130809,2013-08-09,橫盤／低波動,市場技術與壓力基準,0,0,資料不足,False,False,False,需要歷史多來源事件回補,0.002353229889084485,-0.013203716175512858,0.01751841514541952,-0.017648891038193892
HIST-20130826,2013-08-26,橫盤／低波動,市場技術與壓力基準,0,0,資料不足,False,False,False,需要歷史多來源事件回補,-0.020466811243702754,-0.010559490099100843,0.030722251096784392,-0.020466811243702754
HIST-20130827,2013-08-27,橫盤／低波動,市場技術與壓力基準,0,0,資料不足,False,False,False,需要歷史多來源事件回補,0.003859241074325226,0.020894454091636483,0.04865406410041051,0.003859241074325226
HIST-20130905,2013-09-05,橫盤／低波動,市場技術與壓力基準,0,0,資料不足,False,False,False,需要歷史多來源事件回補,0.001171476633142099,0.015226764405415372,0.027542744306157108,0.001171476633142099
HIST-20130911,2013-09-11,正常／溫和上漲,市場技術與壓力基準,0,0,資料不足,False,False,False,需要歷史多來源事件回補,-0.0006404550865365399,0.01601344455156184,-0.010874135233299276,-0.010874135233299276
HIST-20130920,2013-09-20,正常／溫和上漲,市場技術與壓力基準,0,0,資料不足,False,False,False,需要歷史多來源事件回補,-0.0020254594886660593,0.0010129977615205288,0.04000478142662334,-0.02544630222046884
HIST-20131025,2013-10-25,正常／溫和上漲,市場技術與壓力基準,0,0,資料不足,False,False,False,需要歷史多來源事件回補,0.00024148371517185296,-0.0010855530630839993,0.013148604420255117,-0.017611456379705515
HIST-20131111,2013-11-11,正常／溫和上漲,市場技術與壓力基準,0,0,資料不足,False,False,False,需要歷史多來源事件回補,0.0015773327724124542,0.008858136437332353,0.04708168775223198,0.0015773327724124542
HIST-20131213,2013-12-13,橫盤／低波動,市場技術與壓力基準,0,0,資料不足,False,False,False,需要歷史多來源事件回補,0.005539159605862487,0.022684695458000892,0.036281141118177596,0.0035358164090104616
HIST-20131224,2013-12-24,正常／溫和上漲,市場技術與壓力基準,0,0,資料不足,False,False,False,需要歷史多來源事件回補,0.003315866097351794,-0.002058479943117364,-0.008119050317261678,-0.01646677772644578
HIST-20131231,2013-12-31,正常／溫和上漲,市場技術與壓力基準,0,0,資料不足,False,False,False,需要歷史多來源事件回補,-0.007844433781190041,-0.007389635316698673,-0.016598272552783122,-0.034447216890595045
HIST-20140131,2014-01-31,高波動／壓力,市場技術與壓力基準,0,0,資料不足,False,False,False,需要歷史多來源事件回補,-0.02295113856457831,0.011939374926980051,0.04372601102291851,-0.02295113856457831
HIST-20140305,2014-03-05,正常／溫和上漲,市場技術與壓力基準,0,0,資料不足,False,False,False,需要歷史多來源事件回補,-0.0008784145886060468,-0.005491129766714731,-0.015544568577499196,-0.043722151418734145
HIST-20140311,2014-03-11,正常／溫和上漲,市場技術與壓力基準,0,0,資料不足,False,False,False,需要歷史多來源事件回補,0.0037685107217224623,0.0034356771667329866,-0.040817395230808184,-0.0495937837277004
HIST-20140317,2014-03-17,橫盤／低波動,市場技術與壓力基準,0,0,資料不足,False,False,False,需要歷史多來源事件回補,0.012073117999447103,-0.011495513509281796,-0.050153099022893555,-0.05754758305977947
HIST-20140321,2014-03-21,橫盤／低波動,市場技術與壓力基準,0,0,資料不足,False,False,False,需要歷史多來源事件回補,-0.008764059937548918,-0.02191000848350677,-0.0242699726646749,-0.054943381404025105
HIST-20140514,2014-05-14,正常／溫和上漲,市場技術與壓力基準,0,0,資料不足,False,False,False,需要歷史多來源事件回補,-0.00785594827498115,0.011499106686098104,0.048047099974283025,-0.00785594827498115
HIST-20140603,2014-06-03,正常／溫和上漲,市場技術與壓力基準,0,0,資料不足,False,False,False,需要歷史多來源事件回補,0.0037288805695767646,0.018973624634362807,0.04403550664786082,0.0037288805695767646
HIST-20140610,2014-06-10,正常／溫和上漲,市場技術與壓力基準,0,0,資料不足,False,False,False,需要歷史多來源事件回補,-0.00021557492740820194,-0.004951091664029961,0.02481079644012496,-0.0092565418369277
HIST-20140630,2014-06-30,正常／溫和上漲,市場技術與壓力基準,0,0,資料不足,False,False,False,需要歷史多來源事件回補,0.01096834884298259,0.003727107965347143,0.028644476584190226,0.003727107965347143
HIST-20140721,2014-07-21,正常／溫和上漲,市場技術與壓力基準,0,0,資料不足,False,False,False,需要歷史多來源事件回補,0.006353841900345936,0.008021159025457303,0.022395811413580713,-0.018541681751813144
HIST-20140807,2014-08-07,正常／溫和上漲,市場技術與壓力基準,0,0,資料不足,False,False,False,需要歷史多來源事件回補,0.007217504472542657,0.028762770972698526,0.06017857144442518,0.007217504472542657
HIST-20140909,2014-09-09,正常／溫和上漲,市場技術與壓力基準,0,0,資料不足,False,False,False,需要歷史多來源事件回補,0.00826225129997371,0.0013098136063010024,-0.02468755496712316,-0.02468755496712316
HIST-20141212,2014-12-12,橫盤／低波動,市場技術與壓力基準,0,0,資料不足,False,False,False,需要歷史多來源事件回補,-0.010324311025102006,0.019857032745494996,-0.007516481419271859,-0.026200394908696523
HIST-20141218,2014-12-18,正常／溫和上漲,市場技術與壓力基準,0,0,資料不足,False,False,False,需要歷史多來源事件回補,0.0043999431976187164,0.011332299214068309,-0.021595631403776072,-0.04056343223426273
HIST-20150113,2015-01-13,高波動／壓力,市場技術與壓力基準,0,0,資料不足,False,False,False,需要歷史多來源事件回補,-0.00551593567599884,0.006107306090329168,0.03211204409669244,-0.018420275266917252
HIST-20150123,2015-01-23,正常／溫和上漲,市場技術與壓力基準,0,0,資料不足,False,False,False,需要歷史多來源事件回補,-0.0011506214424353844,-0.030308735600286463,0.040859780322132444,-0.0320351860978072
HIST-20150127,2015-01-27,高波動／壓力,市場技術與壓力基準,0,0,資料不足,False,False,False,需要歷史多來源事件回補,-0.0051264646236812705,0.014984180396346192,0.06792188608131422,-0.0051264646236812705
HIST-20150602,2015-06-02,正常／溫和上漲,市場技術與壓力基準,0,0,資料不足,False,False,False,需要歷史多來源事件回補,0.002998090048659252,-0.018715322596689732,-0.02501799622712264,-0.028478426532889678
HIST-20150618,2015-06-18,橫盤／低波動,市場技術與壓力基準,0,0,資料不足,False,False,False,需要歷史多來源事件回補,-0.004944174206152674,-0.003947710576662988,0.0285593955122041,-0.03989593973107397
HIST-20150723,2015-07-23,高波動／壓力,市場技術與壓力基準,0,0,資料不足,False,False,False,需要歷史多來源事件回補,-0.00980369522421698,-0.0010693840538152921,-0.04563270795732233,-0.04563270795732233
HIST-20150806,2015-08-06,正常／溫和上漲,市場技術與壓力基準,0,0,資料不足,False,False,False,需要歷史多來源事件回補,-0.0012675818252279036,-0.0009959625004982708,-0.06392053160360156,-0.11190603784657505
HIST-20151104,2015-11-04,正常／溫和上漲,市場技術與壓力基準,0,0,資料不足,False,False,False,需要歷史多來源事件回補,-0.0026951821421017375,-0.016344794969414433,-0.021822440978425228,-0.04503536022409582
HIST-20151123,2015-11-23,橫盤／低波動,市場技術與壓力基準,0,0,資料不足,False,False,False,需要歷史多來源事件回補,-0.0008759255855975701,0.008847926053972888,-0.01777135919335293,-0.0349061878707414
HIST-20151127,2015-11-27,橫盤／低波動,市場技術與壓力基準,0,0,資料不足,False,False,False,需要歷史多來源事件回補,-0.0025368520645100423,0.007260777558699694,-0.012565163694667758,-0.036257231382575306
HIST-20151214,2015-12-14,高波動／壓力,市場技術與壓力基準,0,0,資料不足,False,False,False,需要歷史多來源事件回補,0.006091581693837833,-0.0021577833996966334,-0.08437512919447065,-0.08437512919447065
HIST-20151218,2015-12-18,高波動／壓力,市場技術與壓力基準,0,0,資料不足,False,False,False,需要歷史多來源事件回補,0.011107783744555455,0.02458339347323557,-0.08267344310345581,-0.08267344310345581
HIST-20160113,2016-01-13,高波動／壓力,市場技術與壓力基準,0,0,資料不足,False,False,False,需要歷史多來源事件回補,0.02129507206660053,-0.010304413669872226,-0.052502244874831794,-0.0547596798590807
HIST-20160122,2016-01-22,高波動／壓力,市場技術與壓力基準,0,0,資料不足,False,False,False,需要歷史多來源事件回補,-0.01484062577383749,0.003468774682489739,-0.004722143477969065,-0.07179363404137595
HIST-20160125,2016-01-25,高波動／壓力,市場技術與壓力基準,0,0,資料不足,False,False,False,需要歷史多來源事件回補,0.008999464354020104,0.02132455516948295,-0.006358269949632511,-0.05781095907682421
HIST-20160224,2016-02-24,高波動／壓力,市場技術與壓力基準,0,0,資料不足,False,False,False,需要歷史多來源事件回補,0.009848389143680913,0.031984129570305164,0.048737587482156064,-0.00048782453213225274
HIST-20160304,2016-03-04,正常／溫和上漲,市場技術與壓力基準,0,0,資料不足,False,False,False,需要歷史多來源事件回補,-0.006151205530196435,0.007760277148527006,0.04349493969642304,-0.01438428085489074
HIST-20160308,2016-03-08,強勢反彈／轉折,市場技術與壓力基準,0,0,資料不足,False,False,False,需要歷史多來源事件回補,0.006433172930759845,0.023811922865463186,0.06575383322004713,0.004897032011049296
HIST-20160309,2016-03-09,強勢反彈／轉折,市場技術與壓力基準,0,0,資料不足,False,False,False,需要歷史多來源事件回補,-0.0015263218274464974,0.026330818281406154,0.04372773050675094,-0.0015263218274464974
HIST-20160310,2016-03-10,強勢反彈／轉折,市場技術與壓力基準,0,0,資料不足,False,False,False,需要歷史多來源事件回補,0.01748508326640197,0.027326262156869507,0.04455670065311912,0.01748508326640197
HIST-20160314,2016-03-14,強勢反彈／轉折,市場技術與壓力基準,0,0,資料不足,False,False,False,需要歷史多來源事件回補,-0.0003750012152816673,0.01349711164187406,0.029669386274245646,-0.0003750012152816673
HIST-20160315,2016-03-15,強勢反彈／轉折,市場技術與壓力基準,0,0,資料不足,False,False,False,需要歷史多來源事件回補,0.008909311222500937,0.016981191496969084,0.04322406515180366,0.007481379145105604
HIST-20160317,2016-03-17,強勢反彈／轉折,市場技術與壓力基準,0,0,資料不足,False,False,False,需要歷史多來源事件回補,0.0015673768816848455,0.0005412138976073066,0.032070406492974435,-0.0008579044060093022
HIST-20160322,2016-03-22,強勢反彈／轉折,市場技術與壓力基準,0,0,資料不足,False,False,False,需要歷史多來源事件回補,-0.008231593998098363,0.011468611488148373,0.023307542999133846,-0.009341187852137
HIST-20160420,2016-04-20,正常／溫和上漲,市場技術與壓力基準,0,0,資料不足,False,False,False,需要歷史多來源事件回補,9.04157120107385e-05,-0.02765726882245212,-0.04320335672966591,-0.050795458001197114
HIST-20160512,2016-05-12,正常／溫和上漲,市場技術與壓力基準,0,0,資料不足,False,False,False,需要歷史多來源事件回補,-0.003683305620902466,-0.005477490156629794,0.028803439105566042,-0.005477490156629794
HIST-20160607,2016-06-07,正常／溫和上漲,市場技術與壓力基準,0,0,資料不足,False,False,False,需要歷史多來源事件回補,0.0017243259331292116,-0.019513536155951527,-0.014444981705803772,-0.06977423701687069
HIST-20160719,2016-07-19,正常／溫和上漲,市場技術與壓力基準,0,0,資料不足,False,False,False,需要歷史多來源事件回補,0.011682588167763575,0.01480394495469084,0.043877387458748585,0.009364070360782017
HIST-20160816,2016-08-16,正常／溫和上漲,市場技術與壓力基準,0,0,資料不足,False,False,False,需要歷史多來源事件回補,0.0017943176747108325,0.004357099214628457,-0.010337412275199798,-0.02366505100460392
HIST-20160831,2016-08-31,橫盤／低波動,市場技術與壓力基準,0,0,資料不足,False,False,False,需要歷史多來源事件回補,0.002576206719590024,0.006784552262919741,0.014558650191670797,-0.018550501868630276
HIST-20161024,2016-10-24,橫盤／低波動,市場技術與壓力基準,0,0,資料不足,False,False,False,需要歷史多來源事件回補,-0.0031781898895230087,-0.02157764726141176,-0.008614234920445885,-0.049510991510306246
HIST-20161028,2016-10-28,橫盤／低波動,市場技術與壓力基準,0,0,資料不足,False,False,False,需要歷史多來源事件回補,-0.0009394687884415331,-0.029462020083088736,0.012211978739490092,-0.029462020083088736
HIST-20170113,2017-01-13,正常／溫和上漲,市場技術與壓力基準,0,0,資料不足,False,False,False,需要歷史多來源事件回補,-0.003004277236858033,0.0015426208493733995,0.04011052144748595,-0.003004277236858033
HIST-20170120,2017-01-20,正常／溫和上漲,市場技術與壓力基準,0,0,資料不足,False,False,False,需要歷史多來源事件回補,0.0008113650548340345,0.02068997401122097,0.053225151326022235,0.0008113650548340345
HIST-20170512,2017-05-12,正常／溫和上漲,市場技術與壓力基準,0,0,資料不足,False,False,False,需要歷史多來源事件回補,0.0031743665069343674,-0.00548355081278018,0.004545576558192543,-0.018253984720232985
HIST-20170619,2017-06-19,正常／溫和上漲,市場技術與壓力基準,0,0,資料不足,False,False,False,需要歷史多來源事件回補,-0.007831409451837135,0.0008540587341867578,0.019079976648345376,-0.03040029216098894
HIST-20170626,2017-06-26,正常／溫和上漲,市場技術與壓力基準,0,0,資料不足,False,False,False,需要歷史多來源事件回補,-0.018139139111796987,-0.031227680621792153,0.02717298037467919,-0.031227680621792153
HIST-20170628,2017-06-28,高波動／壓力,市場技術與壓力基準,0,0,資料不足,False,False,False,需要歷史多來源事件回補,-0.01735470869997635,-0.026639095999958395,0.028138627071054412,-0.027353279638418493
HIST-20170710,2017-07-10,高波動／壓力,市場技術與壓力基準,0,0,資料不足,False,False,False,需要歷史多來源事件回補,0.002812658986919292,0.025458121866855032,0.04255047911369059,0.002812658986919292
HIST-20170724,2017-07-24,高波動／壓力,市場技術與壓力基準,0,0,資料不足,False,False,False,需要歷史多來源事件回補,-0.0025562922045342384,-0.010638029986322683,-0.02569610306733805,-0.02583454418011799
HIST-20170727,2017-07-27,正常／溫和上漲,市場技術與壓力基準,0,0,資料不足,False,False,False,需要歷史多來源事件回補,-0.0008334074264986224,-0.003959163598834414,-0.011739058502837851,-0.020352923566240966
HIST-20170731,2017-07-31,正常／溫和上漲,市場技術與壓力基準,0,0,資料不足,False,False,False,需要歷史多來源事件回補,0.0023038060196689525,0.00928615044489045,-0.0057246740271719165,-0.01535991341327314
HIST-20170808,2017-08-08,正常／溫和上漲,市場技術與壓力基準,0,0,資料不足,False,False,False,需要歷史多來源事件回補,-0.001316744981257001,-0.0019403126505870283,0.005682729129120601,-0.022728895591374365
HIST-20171016,2017-10-16,正常／溫和上漲,市場技術與壓力基準,0,0,資料不足,False,False,False,需要歷史多來源事件回補,0.0012768368159974397,-0.00745704849547002,0.033725500503522854,-0.012697227626247809
HIST-20171101,2017-11-01,正常／溫和上漲,市場技術與壓力基準,0,0,資料不足,False,False,False,需要歷史多來源事件回補,-0.0019069614136068003,0.01577906670602247,0.020052696802276282,-0.0019069614136068003
HIST-20171122,2017-11-22,正常／溫和上漲,市場技術與壓力基準,0,0,資料不足,False,False,False,需要歷史多來源事件回補,0.003661599353202538,-0.003468041948790801,0.01406312920434405,-0.019140168997212714
HIST-20171214,2017-12-14,正常／溫和上漲,市場技術與壓力基準,0,0,資料不足,False,False,False,需要歷史多來源事件回補,0.011354938595548703,0.01282694038107568,0.054420195370822544,0.0013194396333031655
HIST-20171228,2017-12-28,正常／溫和上漲,市場技術與壓力基準,0,0,資料不足,False,False,False,需要歷史多來源事件回補,-0.006188998477480667,0.03311446152522235,0.08530596401229906,-0.006188998477480667
HIST-20180226,2018-02-26,高波動／壓力,市場技術與壓力基準,0,0,資料不足,False,False,False,需要歷史多來源事件回補,-0.012382612667175996,-0.015081873963338377,-0.033645993821901254,-0.0682679254004086
HIST-20180411,2018-04-11,高波動／壓力,市場技術與壓力基準,0,0,資料不足,False,False,False,需要歷史多來源事件回補,0.01204162564056488,0.03843339280485081,0.047417129284325954,-0.011354658263877826
HIST-20180425,2018-04-25,高波動／壓力,市場技術與壓力基準,0,1,資料不足,False,False,False,需要歷史多來源事件回補,0.02105264226579573,0.019981045271546538,0.06902038978515779,0.014434325216235777
HIST-20180501,2018-05-01,高波動／壓力,市場技術與壓力基準,0,2,資料不足,False,False,False,需要歷史多來源事件回補,-0.005897668529517119,0.020211262456095058,0.045460226037548956,-0.006020365524242233
HIST-20180504,2018-05-04,強勢反彈／轉折,市場技術與壓力基準,0,2,資料不足,False,False,False,需要歷史多來源事件回補,0.008309730252740621,0.02784059557918983,0.05719682937161097,0.007278658594725762
HIST-20180517,2018-05-17,正常／溫和上漲,市場技術與壓力基準,0,2,資料不足,False,False,False,需要歷史多來源事件回補,-0.005168614864609511,0.007247887691326893,0.05138712758840991,-0.005168614864609511
HIST-20180525,2018-05-25,正常／溫和上漲,市場技術與壓力基準,0,2,資料不足,False,False,False,需要歷史多來源事件回補,-0.0044191614231929854,0.026985592859948504,0.011883192922660601,-0.0044191614231929854
HIST-20180606,2018-06-06,正常／溫和上漲,市場技術與壓力基準,0,2,資料不足,False,False,False,需要歷史多來源事件回補,-0.008131235479037158,-0.0002271422745019347,-0.014612941779130306,-0.03279155931980782
HIST-20180719,2018-07-19,正常／溫和上漲,市場技術與壓力基準,0,2,資料不足,False,False,False,需要歷史多來源事件回補,-0.00022318250349717683,0.005697707468605762,0.004412836997949254,-0.021895406588067434
HIST-20180907,2018-09-07,橫盤／低波動,市場技術與壓力基準,0,5,部分可用,False,False,False,需要歷史多來源事件回補,0.003367682248690107,0.01590171138746599,-0.0035106498913233253,-0.0035106498913233253
HIST-20180920,2018-09-20,正常／溫和上漲,市場技術與壓力基準,0,5,部分可用,False,False,False,需要歷史多來源事件回補,-0.005467728308545583,0.007819269130740825,-0.060785929387647486,-0.08020149849167613
HIST-20181003,2018-10-03,橫盤／低波動,市場技術與壓力基準,0,5,部分可用,False,False,False,需要歷史多來源事件回補,-0.019199001780636382,-0.07647237269847262,-0.08674394779468719,-0.12218351340153666
HIST-20181005,2018-10-05,高波動／壓力,市場技術與壓力基準,0,5,部分可用,False,False,False,需要歷史多來源事件回補,-0.006106214196179849,-0.032362178252651086,-0.059783635274708424,-0.0939218833839105
HIST-20181101,2018-11-01,高波動／壓力,市場技術與壓力基準,0,6,完整（官方）,False,True,False,需要歷史多來源事件回補,-0.015576052387081707,0.013948653528619959,-0.01563442353733646,-0.0749741992056302
HIST-20181108,2018-11-08,高波動／壓力,市場技術與壓力基準,0,6,完整（官方）,False,True,False,需要歷史多來源事件回補,-0.016852386797654773,-0.03651273837905,-0.06528715840290866,-0.08769956193027306
HIST-20181112,2018-11-12,高波動／壓力,市場技術與壓力基準,0,6,完整（官方）,False,True,False,需要歷史多來源事件回補,0.0008418760408908099,-0.025671624745522537,-0.007695140557995583,-0.043107082041051736
HIST-20181127,2018-11-27,明顯下跌趨勢,市場技術與壓力基準,0,6,完整（官方）,False,True,False,需要歷史多來源事件回補,0.0321827643967052,0.013949575113534785,-0.06089155873375118,-0.11949014016816406
HIST-20181129,2018-11-29,明顯下跌趨勢,市場技術與壓力基準,0,6,完整（官方）,False,True,False,需要歷史多來源事件回補,0.007255387799533386,-0.0402615725591734,-0.07998005488722526,-0.14415362698307366
HIST-20181211,2018-12-11,高波動／壓力,市場技術與壓力基準,0,6,完整（官方）,False,True,False,需要歷史多來源事件回補,0.008801912258584732,-0.03172130337336032,-0.011420716500761374,-0.12040468792043446
HIST-20181220,2018-12-20,高波動／壓力,市場技術與壓力基準,0,6,完整（官方）,False,True,False,需要歷史多來源事件回補,-0.030993510154059933,0.007338646951980499,0.06640832859523904,-0.05502299621805795
HIST-20181228,2018-12-28,高波動／壓力,市場技術與壓力基準,0,6,完整（官方）,False,True,False,需要歷史多來源事件回補,0.008433284985065237,0.03347105739639078,0.05622067977685963,-0.020591781547401822
HIST-20190122,2019-01-22,強勢反彈／轉折,市場技術與壓力基準,0,6,完整（官方）,False,True,False,需要歷史多來源事件回補,0.001296508052545997,-0.0022846953467867692,0.06366551988994895,-0.0022846953467867692
HIST-20190123,2019-01-23,強勢反彈／轉折,市場技術與壓力基準,0,6,完整（官方）,False,True,False,需要歷史多來源事件回補,0.0064756263973506645,0.021770180823246665,0.05840317475884005,-0.0035765663522565605
HIST-20190124,2019-01-24,強勢反彈／轉折,市場技術與壓力基準,0,6,完整（官方）,False,True,False,需要歷史多來源事件回補,0.011948437331823492,0.030392201647353234,0.05937537188763753,-0.009987517318813421
HIST-20190125,2019-01-25,強勢反彈／轉折,市場技術與壓力基準,0,6,完整（官方）,False,True,False,需要歷史多來源事件回補,-0.012352245771282355,0.013926753890063814,0.05068135690943065,-0.02167694898415451
HIST-20190130,2019-01-30,強勢反彈／轉折,市場技術與壓力基準,0,7,完整（官方）,False,True,False,需要歷史多來源事件回補,0.014968586920784288,0.029213173940058956,0.04532849636768921,0.01068310230771341
HIST-20190307,2019-03-07,橫盤／低波動,市場技術與壓力基準,0,8,完整（官方）,False,True,False,需要歷史多來源事件回補,-0.0015165491996612657,0.0307999188112853,0.07358338524278452,-0.0015165491996612657
HIST-20190314,2019-03-14,正常／溫和上漲,市場技術與壓力基準,0,8,完整（官方）,False,True,False,需要歷史多來源事件回補,0.009280795812352638,0.03504203400019201,0.04898848614226914,0.008566588990224444
HIST-20190327,2019-03-27,正常／溫和上漲,市場技術與壓力基準,0,8,完整（官方）,False,True,False,需要歷史多來源事件回補,0.002304396278604681,0.03305200106458939,0.07071360255357839,0.002304396278604681
HIST-20190531,2019-05-31,明顯下跌趨勢,市場技術與壓力基準,0,8,完整（官方）,False,True,False,需要歷史多來源事件回補,-0.02201772959634485,0.04075906871193968,0.07590044509888605,-0.02201772959634485
HIST-20190604,2019-06-04,明顯下跌趨勢,市場技術與壓力基準,0,8,完整（官方）,False,True,False,需要歷史多來源事件回補,0.00743243779924474,0.048539226379717526,0.08873194443670962,0.00743243779924474
HIST-20190605,2019-06-05,明顯下跌趨勢,市場技術與壓力基準,0,8,完整（官方）,False,True,False,需要歷史多來源事件回補,0.007945091318118047,0.03478799254563736,0.08883284704527905,0.007945091318118047
HIST-20190614,2019-06-14,正常／溫和上漲,市場技術與壓力基準,0,8,完整（官方）,False,True,False,需要歷史多來源事件回補,0.006022940789191855,0.032468237612647055,0.06537058231553505,0.006022940789191855
HIST-20190619,2019-06-19,正常／溫和上漲,市場技術與壓力基準,0,8,完整（官方）,False,True,False,需要歷史多來源事件回補,0.009299070971952927,-0.004859270036711827,0.030652736594228402,-0.009465578442343525
HIST-20190805,2019-08-05,高波動／壓力,市場技術與壓力基準,0,8,完整（官方）,False,True,False,需要歷史多來源事件回補,0.013998978196079648,0.02003017803985574,0.027222919441031834,0.007414558369557067
HIST-20190823,2019-08-23,明顯下跌趨勢,市場技術與壓力基準,0,8,完整（官方）,False,True,False,需要歷史多來源事件回補,0.015103897106325537,0.02965899597664645,0.048410812979257756,0.012961737447432675
HIST-20190920,2019-09-20,橫盤／低波動,市場技術與壓力基準,0,8,完整（官方）,False,True,False,需要歷史多來源事件回補,0.00044118078115307213,-0.017782099116945282,0.006690699035623693,-0.03343203323211141
HIST-20190926,2019-09-26,正常／溫和上漲,市場技術與壓力基準,0,8,完整（官方）,False,True,False,需要歷史多來源事件回補,-0.0124089668335442,-0.0174780153008518,0.024870496601336,-0.028144512467449423
HIST-20191107,2019-11-07,正常／溫和上漲,市場技術與壓力基準,0,8,完整（官方）,False,True,False,需要歷史多來源事件回補,0.003991373827872513,0.004989435462066094,0.022800948110950126,0.0026443873075756574
HIST-20191112,2019-11-12,正常／溫和上漲,市場技術與壓力基準,0,8,完整（官方）,False,True,False,需要歷史多來源事件回補,0.0002482989705809846,0.009080073222553775,0.01706840419663913,-0.0006449303417633834
HIST-20191120,2019-11-20,正常／溫和上漲,市場技術與壓力基準,0,8,完整（官方）,False,True,False,需要歷史多來源事件回補,-0.0022261380226026306,0.019243114645557613,0.04308694075853414,-0.0036606204600648784
HIST-20191126,2019-11-26,正常／溫和上漲,市場技術與壓力基準,0,8,完整（官方）,False,True,False,需要歷史多來源事件回補,0.006988956502141042,-0.010654294218678362,0.04713117748090112,-0.01563941153155679
HIST-20191223,2019-12-23,正常／溫和上漲,市場技術與壓力基準,0,8,完整（官方）,False,True,False,需要歷史多來源事件回補,0.0005193661081588363,0.0037771467675584702,0.060336962453643395,0.0005193661081588363
HIST-20200129,2020-01-29,高波動／壓力,市場技術與壓力基準,0,8,完整（官方）,False,True,False,需要歷史多來源事件回補,0.0035616489900458514,0.028898508419545443,-0.07290024271061601,-0.07290024271061601
HIST-20200225,2020-02-25,高波動／壓力,市場技術與壓力基準,0,8,完整（官方）,False,True,False,需要歷史多來源事件回補,0.005153931298204739,-0.027348267130949733,-0.1454176160776488,-0.21391084043647957
HIST-20200320,2020-03-20,高波動／壓力,市場技術與壓力基準,0,8,完整（官方）,False,True,False,需要歷史多來源事件回補,0.0007219691100956993,0.0878432931979114,0.24893628769005027,0.0007219691100956993
HIST-20200402,2020-04-02,高波動／壓力,市場技術與壓力基準,0,8,完整（官方）,False,True,False,需要歷史多來源事件回補,-0.014192525943262924,0.07983456509496478,0.1437025917045569,-0.014192525943262924
HIST-20200406,2020-04-06,高波動／壓力,市場技術與壓力基準,0,8,完整（官方）,False,True,False,需要歷史多來源事件回補,-0.0004068754127984908,0.07827802653578741,0.1077977282023892,-0.0004068754127984908
HIST-20200409,2020-04-09,強勢反彈／轉折,市場技術與壓力基準,0,8,完整（官方）,False,True,False,需要歷史多來源事件回補,0.01080354499301417,0.0718411462989117,0.11948617339842649,0.01080354499301417
HIST-20200413,2020-04-13,強勢反彈／轉折,市場技術與壓力基準,0,8,完整（官方）,False,True,False,需要歷史多來源事件回補,0.04349129462879198,0.04782588758476258,0.11742105210620268,0.009161274745595582
HIST-20200417,2020-04-17,強勢反彈／轉折,市場技術與壓力基準,0,8,完整（官方）,False,True,False,需要歷史多來源事件回補,-0.01184412880268515,-0.006735062605899511,0.03706637858776962,-0.04830692728599073
HIST-20200421,2020-04-21,強勢反彈／轉折,市場技術與壓力基準,0,8,完整（官方）,False,True,False,需要歷史多來源事件回補,0.029674672161412508,0.032261075849346454,0.10722837583678113,0.02747821119687388
HIST-20200422,2020-04-22,強勢反彈／轉折,市場技術與壓力基準,0,8,完整（官方）,False,True,False,需要歷史多來源事件回補,-0.0021331601368110853,0.03806215726785589,0.09679096854386215,-0.0021331601368110853
HIST-20200424,2020-04-24,強勢反彈／轉折,市場技術與壓力基準,0,8,完整（官方）,False,True,False,需要歷史多來源事件回補,0.008043242433170228,-0.005143709401632224,0.07398059312036187,-0.010942923551175654
HIST-20200428,2020-04-28,強勢反彈／轉折,市場技術與壓力基準,0,8,完整（官方）,False,True,False,需要歷史多來源事件回補,0.03546121855702333,0.029125684467359747,0.08884173719208333,0.005863376631776829
HIST-20200501,2020-05-01,強勢反彈／轉折,市場技術與壓力基準,0,8,完整（官方）,False,True,False,需要歷史多來源事件回補,0.011656832751395951,0.056970469376876665,0.10021580580276179,0.011656832751395951
HIST-20200506,2020-05-06,強勢反彈／轉折,市場技術與壓力基準,0,8,完整（官方）,False,True,False,需要歷史多來源事件回補,0.012876678675231457,0.0015523243039790025,0.07319616496151515,0.0015523243039790025
HIST-20200529,2020-05-29,正常／溫和上漲,市場技術與壓力基準,0,7,完整（官方）,False,True,False,需要歷史多來源事件回補,0.0029997032253985534,0.027125497117812536,0.031186912497901842,0.002828586274086442
HIST-20200630,2020-06-30,正常／溫和上漲,市場技術與壓力基準,0,7,完整（官方）,False,True,False,需要歷史多來源事件回補,0.011672058085091308,0.05004022338180514,0.049151810741615565,0.011672058085091308
HIST-20200820,2020-08-20,正常／溫和上漲,市場技術與壓力基準,0,7,完整（官方）,False,True,False,需要歷史多來源事件回補,0.00693037083412662,0.03972411319598157,-0.04665437110244275,-0.04665437110244275
HIST-20200910,2020-09-10,高波動／壓力,市場技術與壓力基準,0,7,完整（官方）,False,True,False,需要歷史多來源事件回補,-0.006939884475322455,-0.00741741650066996,0.03330350596027065,-0.030036172412508222
HIST-20200911,2020-09-11,高波動／壓力,市場技術與壓力基準,0,7,完整（官方）,False,True,False,需要歷史多來源事件回補,0.017415202970869403,-0.013237344952118257,0.05642428513369602,-0.023257693644239352
HIST-20201002,2020-10-02,明顯下跌趨勢,市場技術與壓力基準,0,7,完整（官方）,False,True,False,需要歷史多來源事件回補,0.021326556529779994,0.041559012077750035,-0.017972343007917946,-0.017972343007917946
HIST-20201006,2020-10-06,明顯下跌趨勢,市場技術與壓力基準,0,7,完整（官方）,False,True,False,需要歷史多來源事件回補,0.017299083422120498,0.07035908778316635,-0.0018533296171768798,-0.021006087312366417
HIST-20201012,2020-10-12,正常／溫和上漲,市場技術與壓力基準,0,7,完整（官方）,False,True,False,需要歷史多來源事件回補,-3.380888299953089e-05,-0.03643062771396788,-0.020167803682656693,-0.08539029081864502
HIST-20201021,2020-10-21,強勢反彈／轉折,市場技術與壓力基準,0,7,完整（官方）,False,True,False,需要歷史多來源事件回補,-3.503898671253225e-05,-0.04416058045029214,0.020830955687806352,-0.05211309561549926
HIST-20201103,2020-11-03,明顯下跌趨勢,市場技術與壓力基準,0,7,完整（官方）,False,True,False,需要歷史多來源事件回補,0.04463869509479634,0.03193134782087248,0.10631693415967991,0.03193134782087248
HIST-20201113,2020-11-13,正常／溫和上漲,市場技術與壓力基準,0,7,完整（官方）,False,True,False,需要歷史多來源事件回補,0.007802723336249429,-0.0018905386899791266,0.04506238429971665,-0.002818694416733658
HIST-20201221,2020-12-21,正常／溫和上漲,市場技術與壓力基準,0,7,完整（官方）,False,True,False,需要歷史多來源事件回補,0.0027188960003383666,0.013077524082474756,0.0564544260098796,-0.004467210071334993
HIST-20210212,2021-02-12,正常／溫和上漲,市場技術與壓力基準,0,7,完整（官方）,False,True,False,需要歷史多來源事件回補,-0.002704630152752796,-0.041640687661454345,-0.05237048574924952,-0.10851533642905542
HIST-20210305,2021-03-05,明顯下跌趨勢,市場技術與壓力基準,0,7,完整（官方）,False,True,False,需要歷史多來源事件回補,-0.0283137294027882,0.021964975437500422,0.07382478641215773,-0.0283137294027882
HIST-20210310,2021-03-10,明顯下跌趨勢,市場技術與壓力基準,0,7,完整（官方）,False,True,False,需要歷史多來源事件回補,0.023031598183415714,0.035447508388298576,0.07920470290801451,0.002712411961814931
HIST-20210315,2021-03-15,明顯下跌趨勢,市場技術與壓力基準,0,7,完整（官方）,False,True,False,需要歷史多來源事件回補,0.005489081713505595,0.0005720473892767419,0.0696303406017662,-0.022289856214206205
HIST-20210318,2021-03-18,高波動／壓力,市場技術與壓力基準,0,7,完整（官方）,False,True,False,需要歷史多來源事件回補,0.0035250716537378324,-0.0010149787483452188,0.09742986994377612,-0.0010149787483452188
HIST-20210514,2021-05-14,正常／溫和上漲,市場技術與壓力基準,0,7,完整（官方）,False,True,False,需要歷史多來源事件回補,-0.006066598955324465,0.0018996381958786834,0.055516284178690256,-0.012776162775259947
HIST-20210517,2021-05-17,正常／溫和上漲,市場技術與壓力基準,0,7,完整（官方）,False,True,False,需要歷史多來源事件回補,-0.006750516496259573,0.024968721703451102,0.0550229898758281,-0.006750516496259573
HIST-20210526,2021-05-26,橫盤／低波動,市場技術與壓力基準,0,7,完整（官方）,False,True,False,需要歷史多來源事件回補,-0.003741072579769633,-0.012360517385508696,0.04838201723455082,-0.012360517385508696
HIST-20210610,2021-06-10,正常／溫和上漲,市場技術與壓力基準,0,7,完整（官方）,False,True,False,需要歷史多來源事件回補,0.002614986099118699,0.014661367124473745,0.061932604453374784,0.0019389472368380734
HIST-20210702,2021-07-02,正常／溫和上漲,市場技術與壓力基準,0,7,完整（官方）,False,True,False,需要歷史多來源事件回補,0.004321862171391633,0.01053984921054485,0.016618192002852306,-0.011069549417781821
HIST-20210909,2021-09-09,高波動／壓力,市場技術與壓力基準,0,7,完整（官方）,False,True,False,需要歷史多來源事件回補,-0.00758957245900671,-0.00305691573784439,-0.042421207335303746,-0.06972614842967972
HIST-20210928,2021-09-28,明顯下跌趨勢,市場技術與壓力基準,0,7,完整（官方）,False,True,False,需要歷史多來源事件回補,-0.0016394080027191116,-0.006919187749044653,0.053491463728436495,-0.020145941650425936
HIST-20210929,2021-09-29,明顯下跌趨勢,市場技術與壓力基準,0,7,完整（官方）,False,True,False,需要歷史多來源事件回補,-0.0036741803196191913,0.0010854856487121367,0.05767094320414912,-0.018536923227992608
HIST-20211007,2021-10-07,正常／溫和上漲,市場技術與壓力基準,0,7,完整（官方）,False,True,False,需要歷史多來源事件回補,-0.004986496817493746,0.010083617943314804,0.09711549498313987,-0.01606192189161504
HIST-20211019,2021-10-19,正常／溫和上漲,市場技術與壓力基準,0,7,完整（官方）,False,True,False,需要歷史多來源事件回補,-0.001304652254777272,0.009721120635907132,0.05845987723254953,-0.003648487372994502
HIST-20211020,2021-10-20,正常／溫和上漲,市場技術與壓力基準,0,7,完整（官方）,False,True,False,需要歷史多來源事件回補,0.006106644784208415,0.013387157338195399,0.060402997467450925,-0.0023468970026835345
HIST-20211102,2021-11-02,正常／溫和上漲,市場技術與壓力基準,0,7,完整（官方）,False,True,False,需要歷史多來源事件回補,0.010615532107729475,0.01611629901942946,-0.004960962586120998,-0.004960962586120998
HIST-20211111,2021-11-11,正常／溫和上漲,市場技術與壓力基準,0,7,完整（官方）,False,True,False,需要歷史多來源事件回補,0.010522639792148958,0.028572100192095107,0.01899697455590399,-0.01909929320435122
HIST-20211220,2021-12-20,高波動／壓力,市場技術與壓力基準,0,7,完整（官方）,False,True,False,需要歷史多來源事件回補,0.02238044840252784,0.05495302571480187,-0.03732675938062746,-0.03732675938062746
HIST-20220214,2022-02-14,高波動／壓力,市場技術與壓力基準,0,7,完整（官方）,False,True,False,需要歷史多來源事件回補,0.02486376652801492,-0.02707995812886299,-0.05565638556076569,-0.08437677552662226
HIST-20220218,2022-02-18,高波動／壓力,市場技術與壓力基準,0,7,完整（官方）,False,True,False,需要歷史多來源事件回補,-0.010043538582974909,0.015489907449706353,0.026361679573390306,-0.06834365797660535
HIST-20220223,2022-02-23,高波動／壓力,市場技術與壓力基準,0,7,完整（官方）,False,True,False,需要歷史多來源事件回補,0.03360459898666934,0.054034127670421706,0.06934876700709047,-0.034151216739277346
HIST-20220302,2022-03-02,高波動／壓力,市場技術與壓力基準,0,7,完整（官方）,False,True,False,需要歷史多來源事件回補,-0.014284630270714471,-0.035222373532110884,0.05853295973447592,-0.08366460069428905
HIST-20220315,2022-03-15,高波動／壓力,市場技術與壓力基準,0,7,完整（官方）,False,True,False,需要歷史多來源事件回補,0.03708667957954059,0.0891401710317794,0.03571436774129344,0.03571436774129344
HIST-20220318,2022-03-18,高波動／壓力,市場技術與壓力基準,0,7,完整（官方）,False,True,False,需要歷史多來源事件回補,-0.002780459323910911,0.02362563997871847,-0.03522510767009557,-0.03596558666744698
HIST-20220321,2022-03-21,高波動／壓力,市場技術與壓力基準,0,7,完整（官方）,False,True,False,需要歷史多來源事件回補,0.019652857278781966,0.042361987501113196,-0.010911932786901946,-0.033277654508291565
HIST-20220322,2022-03-22,強勢反彈／轉折,市場技術與壓力基準,0,7,完整（官方）,False,True,False,需要歷史多來源事件回補,-0.014371594321479164,0.039864099719954194,-0.044122691589625895,-0.05191032556740216
HIST-20220323,2022-03-23,強勢反彈／轉折,市場技術與壓力基準,0,7,完整（官方）,False,True,False,需要歷史多來源事件回補,0.0222268400361616,0.04337321858689713,-0.05025135438789052,-0.05025135438789052
HIST-20220328,2022-03-28,強勢反彈／轉折,市場技術與壓力基準,0,7,完整（官方）,False,True,False,需要歷史多來源事件回補,0.017209389036692002,0.012030379055741447,-0.13090892119387032,-0.13090892119387032
HIST-20220329,2022-03-29,強勢反彈／轉折,市場技術與壓力基準,0,7,完整（官方）,False,True,False,需要歷史多來源事件回補,-0.0110454988873806,-0.027182641532072838,-0.14663634900295197,-0.14663634900295197
HIST-20220330,2022-03-30,強勢反彈／轉折,市場技術與壓力基準,0,7,完整（官方）,False,True,False,需要歷史多來源事件回補,-0.012394773907816736,-0.03767449748867158,-0.10645887953355981,-0.13710524595724616
HIST-20220406,2022-04-06,強勢反彈／轉折,市場技術與壓力基準,0,7,完整（官方）,False,True,False,需要歷史多來源事件回補,0.0023778693892511082,-0.01956064374896116,-0.11396708379561293,-0.11396708379561293
HIST-20220407,2022-04-07,強勢反彈／轉折,市場技術與壓力基準,0,7,完整（官方）,False,True,False,需要歷史多來源事件回補,-0.013979159606462677,-0.04425275332454781,-0.12665930663467562,-0.12665930663467562
HIST-20220408,2022-04-08,強勢反彈／轉折,市場技術與壓力基準,0,7,完整（官方）,False,True,False,需要歷史多來源事件回補,-0.023657507951861945,-0.029958271589323182,-0.1489331102164717,-0.1489331102164717
HIST-20220411,2022-04-11,強勢反彈／轉折,市場技術與壓力基準,0,7,完整（官方）,False,True,False,需要歷史多來源事件回補,-0.004224175836713195,0.015752676809559052,-0.11772137957786577,-0.128311123693706
HIST-20220414,2022-04-14,明顯下跌趨勢,市場技術與壓力基準,0,7,完整（官方）,False,True,False,需要歷史多來源事件回補,0.0007681043198362048,-0.03850187776854208,-0.10782162445352039,-0.13970444109428548
HIST-20220418,2022-04-18,明顯下跌趨勢,市場技術與壓力基準,0,7,完整（官方）,False,True,False,需要歷史多來源事件回補,0.0223503492016337,-0.0268978372807529,-0.1188402377406691,-0.14036473065815036
HIST-20220420,2022-04-20,明顯下跌趨勢,市場技術與壓力基準,0,7,完整（官方）,False,True,False,需要歷史多來源事件回補,-0.020691008005271128,-0.0716567734477378,-0.14674222379755475,-0.14674222379755475
HIST-20220428,2022-04-28,高波動／壓力,市場技術與壓力基準,0,7,完整（官方）,False,True,False,需要歷史多來源事件回補,-0.044998581943309524,-0.04576067984104759,-0.0874362472119361,-0.12429482039255402
HIST-20220502,2022-05-02,高波動／壓力,市場技術與壓力基準,0,7,完整（官方）,False,True,False,需要歷史多來源事件回補,0.0010676445020543213,-0.06697433132866448,-0.03202706997320992,-0.0980908357575524
HIST-20220519,2022-05-19,高波動／壓力,市場技術與壓力基準,0,7,完整（官方）,False,True,False,需要歷史多來源事件回補,-0.003107971885607963,0.03366931634041537,-0.05141914469523512,-0.06281493329855847
HIST-20220527,2022-05-27,高波動／壓力,市場技術與壓力基準,0,7,完整（官方）,False,True,False,需要歷史多來源事件回補,-0.002652950000238463,-0.006082251901483815,-0.08092841986766808,-0.12199917057895193
HIST-20220617,2022-06-17,高波動／壓力,市場技術與壓力基準,0,7,完整（官方）,False,True,False,需要歷史多來源事件回補,0.025229245449659432,0.0667011799879218,0.08803831389713435,0.022311217975030884
HIST-20220623,2022-06-23,高波動／壓力,市場技術與壓力基準,0,7,完整（官方）,False,True,False,需要歷史多來源事件回補,0.03426350864236616,-0.016043765715391012,0.060171814281444025,-0.016043765715391012
HIST-20220712,2022-07-12,明顯下跌趨勢,市場技術與壓力基準,0,7,完整（官方）,False,True,False,需要歷史多來源事件回補,-0.002060967903582789,0.04213211148759122,0.10774164944363163,-0.002060967903582789
HIST-20220718,2022-07-18,強勢反彈／轉折,市場技術與壓力基準,0,7,完整（官方）,False,True,False,需要歷史多來源事件回補,0.030753063510409406,0.03756052789137132,0.15086398105726473,0.017173614517715707
HIST-20220721,2022-07-21,強勢反彈／轉折,市場技術與壓力基準,0,7,完整（官方）,False,True,False,需要歷史多來源事件回補,-0.01753527448896608,0.007905437024808393,0.07124741510520605,-0.04232531305170095
HIST-20220722,2022-07-22,強勢反彈／轉折,市場技術與壓力基準,0,7,完整（官方）,False,True,False,需要歷史多來源事件回補,-0.005695517257643279,0.04460403539588165,0.06910831838463927,-0.025232497329448877
HIST-20220726,2022-07-26,明顯下跌趨勢,市場技術與壓力基準,0,7,完整（官方）,False,True,False,需要歷史多來源事件回補,0.04225971901861758,0.06780571427356064,0.06702430060392595,0.04225971901861758
HIST-20220727,2022-07-27,強勢反彈／轉折,市場技術與壓力基準,0,7,完整（官方）,False,True,False,需要歷史多來源事件回補,0.00977781741149597,0.052410513446883966,0.026726333551613468,0.00977781741149597
HIST-20220728,2022-07-28,強勢反彈／轉折,市場技術與壓力基準,0,7,完整（官方）,False,True,False,需要歷史多來源事件回補,0.018237008357037343,0.04709342690267415,0.03476344462274206,0.013847257400934732
HIST-20220823,2022-08-23,強勢反彈／轉折,市場技術與壓力基準,0,7,完整（官方）,False,True,False,需要歷史多來源事件回補,0.0028970280347360156,-0.04164263522711542,-0.09560790497572635,-0.09560790497572635
HIST-20220830,2022-08-30,明顯下跌趨勢,市場技術與壓力基準,0,7,完整（官方）,False,True,False,需要歷史多來源事件回補,-0.005813704385444929,-0.006810178974406944,-0.06835730404850304,-0.08689441445938495
HIST-20220908,2022-09-08,明顯下跌趨勢,市場技術與壓力基準,0,7,完整（官方）,False,True,False,需要歷史多來源事件回補,0.021862143132740153,-0.031345651759054904,-0.06740758889025,-0.10907685974311476
HIST-20220909,2022-09-09,明顯下跌趨勢,市場技術與壓力基準,0,7,完整（官方）,False,True,False,需要歷史多來源事件回補,0.011885457842527591,-0.05786599384309754,-0.12213486855954192,-0.12813763946126133
HIST-20220914,2022-09-14,明顯下跌趨勢,市場技術與壓力基準,0,7,完整（官方）,False,True,False,需要歷史多來源事件回補,-0.016653629774323386,-0.04040291029542964,-0.11113047463558656,-0.11113047463558656
HIST-20220915,2022-09-15,明顯下跌趨勢,市場技術與壓力基準,0,7,完整（官方）,False,True,False,需要歷史多來源事件回補,-0.006114950706591182,-0.03616190623261917,-0.0748779547762709,-0.09607687354312477
HIST-20220919,2022-09-19,明顯下跌趨勢,市場技術與壓力基準,0,7,完整（官方）,False,True,False,需要歷史多來源事件回補,-0.007971013481355094,-0.05730985085767071,-0.07455752946358984,-0.10414029318702367
HIST-20220921,2022-09-21,明顯下跌趨勢,市場技術與壓力基準,0,7,完整（官方）,False,True,False,需要歷史多來源事件回補,-0.01230766416435991,-0.012765985113991185,-0.04609216648059433,-0.0804766515836206
HIST-20220922,2022-09-22,明顯下跌趨勢,市場技術與壓力基準,0,7,完整（官方）,False,True,False,需要歷史多來源事件回補,-0.016281624529636107,-0.02927831683652171,-0.03913322507777195,-0.06901844323980322
HIST-20220923,2022-09-23,明顯下跌趨勢,市場技術與壓力基準,0,7,完整（官方）,False,True,False,需要歷史多來源事件回補,-0.0041377758451068836,-0.029944603572220063,-0.0003267620253756265,-0.05360967124859384
HIST-20220929,2022-09-29,高波動／壓力,市場技術與壓力基準,0,7,完整（官方）,False,True,False,需要歷史多來源事件回補,-0.016956831972311903,0.02902097484140831,0.0036782521302645144,-0.04093874391862007
HIST-20221007,2022-10-07,明顯下跌趨勢,市場技術與壓力基準,0,7,完整（官方）,False,True,False,需要歷史多來源事件回補,-0.009996418818897679,-0.031066688002021392,-0.01642524272836765,-0.03199560039592719
HIST-20221011,2022-10-11,高波動／壓力,市場技術與壓力基準,0,7,完整（官方）,False,True,False,需要歷史多來源事件回補,-0.0003421550344063773,0.033225787001176954,0.02584275448955098,-0.00860097123507264
HIST-20221018,2022-10-18,明顯下跌趨勢,市場技術與壓力基準,0,7,完整（官方）,False,True,False,需要歷史多來源事件回補,-0.0036464730559826464,0.046891019144328805,0.06597169586434926,-0.04048172119053206
HIST-20221020,2022-10-20,明顯下跌趨勢,市場技術與壓力基準,0,7,完整（官方）,False,True,False,需要歷史多來源事件回補,0.02344774460662502,0.01397224640359429,0.058340564521532245,-0.0320312317659972
HIST-20221025,2022-10-25,明顯下跌趨勢,市場技術與壓力基準,0,7,完整（官方）,False,True,False,需要歷史多來源事件回補,-0.022096090158917336,-0.03201843515979641,0.00612244067741452,-0.08345925099851803
HIST-20221026,2022-10-26,明顯下跌趨勢,市場技術與壓力基準,0,7,完整（官方）,False,True,False,需要歷史多來源事件回補,-0.018206123949603414,-0.044075954604430256,0.03918234906557716,-0.06274968350374288
HIST-20221028,2022-10-28,強勢反彈／轉折,市場技術與壓力基準,0,7,完整（官方）,False,True,False,需要歷史多來源事件回補,-0.011628142130725272,-0.058815300238478696,0.005298045034716203,-0.07371460738130564
HIST-20221031,2022-10-31,明顯下跌趨勢,市場技術與壓力基準,0,7,完整（官方）,False,True,False,需要歷史多來源事件回補,-0.01021754268570585,-0.037272827636696926,0.009426077735798621,-0.06281690919895877
HIST-20221102,2022-11-02,明顯下跌趨勢,市場技術與壓力基準,0,7,完整（官方）,False,True,False,需要歷史多來源事件回補,-0.019534741268680267,-0.008882721100341051,0.10554057714457965,-0.019534741268680267
HIST-20221103,2022-11-03,明顯下跌趨勢,市場技術與壓力基準,0,7,完整（官方）,False,True,False,需要歷史多來源事件回補,0.016085007127992546,0.08545409702418905,0.12307555000223114,0.010864250490754346
HIST-20221104,2022-11-04,明顯下跌趨勢,市場技術與壓力基準,0,7,完整（官方）,False,True,False,需要歷史多來源事件回補,0.010994382092114341,0.0879552928578724,0.08674647161501414,-0.005138110099660809
HIST-20221107,2022-11-07,明顯下跌趨勢,市場技術與壓力基準,0,7,完整（官方）,False,True,False,需要歷史多來源事件回補,0.007287676799760945,0.06670640963360186,0.05265526615720928,-0.01595705424039162
HIST-20221108,2022-11-08,明顯下跌趨勢,市場技術與壓力基準,0,7,完整（官方）,False,True,False,需要歷史多來源事件回補,-0.02307655655433305,0.0736435380181264,0.04077260607665378,-0.02307655655433305
HIST-20221109,2022-11-09,明顯下跌趨勢,市場技術與壓力基準,0,7,完整（官方）,False,True,False,需要歷史多來源事件回補,0.07378819312011786,0.08400391896532855,0.07796574085699359,0.06535738604632835
HIST-20221110,2022-11-10,強勢反彈／轉折,市場技術與壓力基準,0,7,完整（官方）,False,True,False,需要歷史多來源事件回補,0.018426356793044052,0.0072856226210160635,-0.002510801230611981,-0.00785146188774144
HIST-20221111,2022-11-11,強勢反彈／轉折,市場技術與壓力基準,0,7,完整（官方）,False,True,False,需要歷史多來源事件回補,-0.008751375575039466,-0.010904114565908563,-0.008265224215069034,-0.02580237491450299
HIST-20221114,2022-11-14,強勢反彈／轉折,市場技術與壓力基準,0,7,完整（官方）,False,True,False,需要歷史多來源事件回補,0.013838386414892545,-0.012436681620446977,0.011246042652593768,-0.017201536445364707
HIST-20221116,2022-11-16,強勢反彈／轉折,市場技術與壓力基準,0,7,完整（官方）,False,True,False,需要歷史多來源事件回補,-0.0022071048391767434,0.011841471610496868,-0.02995372206593594,-0.02995372206593594
HIST-20221117,2022-11-17,強勢反彈／轉折,市場技術與壓力基準,0,7,完整（官方）,False,True,False,需要歷史多來源事件回補,3.543831045926815e-05,0.007408581776370049,-0.03707714031486331,-0.03707714031486331
HIST-20221122,2022-11-22,高波動／壓力,市場技術與壓力基準,0,7,完整（官方）,False,True,False,需要歷史多來源事件回補,0.010036593066004018,0.025913586336840266,-0.041424714514856076,-0.05513077710051695
HIST-20221125,2022-11-25,強勢反彈／轉折,市場技術與壓力基準,0,7,完整（官方）,False,True,False,需要歷史多來源事件回補,-0.01467323679978827,0.019622073948303953,-0.0659415124556807,-0.0680375802320965
HIST-20221130,2022-11-30,強勢反彈／轉折,市場技術與壓力基準,0,7,完整（官方）,False,True,False,需要歷史多來源事件回補,0.001227198798642526,-0.04373486839168994,-0.08959030563012738,-0.1112534374827906
HIST-20221201,2022-12-01,強勢反彈／轉折,市場技術與壓力基準,0,7,完整（官方）,False,True,False,需要歷史多來源事件回補,-0.003983587330822047,-0.0336035656106749,-0.09125206605239733,-0.11234276936982635
HIST-20221202,2022-12-02,強勢反彈／轉折,市場技術與壓力基準,0,7,完整（官方）,False,True,False,需要歷史多來源事件回補,-0.016783157326264897,-0.0359252878940719,-0.09378480780643372,-0.10879256672951565
HIST-20221205,2022-12-05,強勢反彈／轉折,市場技術與壓力基準,0,7,完整（官方）,False,True,False,需要歷史多來源事件回補,-0.02072048250309233,-0.007162087379052107,-0.07392527407393246,-0.09357997687777875
HIST-20221219,2022-12-19,明顯下跌趨勢,市場技術與壓力基準,0,7,完整（官方）,False,True,False,需要歷史多來源事件回補,-0.0007784445739027479,-0.022873512117490558,0.02001813674160169,-0.03577406986794296
HIST-20221220,2022-12-20,明顯下跌趨勢,市場技術與壓力基準,0,7,完整（官方）,False,True,False,需要歷史多來源事件回補,0.014505777364196115,-0.03502288867168912,0.04874932587683434,-0.03502288867168912
HIST-20221223,2022-12-23,明顯下跌趨勢,市場技術與壓力基準,0,7,完整（官方）,False,True,False,需要歷史多來源事件回補,-0.01413842947044841,-0.010771781393375313,0.0761895056516757,-0.02715431255445855
HIST-20221229,2022-12-29,明顯下跌趨勢,市場技術與壓力基準,0,7,完整（官方）,False,True,False,需要歷史多來源事件回補,-0.0006003297777258387,0.008857759984855385,0.08943872383297524,-0.018240033396634492
HIST-20221230,2022-12-30,明顯下跌趨勢,市場技術與壓力基準,0,7,完整（官方）,False,True,False,需要歷史多來源事件回補,-0.006759552218152609,0.015998196172767543,0.10642943591297338,-0.017650299619355936
HIST-20230104,2023-01-04,明顯下跌趨勢,市場技術與壓力基準,0,7,完整（官方）,False,True,False,需要歷史多來源事件回補,-0.015654143883359506,0.044441936644848745,0.17302636302166596,-0.015654143883359506
HIST-20230105,2023-01-05,明顯下跌趨勢,市場技術與壓力基準,0,7,完整（官方）,False,True,False,需要歷史多來源事件回補,0.027601240937987326,0.06678622230866327,0.17050193348358822,0.027601240937987326
HIST-20230106,2023-01-06,明顯下跌趨勢,市場技術與壓力基準,0,7,完整（官方）,False,True,False,需要歷史多來源事件回補,0.0064731644793334375,0.04527538782623863,0.12942722189723943,0.0064731644793334375
HIST-20230110,2023-01-10,正常／溫和上漲,市場技術與壓力基準,0,7,完整（官方）,False,True,False,需要歷史多來源事件回補,0.01730002434885103,0.018509582946800496,0.11560276889055499,0.00850324493287391
HIST-20230117,2023-01-17,橫盤／低波動,市場技術與壓力基準,0,7,完整（官方）,False,True,False,需要歷史多來源事件回補,-0.012999822617959622,0.024259596069426514,0.08954338408172235,-0.022696596767217803
HIST-20230221,2023-02-21,橫盤／低波動,市場技術與壓力基準,0,7,完整（官方）,False,True,False,需要歷史多來源事件回補,0.0007481964352262782,-0.00159859796660633,0.05710423488512273,-0.01863758698432949
HIST-20230224,2023-02-24,橫盤／低波動,市場技術與壓力基準,0,7,完整（官方）,False,True,False,需要歷史多來源事件回補,0.007161441226428034,0.026829181799518542,0.0668884335770612,-0.011306993465769688
HIST-20230302,2023-03-02,正常／溫和上漲,市場技術與壓力基準,0,7,完整（官方）,False,True,False,需要歷史多來源事件回補,0.020674119414911374,-0.003235215143240322,0.07683251085969922,-0.017233458395192747
HIST-20230310,2023-03-10,高波動／壓力,市場技術與壓力基準,0,7,完整（官方）,False,True,False,需要歷史多來源事件回補,0.007416198288179077,0.05825657868083378,0.10331684893139492,0.007416198288179077
HIST-20230322,2023-03-22,正常／溫和上漲,市場技術與壓力基準,0,7,完整（官方）,False,True,False,需要歷史多來源事件回補,0.011858210671596536,0.021560558663602958,0.03318989385098714,0.0032669916407068733
HIST-20230406,2023-04-06,正常／溫和上漲,市場技術與壓力基準,0,7,完整（官方）,False,True,False,需要歷史多來源事件回補,-0.0005660414472693498,0.001634904636597767,0.015217550651363654,-0.025342098363793752
HIST-20230410,2023-04-10,正常／溫和上漲,市場技術與壓力基準,0,7,完整（官方）,False,True,False,需要歷史多來源事件回補,-0.006417496748363227,0.0030516377448959187,0.018309532713135512,-0.024790089134456017
HIST-20230512,2023-05-12,正常／溫和上漲,市場技術與壓力基準,0,7,完整（官方）,False,True,False,需要歷史多來源事件回補,0.00541484647576751,0.035319699545687255,0.10909778478242838,0.00541484647576751
HIST-20230525,2023-05-25,高波動／壓力,市場技術與壓力基準,0,7,完整（官方）,False,True,False,需要歷史多來源事件回補,0.025550302220485932,0.04394794910425981,0.05431099849485288,0.024343564204399426
HIST-20230614,2023-06-14,正常／溫和上漲,市場技術與壓力基準,0,6,完整（官方）,False,True,False,需要歷史多來源事件回補,0.011915963196958979,0.002110813183676008,0.03741474637874398,-0.02112437933083977
HIST-20230615,2023-06-15,正常／溫和上漲,市場技術與壓力基準,0,6,完整（官方）,False,True,False,需要歷史多來源事件回補,-0.006292841495597723,-0.01950715293938443,0.0347723668113431,-0.03265127118205935
HIST-20230814,2023-08-14,正常／溫和上漲,市場技術與壓力基準,0,6,完整（官方）,False,True,False,需要歷史多來源事件回補,-0.010611456932432484,-0.017415848590913385,0.006588360574176111,-0.03299568474971615
HIST-20230815,2023-08-15,明顯下跌趨勢,市場技術與壓力基準,0,6,完整（官方）,False,True,False,需要歷史多來源事件回補,-0.01058911820715025,-0.008296548242667012,0.021259671593975682,-0.022624304651721716
HIST-20230816,2023-08-16,明顯下跌趨勢,市場技術與壓力基準,0,6,完整（官方）,False,True,False,需要歷史多來源事件回補,-0.010922875416667144,0.018122228417137842,0.040630119789737185,-0.01216399239794419
HIST-20230825,2023-08-25,明顯下跌趨勢,市場技術與壓力基準,0,6,完整（官方）,False,True,False,需要歷史多來源事件回補,0.007527001905765829,0.03727808938083155,-0.01068489133958872,-0.015499300120575876
HIST-20230926,2023-09-26,高波動／壓力,市場技術與壓力基準,0,6,完整（官方）,False,True,False,需要歷史多來源事件回補,0.002343371430023611,0.0020045232334897634,0.013890234915471922,0.0011009280427332069
HIST-20231002,2023-10-02,正常／溫和上漲,市場技術與壓力基準,0,6,完整（官方）,False,True,False,需要歷史多來源事件回補,-0.017549632573415685,0.014670773202448473,-0.03338318728256917,-0.04871851752317058
HIST-20231003,2023-10-03,明顯下跌趨勢,市場技術與壓力基準,0,6,完整（官方）,False,True,False,需要歷史多來源事件回補,0.013608666535024794,0.03851573746928971,-0.011411127841325919,-0.03172565860135834
HIST-20231011,2023-10-11,橫盤／低波動,市場技術與壓力基準,0,6,完整（官方）,False,True,False,需要歷史多來源事件回補,-0.003475183715097141,-0.021146581533416864,0.004633271715236864,-0.07424187710086871
HIST-20231018,2023-10-18,橫盤／低波動,市場技術與壓力基準,0,6,完整（官方）,False,True,False,需要歷史多來源事件回補,-0.009356886588750113,-0.03585878330920167,0.061232496303806005,-0.054242335538479236
HIST-20231026,2023-10-26,明顯下跌趨勢,市場技術與壓力基準,0,7,完整（官方）,False,True,False,需要歷史多來源事件回補,0.004801269042937095,0.05755697493587819,0.13341686324615498,0.004801269042937095
HIST-20231027,2023-10-27,明顯下跌趨勢,市場技術與壓力基準,0,7,完整（官方）,False,True,False,需要歷史多來源事件回補,0.011265350176649092,0.06486924294783081,0.12701643674022112,0.011265350176649092
HIST-20231109,2023-11-09,正常／溫和上漲,市場技術與壓力基準,0,7,完整（官方）,False,True,False,需要歷史多來源事件回補,0.022482089509677783,0.04291086773830477,0.059718296628919365,0.019293594494086408
HIST-20231116,2023-11-16,正常／溫和上漲,市場技術與壓力基準,0,7,完整（官方）,False,True,False,需要歷史多來源事件回補,0.00023305535571349623,0.009223780910595059,0.05023935219296405,-0.002332242364059489
HIST-20231201,2023-12-01,正常／溫和上漲,市場技術與壓力基準,0,7,完整（官方）,False,True,False,需要歷史多來源事件回補,-0.009283579677896836,0.005718770409042451,0.035047139042764464,-0.012540589244999234
HIST-20231218,2023-12-18,正常／溫和上漲,市場技術與壓力基準,0,7,完整（官方）,False,True,False,需要歷史多來源事件回補,0.005109577530185927,0.009334724620106982,0.015051601414145077,-0.026018599747933857
HIST-20240207,2024-02-07,正常／溫和上漲,市場技術與壓力基準,0,7,完整（官方）,False,True,False,需要歷史多來源事件回補,0.001851748597356595,0.002847355514087102,0.031158010099117783,-0.014769124833426517
HIST-20240213,2024-02-13,高波動／壓力,市場技術與壓力基準,0,7,完整（官方）,False,True,False,需要歷史多來源事件回補,0.010897486328565353,-0.0068604063390868,0.027301546295118273,-0.0068604063390868
HIST-20240315,2024-03-15,高波動／壓力,市場技術與壓力基準,0,7,完整（官方）,False,True,False,需要歷史多來源事件回補,0.009537634220639912,0.030075269511513403,-0.005277534696073394,-0.005277534696073394
HIST-20240318,2024-03-18,高波動／壓力,市場技術與壓力基準,0,7,完整（官方）,False,True,False,需要歷史多來源事件回補,0.0024913580597669682,0.016640598259519468,-0.014583607639976237,-0.01467520220595897
HIST-20240319,2024-03-19,高波動／壓力,市場技術與壓力基準,0,7,完整（官方）,False,True,False,需要歷史多來源事件回補,0.011856622714187415,0.010830648137037935,-0.02902620468647532,-0.02902620468647532
HIST-20240419,2024-04-19,明顯下跌趨勢,市場技術與壓力基準,0,7,完整（官方）,False,True,False,需要歷史多來源事件回補,0.010056502441106785,0.03943068803978855,0.08949703320240765,0.010056502441106785
HIST-20240508,2024-05-08,高波動／壓力,市場技術與壓力基準,0,7,完整（官方）,False,True,False,需要歷史多來源事件回補,0.0021815173648052077,0.029177627885650148,0.05297007170924184,0.0021815173648052077
HIST-20240529,2024-05-29,高波動／壓力,市場技術與壓力基準,0,7,完整（官方）,False,True,False,需要歷史多來源事件回補,-0.010713409702823862,0.015533180735249452,0.05682130166468102,-0.012553541815706781
HIST-20240603,2024-06-03,正常／溫和上漲,市場技術與壓力基準,0,7,完整（官方）,False,True,False,需要歷史多來源事件回補,0.002736383688442867,0.025820454527775816,0.07641076637985234,0.002736383688442867
HIST-20240618,2024-06-18,正常／溫和上漲,市場技術與壓力基準,0,7,完整（官方）,False,True,False,需要歷史多來源事件回補,-0.007708008441200231,-0.008401564796700511,-0.010218167569817194,-0.021633299728178623
HIST-20240621,2024-06-21,正常／溫和上漲,市場技術與壓力基準,0,7,完整（官方）,False,True,False,需要歷史多來源事件回補,-0.011384615820486665,-0.0006424197686799582,0.006053117690116849,-0.011384615820486665
HIST-20240822,2024-08-22,高波動／壓力,市場技術與壓力基準,0,7,完整（官方）,False,True,False,需要歷史多來源事件回補,0.010845533610590152,-0.00882380340765454,0.015983883886805828,-0.055091319158967034
HIST-20240830,2024-08-30,強勢反彈／轉折,市場技術與壓力基準,0,7,完整（官方）,False,True,False,需要歷史多來源事件回補,-0.030360955870381123,-0.04579337231261271,0.02621586417954247,-0.057908522793856054
HIST-20240903,2024-09-03,強勢反彈／轉折,市場技術與壓力基準,0,7,完整（官方）,False,True,False,需要歷史多來源事件回補,-0.002598538444117615,-0.006821013014216337,0.043602959047718715,-0.02841012548974098
HIST-20240905,2024-09-05,強勢反彈／轉折,市場技術與壓力基準,0,7,完整（官方）,False,True,False,需要歷史多來源事件回補,-0.026787470107977884,0.02641860514944594,0.046040962155687204,-0.026787470107977884
HIST-20240913,2024-09-13,高波動／壓力,市場技術與壓力基準,0,7,完整（官方）,False,True,False,需要歷史多來源事件回補,-0.00441784227172437,0.014936641139724927,0.03936832784991484,-0.008204703381379685
HIST-20240923,2024-09-23,高波動／壓力,市場技術與壓力基準,0,7,完整（官方）,False,True,False,需要歷史多來源事件回補,0.004823651303330401,0.010413177307874832,0.025629392842795307,-0.0036643412606459647
HIST-20241009,2024-10-09,正常／溫和上漲,市場技術與壓力基準,0,7,完整（官方）,False,True,False,需要歷史多來源事件回補,-0.001135543202336886,-0.004542235318606536,0.025205296034475078,-0.018858355893966783
HIST-20241024,2024-10-24,橫盤／低波動,市場技術與壓力基準,0,7,完整（官方）,False,True,False,需要歷史多來源事件回補,0.006093594490662824,-0.017204249906312863,0.025714957479960887,-0.017204249906312863
HIST-20241211,2024-12-11,正常／溫和上漲,市場技術與壓力基準,0,7,完整（官方）,False,True,False,需要歷史多來源事件回補,-0.006453588495370366,-0.025381206154398872,-0.04443075207632896,-0.04443075207632896
HIST-20241212,2024-12-12,正常／溫和上漲,市場技術與壓力基準,0,7,完整（官方）,False,True,False,需要歷史多來源事件回補,0.0076542071264866784,-0.023419016579880325,-0.03913704479335922,-0.03913704479335922
HIST-20250218,2025-02-18,正常／溫和上漲,市場技術與壓力基準,0,7,完整（官方）,False,True,False,需要歷史多來源事件回補,0.00027811367488483896,-0.048297229910195694,-0.12019589154091637,-0.13169081930439852
HIST-20250324,2025-03-24,高波動／壓力,市場技術與壓力基準,0,7,完整（官方）,False,True,False,需要歷史多來源事件回補,0.005706583417969924,-0.04430758392553913,-0.0941180722191296,-0.15204008493892385
HIST-20250403,2025-04-03,高波動／壓力,市場技術與壓力基準,0,7,完整（官方）,False,True,False,需要歷史多來源事件回補,-0.06210876652789554,-0.009940894027192004,0.08469801278268863,-0.07677618811515585
HIST-20250409,2025-04-09,高波動／壓力,市場技術與壓力基準,0,7,完整（官方）,False,True,False,需要歷史多來源事件回補,-0.04253220933550583,-0.04682406162182173,0.04783264460098491,-0.07057944193456422
HIST-20250410,2025-04-10,高波動／壓力,市場技術與壓力基準,0,7,完整（官方）,False,True,False,需要歷史多來源事件回補,0.018423093710217886,-0.004661786635720366,0.09366179813797149,-0.029293134320051983
HIST-20250411,2025-04-11,高波動／壓力,市場技術與壓力基準,0,7,完整（官方）,False,True,False,需要歷史多來源事件回補,0.006778197232858885,-0.0468530499013281,0.1176276411129702,-0.0468530499013281
HIST-20250424,2025-04-24,高波動／壓力,市場技術與壓力基準,0,7,完整（官方）,False,True,False,需要歷史多來源事件回補,0.011147913183115143,0.030662136791966832,0.099818125973556,0.010826893262980697
HIST-20250501,2025-05-01,高波動／壓力,市場技術與壓力基準,0,7,完整（官方）,False,True,False,需要歷史多來源事件回補,0.014843867730180316,0.01372290893973882,0.07770726221797242,-0.000560543194810359
HIST-20250505,2025-05-05,強勢反彈／轉折,市場技術與壓力基準,0,7,完整（官方）,False,True,False,需要歷史多來源事件回補,-0.009301825531640384,0.045109401620755385,0.08513557098931335,-0.009301825531640384
HIST-20250506,2025-05-06,強勢反彈／轉折,市場技術與壓力基準,0,7,完整（官方）,False,True,False,需要歷史多來源事件回補,0.003926003057969751,0.07099987130788965,0.09837771338632861,0.003926003057969751
HIST-20250507,2025-05-07,強勢反彈／轉折,市場技術與壓力基準,0,7,完整（官方）,False,True,False,需要歷史多來源事件回補,0.010324924374306876,0.0732049842568081,0.0858472271342201,0.009662806122390677
HIST-20250509,2025-05-09,強勢反彈／轉折,市場技術與壓力基準,0,7,完整（官方）,False,True,False,需要歷史多來源事件回補,0.04074020123607869,0.06873375463819187,0.08756670780967002,0.04074020123607869
HIST-20250512,2025-05-12,強勢反彈／轉折,市場技術與壓力基準,0,7,完整（官方）,False,True,False,需要歷史多來源事件回補,0.015240716153847256,0.027882384414499084,0.051905015392117004,0.0027369545810163043
HIST-20250605,2025-06-05,正常／溫和上漲,市場技術與壓力基準,0,7,完整（官方）,False,True,False,需要歷史多來源事件回補,0.009775193389901071,0.016902130948825533,0.05308785552412898,0.0038873566045358743
HIST-20250610,2025-06-10,正常／溫和上漲,市場技術與壓力基準,0,7,完整（官方）,False,True,False,需要歷史多來源事件回補,-0.0033695302515637238,-0.00960282181332206,0.040927476231390925,-0.013814763390796458
HIST-20250725,2025-07-25,正常／溫和上漲,市場技術與壓力基準,0,7,完整（官方）,False,True,False,需要歷史多來源事件回補,0.0031252046000376232,-0.022052686325324755,0.00988746618544023,-0.022052686325324755
HIST-20250729,2025-07-29,正常／溫和上漲,市場技術與壓力基準,0,7,完整（官方）,False,True,False,需要歷史多來源事件回補,0.0013398541009275178,-0.012322328636123814,0.009431360724655447,-0.0235869517691486
HIST-20250820,2025-08-20,橫盤／低波動,市場技術與壓力基準,0,7,完整（官方）,False,True,False,需要歷史多來源事件回補,-0.004629808432942806,0.01341208072330713,0.05198803166964283,-0.004629808432942806
HIST-20250822,2025-08-22,橫盤／低波動,市場技術與壓力基準,0,7,完整（官方）,False,True,False,需要歷史多來源事件回補,-0.0028847647262698617,-0.00274479846629605,0.05407302353204213,-0.011101986350928295
HIST-20250923,2025-09-23,正常／溫和上漲,市場技術與壓力基準,0,7,完整（官方）,False,True,False,需要歷史多來源事件回補,-0.0035105829529757937,0.003627445201600299,0.022032736806226527,-0.014543609352055231
HIST-20251010,2025-10-10,橫盤／低波動,市場技術與壓力基準,0,7,完整（官方）,False,True,False,需要歷史多來源事件回補,0.02122133928126546,0.02447821490469204,0.034334037122494276,0.0144189224796194
HIST-20251027,2025-10-27,正常／溫和上漲,市場技術與壓力基準,0,7,完整（官方）,False,True,False,需要歷史多來源事件回補,0.007690015584082888,0.006352647038780246,-0.0365075837915384,-0.06753818549413027
HIST-20251117,2025-11-17,高波動／壓力,市場技術與壓力基準,0,7,完整（官方）,False,True,False,需要歷史多來源事件回補,-0.012175704624246442,0.002484835605283564,0.013401716680996767,-0.0298015707257292
HIST-20251126,2025-11-26,正常／溫和上漲,市場技術與壓力基準,0,7,完整（官方）,False,True,False,需要歷史多來源事件回補,0.008107108469637359,0.014114215292096999,0.016969422893871267,-0.022563537378701648
HIST-20251210,2025-12-10,橫盤／低波動,市場技術與壓力基準,0,7,完整（官方）,False,True,False,需要歷史多來源事件回補,-0.0032343971092777535,-0.04333904528859445,-0.00024309518798548702,-0.04333904528859445
HIST-20251212,2025-12-12,橫盤／低波動,市場技術與壓力基準,0,7,完整（官方）,False,True,False,需要歷史多來源事件回補,-0.005019420310768963,0.005589747658879762,0.021881502626184046,-0.02152803358285693
HIST-20260106,2026-01-06,橫盤／低波動,市場技術與壓力基準,0,7,完整（官方）,False,True,False,需要歷史多來源事件回補,0.000962429680596566,0.004523527559704865,-0.02834368671376486,-0.02834368671376486
HIST-20260108,2026-01-08,橫盤／低波動,市場技術與壓力基準,0,7,完整（官方）,False,True,False,需要歷史多來源事件回補,0.009960345563613693,0.0021114815262639475,-0.017438180288265825,-0.03777767358994799
HIST-20260127,2026-01-27,橫盤／低波動,市場技術與壓力基準,0,7,完整（官方）,False,True,False,需要歷史多來源事件回補,0.0033114880182958384,-0.023148976108204877,-0.022895515207314476,-0.05403006228714302
HIST-20260225,2026-02-25,正常／溫和上漲,市場技術與壓力基準,0,7,完整（官方）,False,True,False,需要歷史多來源事件回補,-0.012064483343630195,-0.009615973796230581,-0.04559699787206595,-0.05613934348164651
HIST-20260326,2026-03-26,明顯下跌趨勢,市場技術與壓力基準,0,7,完整（官方）,False,True,False,需要歷史多來源事件回補,-0.019536759877538112,0.019501901740561545,0.15700872412822675,-0.027030619728639516
HIST-20260330,2026-03-30,高波動／壓力,市場技術與壓力基準,0,7,完整（官方）,False,True,False,需要歷史多來源事件回補,0.03385378976432163,0.05429168662965167,0.17781385510230896,0.03385378976432163
HIST-20260331,2026-03-31,高波動／壓力,市場技術與壓力基準,0,7,完整（官方）,False,True,False,需要歷史多來源事件回補,0.012353248936580297,0.05008847214846757,0.14621096842693593,0.012353248936580297
HIST-20260401,2026-04-01,高波動／壓力,市場技術與壓力基準,0,7,完整（官方）,False,True,False,需要歷史多來源事件回補,0.0011465661844940467,0.0442914968399033,0.14278376178389074,0.0011465661844940467
HIST-20260413,2026-04-13,高波動／壓力,市場技術與壓力基準,0,7,完整（官方）,False,True,False,需要歷史多來源事件回補,0.018156875523408278,0.04761961846090679,0.15533119331796863,0.018156875523408278
HIST-20260417,2026-04-17,高波動／壓力,市場技術與壓力基準,0,7,完整（官方）,False,True,False,需要歷史多來源事件回補,-0.0031748578483062895,0.023164141442231445,0.0925946315782924,-0.00696604102136178
HIST-20260514,2026-05-14,正常／溫和上漲,市場技術與壓力基準,0,7,完整（官方）,False,True,False,需要歷史多來源事件回補,-0.01508774216760933,-0.007335421455321733,0.002153497955570627,-0.03626054792935074
HIST-20260521,2026-05-21,正常／溫和上漲,市場技術與壓力基準,0,7,完整（官方）,False,True,False,需要歷史多來源事件回補,0.004240633637315083,0.03330948082135632,0.03394064927741791,-0.02913887238369628
HIST-20260605,2026-06-05,高波動／壓力,市場技術與壓力基準,0,7,完整（官方）,False,True,False,需要歷史多來源事件回補,0.015615844872174156,0.02309037642892653,0.007303888866236674,-0.016126211393934775
HIST-20260610,2026-06-10,高波動／壓力,市場技術與壓力基準,0,7,完整（官方）,False,True,False,需要歷史多來源事件回補,0.033775932065986725,0.04154597388636039,0.047020034964791346,0.01961463604618352
HIST-20260622,2026-06-22,高波動／壓力,市場技術與壓力基準,0,7,完整（官方）,False,True,False,需要歷史多來源事件回補,-0.03292899719133657,-0.018795267787587444,-0.03927094804788245,-0.0577545744998732
HIST-20260623,2026-06-23,高波動／壓力,市場技術與壓力基準,0,7,完整（官方）,False,True,False,需要歷史多來源事件回補,-0.004245791899862628,0.03187836994535487,-0.011630466450650023,-0.025670894108535625
HIST-20260713,2026-07-13,高波動／壓力,市場技術與壓力基準,0,7,完整（官方）,False,True,False,需要歷史多來源事件回補,0.011169877197279243,-0.022030457698161254,0.012827786466642843,-0.07026443193579812
HIST-20260715,2026-07-15,高波動／壓力,市場技術與壓力基準,0,7,完整（官方）,False,True,False,需要歷史多來源事件回補,-0.016440498089291156,-0.01726256555705008,0.008303928481407263,-0.07803665057178255
HIST-20260716,2026-07-16,高波動／壓力,市場技術與壓力基準,0,7,完整（官方）,False,True,False,需要歷史多來源事件回補,-0.015029581322824392,-0.019803305862231668,0.03701454057661535,-0.06262575102251755
HIST-20260728,2026-07-28,明顯下跌趨勢,市場技術與壓力基準,0,6,完整（官方）,False,True,False,需要歷史多來源事件回補,-0.02037047288151972,0.0715924299013686,0.05215468787706756,-0.02037047288151972
HIST-20260805,2026-08-05,高波動／壓力,市場技術與壓力基準,0,6,完整（官方）,False,True,False,需要歷史多來源事件回補,-0.0036943750473806825,0.008922394444297765,-0.011236617345300348,-0.015307397523511512
HIST-20260819,2026-08-19,高波動／壓力,市場技術與壓力基準,0,6,完整（官方）,False,True,False,需要歷史多來源事件回補,-0.0071919537489711916,-0.006577450831660836,0.0011730333389590175,-0.01611555658247643
