event_id,canonical_event_id,entity,affected_ticker,benchmark,event_date,horizon_days,time_horizon,start_price,start_date,reaction_available,validated_at_utc,return,volume_ratio,benchmark_return,relative_return,qqq_return,market_impact_rank,event_strength
024df4c940672152,5283badcdee3e96c,IGV,IGV,QQQ,2026-09-28,1,1D,105.43000030517578,2026-09-28,True,2026-09-29T00:00:00,-0.001991834239446044,0.7858127709328362,0.0019007553300205426,-0.003892589569466587,0.0019007553300205426,0.645,0.32304491718662676
024df4c940672152,5283badcdee3e96c,IGV,IGV,QQQ,2026-09-28,5,5D,105.43000030517578,2026-09-28,True,2026-10-05T00:00:00,0.040690514114669396,0.6457167252524167,0.026706287765257963,0.013984226349411433,0.026706287765257963,0.645,0.3209731482323907
024df4c940672152,5283badcdee3e96c,IGV,IGV,QQQ,2026-09-28,20,20D,105.43000030517578,2026-09-28,False,,,,,,,0.495,0.26275000000000004
024df4c940672152,5283badcdee3e96c,IGV,IGV,QQQ,2026-09-28,60,60D,105.43000030517578,2026-09-28,False,,,,,,,0.495,0.26275000000000004
0d6546ebc7bdca81,0963cdc2b5d24b0e,QQQ,QQQ,QQQ,2026-09-29,1,1D,737.9299926757812,2026-09-29,True,2026-09-30T00:00:00,0.00249349785715669,0.8959751365727818,0.00249349785715669,0.0,0.00249349785715669,0.645,0.3260890054629113
0d6546ebc7bdca81,0963cdc2b5d24b0e,QQQ,QQQ,QQQ,2026-09-29,5,5D,737.9299926757812,2026-09-29,True,2026-10-06T00:00:00,0.029447211367511494,0.7911312237177045,0.029447211367511494,0.0,0.029447211367511494,0.645,0.3218952489487082
0d6546ebc7bdca81,0963cdc2b5d24b0e,QQQ,QQQ,QQQ,2026-09-29,20,20D,737.9299926757812,2026-09-29,False,,,,,,,0.495,0.26275000000000004
0d6546ebc7bdca81,0963cdc2b5d24b0e,QQQ,QQQ,QQQ,2026-09-29,60,60D,737.9299926757812,2026-09-29,False,,,,,,,0.495,0.26275000000000004
12da17cc865d8612,0963cdc2b5d24b0e,QQQ,QQQ,QQQ,2026-09-29,1,1D,737.9299926757812,2026-09-29,True,2026-09-30T00:00:00,0.00249349785715669,0.8959751365727818,0.00249349785715669,0.0,0.00249349785715669,0.645,0.3260890054629113
12da17cc865d8612,0963cdc2b5d24b0e,QQQ,QQQ,QQQ,2026-09-29,5,5D,737.9299926757812,2026-09-29,True,2026-10-06T00:00:00,0.029447211367511494,0.7911312237177045,0.029447211367511494,0.0,0.029447211367511494,0.645,0.3218952489487082
12da17cc865d8612,0963cdc2b5d24b0e,QQQ,QQQ,QQQ,2026-09-29,20,20D,737.9299926757812,2026-09-29,False,,,,,,,0.495,0.26275000000000004
12da17cc865d8612,0963cdc2b5d24b0e,QQQ,QQQ,QQQ,2026-09-29,60,60D,737.9299926757812,2026-09-29,False,,,,,,,0.495,0.26275000000000004
4deb663674ba2b07,829bce06948d950d,SOXX,SOXX,QQQ,2026-09-29,1,1D,567.4400024414062,2026-09-29,True,2026-09-30T00:00:00,0.002114782535366233,0.6299324384633388,0.00249349785715669,-0.0003787153217904571,0.00249349785715669,0.645,0.3155798479011602
4deb663674ba2b07,829bce06948d950d,SOXX,SOXX,QQQ,2026-09-29,5,5D,567.4400024414062,2026-09-29,True,2026-10-06T00:00:00,0.038788258971745204,0.6594678552937746,0.029447211367511494,0.00934104760423371,0.029447211367511494,0.645,0.3198980808732328
4deb663674ba2b07,829bce06948d950d,SOXX,SOXX,QQQ,2026-09-29,20,20D,567.4400024414062,2026-09-29,False,,,,,,,0.495,0.26275000000000004
4deb663674ba2b07,829bce06948d950d,SOXX,SOXX,QQQ,2026-09-29,60,60D,567.4400024414062,2026-09-29,False,,,,,,,0.495,0.26275000000000004
7f1163b430d86c89,44913e38813c0c95,GOOGL,GOOGL,QQQ,2026-09-29,1,1D,340.9200134277344,2026-09-29,True,2026-09-30T00:00:00,0.00926895758556312,1.4383600393325777,0.00249349785715669,0.00677545972840643,0.00249349785715669,0.645,0.35015581247824534
7f1163b430d86c89,44913e38813c0c95,GOOGL,GOOGL,QQQ,2026-09-29,5,5D,340.9200134277344,2026-09-29,True,2026-10-06T00:00:00,0.019828637163537444,0.6807213632904175,0.029447211367511494,-0.00961857420397405,0.029447211367511494,0.645,0.32084535550300763
7f1163b430d86c89,44913e38813c0c95,GOOGL,GOOGL,QQQ,2026-09-29,20,20D,340.9200134277344,2026-09-29,False,,,,,,,0.495,0.26275000000000004
7f1163b430d86c89,44913e38813c0c95,GOOGL,GOOGL,QQQ,2026-09-29,60,60D,340.9200134277344,2026-09-29,False,,,,,,,0.495,0.26275000000000004
9dadbf4b0e8779df,76388ba334c85056,IYW,IYW,QQQ,2026-09-29,1,1D,263.3399963378906,2026-09-29,True,2026-09-30T00:00:00,0.005923891472194409,0.6414340779269029,0.00249349785715669,0.003430393615037719,0.00249349785715669,0.645,0.3171080008823393
9dadbf4b0e8779df,76388ba334c85056,IYW,VGT,QQQ,2026-09-29,1,1D,124.8499984741211,2026-09-29,True,2026-09-30T00:00:00,0.0065678790936805065,1.1169130682620452,0.00249349785715669,0.004074381236523816,0.00249349785715669,0.645,0.3363525561632652
9dadbf4b0e8779df,76388ba334c85056,IYW,IYW,QQQ,2026-09-29,5,5D,263.3399963378906,2026-09-29,True,2026-10-06T00:00:00,0.03512569350890149,1.1246096327248736,0.029447211367511494,0.0056784821413899955,0.029447211367511494,0.645,0.3372218540584815
9dadbf4b0e8779df,76388ba334c85056,IYW,VGT,QQQ,2026-09-29,5,5D,124.8499984741211,2026-09-29,True,2026-10-06T00:00:00,0.03964761424216401,1.6879180614733786,0.029447211367511494,0.010200402874652514,0.029447211367511494,0.6950000000000001,0.38383686346506357
9dadbf4b0e8779df,76388ba334c85056,IYW,IYW,QQQ,2026-09-29,20,20D,263.3399963378906,2026-09-29,False,,,,,,,0.495,0.26275000000000004
9dadbf4b0e8779df,76388ba334c85056,IYW,VGT,QQQ,2026-09-29,20,20D,124.8499984741211,2026-09-29,False,,,,,,,0.495,0.26275000000000004
9dadbf4b0e8779df,76388ba334c85056,IYW,IYW,QQQ,2026-09-29,60,60D,263.3399963378906,2026-09-29,False,,,,,,,0.495,0.26275000000000004
9dadbf4b0e8779df,76388ba334c85056,IYW,VGT,QQQ,2026-09-29,60,60D,124.8499984741211,2026-09-29,False,,,,,,,0.495,0.26275000000000004
9e0ad98c9494ed8c,76388ba334c85056,IYW,IYW,QQQ,2026-09-29,1,1D,263.3399963378906,2026-09-29,True,2026-09-30T00:00:00,0.005923891472194409,0.6414340779269029,0.00249349785715669,0.003430393615037719,0.00249349785715669,0.645,0.3171080008823393
9e0ad98c9494ed8c,76388ba334c85056,IYW,VGT,QQQ,2026-09-29,1,1D,124.8499984741211,2026-09-29,True,2026-09-30T00:00:00,0.0065678790936805065,1.1169130682620452,0.00249349785715669,0.004074381236523816,0.00249349785715669,0.645,0.3363525561632652
9e0ad98c9494ed8c,76388ba334c85056,IYW,IYW,QQQ,2026-09-29,5,5D,263.3399963378906,2026-09-29,True,2026-10-06T00:00:00,0.03512569350890149,1.1246096327248736,0.029447211367511494,0.0056784821413899955,0.029447211367511494,0.645,0.3372218540584815
9e0ad98c9494ed8c,76388ba334c85056,IYW,VGT,QQQ,2026-09-29,5,5D,124.8499984741211,2026-09-29,True,2026-10-06T00:00:00,0.03964761424216401,1.6879180614733786,0.029447211367511494,0.010200402874652514,0.029447211367511494,0.6950000000000001,0.38383686346506357
9e0ad98c9494ed8c,76388ba334c85056,IYW,IYW,QQQ,2026-09-29,20,20D,263.3399963378906,2026-09-29,False,,,,,,,0.495,0.26275000000000004
9e0ad98c9494ed8c,76388ba334c85056,IYW,VGT,QQQ,2026-09-29,20,20D,124.8499984741211,2026-09-29,False,,,,,,,0.495,0.26275000000000004
9e0ad98c9494ed8c,76388ba334c85056,IYW,IYW,QQQ,2026-09-29,60,60D,263.3399963378906,2026-09-29,False,,,,,,,0.495,0.26275000000000004
9e0ad98c9494ed8c,76388ba334c85056,IYW,VGT,QQQ,2026-09-29,60,60D,124.8499984741211,2026-09-29,False,,,,,,,0.495,0.26275000000000004
bb0d941d15af2780,bb3b7d85f2ea8e71,SOXX,SOXX,QQQ,2026-09-29,1,1D,567.4400024414062,2026-09-29,True,2026-09-30T00:00:00,0.002114782535366233,0.6299324384633388,0.00249349785715669,-0.0003787153217904571,0.00249349785715669,0.645,0.3155798479011602
bb0d941d15af2780,bb3b7d85f2ea8e71,SOXX,SOXX,QQQ,2026-09-29,5,5D,567.4400024414062,2026-09-29,True,2026-10-06T00:00:00,0.038788258971745204,0.6594678552937746,0.029447211367511494,0.00934104760423371,0.029447211367511494,0.645,0.3198980808732328
bb0d941d15af2780,bb3b7d85f2ea8e71,SOXX,SOXX,QQQ,2026-09-29,20,20D,567.4400024414062,2026-09-29,False,,,,,,,0.495,0.26275000000000004
bb0d941d15af2780,bb3b7d85f2ea8e71,SOXX,SOXX,QQQ,2026-09-29,60,60D,567.4400024414062,2026-09-29,False,,,,,,,0.495,0.26275000000000004
009f6e4865639d4b,8f4595472d10fcae,GOOGL,GOOGL,QQQ,2026-09-30,1,1D,344.0799865722656,2026-09-30,True,2026-10-01T00:00:00,-0.016972787043119886,1.2467369430880904,0.0030550167024301356,-0.02002780374555002,0.0030550167024301356,0.745,0.39212920903446613
009f6e4865639d4b,8f4595472d10fcae,GOOGL,GOOGL,QQQ,2026-09-30,5,5D,344.0799865722656,2026-09-30,True,2026-10-07T00:00:00,0.018658491276085876,0.7643849739946081,0.024277762633419853,-0.005619271357333977,0.024277762633419853,0.645,0.32279214393485123
009f6e4865639d4b,8f4595472d10fcae,GOOGL,GOOGL,QQQ,2026-09-30,20,20D,344.0799865722656,2026-09-30,False,,,,,,,0.495,0.26275000000000004
009f6e4865639d4b,8f4595472d10fcae,GOOGL,GOOGL,QQQ,2026-09-30,60,60D,344.0799865722656,2026-09-30,False,,,,,,,0.495,0.26275000000000004
1238ee63746966bd,8f4595472d10fcae,GOOGL,GOOGL,QQQ,2026-09-30,1,1D,344.0799865722656,2026-09-30,True,2026-10-01T00:00:00,-0.016972787043119886,1.2467369430880904,0.0030550167024301356,-0.02002780374555002,0.0030550167024301356,0.745,0.39212920903446613
1238ee63746966bd,8f4595472d10fcae,GOOGL,GOOGL,QQQ,2026-09-30,5,5D,344.0799865722656,2026-09-30,True,2026-10-07T00:00:00,0.018658491276085876,0.7643849739946081,0.024277762633419853,-0.005619271357333977,0.024277762633419853,0.645,0.32279214393485123
1238ee63746966bd,8f4595472d10fcae,GOOGL,GOOGL,QQQ,2026-09-30,20,20D,344.0799865722656,2026-09-30,False,,,,,,,0.495,0.26275000000000004
1238ee63746966bd,8f4595472d10fcae,GOOGL,GOOGL,QQQ,2026-09-30,60,60D,344.0799865722656,2026-09-30,False,,,,,,,0.495,0.26275000000000004
1df31e5b827eed54,7507689c01910340,AAPL,AAPL,QQQ,2026-09-30,1,1D,333.0199890136719,2026-09-30,True,2026-10-01T00:00:00,-0.008107566448037673,0.8581685299441164,0.0030550167024301356,-0.011162583150467809,0.0030550167024301356,0.645,0.3284836453004284
1df31e5b827eed54,7507689c01910340,AAPL,AAPL,QQQ,2026-09-30,5,5D,333.0199890136719,2026-09-30,True,2026-10-07T00:00:00,0.010960376357206147,0.8179482604261249,0.024277762633419853,-0.013317386276213705,0.024277762633419853,0.645,0.3276290156137198
1df31e5b827eed54,7507689c01910340,AAPL,AAPL,QQQ,2026-09-30,20,20D,333.0199890136719,2026-09-30,False,,,,,,,0.495,0.26275000000000004
1df31e5b827eed54,7507689c01910340,AAPL,AAPL,QQQ,2026-09-30,60,60D,333.0199890136719,2026-09-30,False,,,,,,,0.495,0.26275000000000004
2bf5a0203f07e297,a6f6fd8829a42590,SOXX,SOXX,QQQ,2026-09-30,1,1D,568.6400146484375,2026-09-30,True,2026-10-01T00:00:00,0.013523498598952077,0.8774404885915291,0.0030550167024301356,0.010468481896521942,0.0030550167024301356,0.645,0.3290115882074438
2bf5a0203f07e297,a6f6fd8829a42590,SOXX,SOXX,QQQ,2026-09-30,5,5D,568.6400146484375,2026-09-30,True,2026-10-07T00:00:00,0.0249366775297164,0.7617064180248883,0.024277762633419853,0.0006589148962965474,0.024277762633419853,0.645,0.3209488769346993
2bf5a0203f07e297,a6f6fd8829a42590,SOXX,SOXX,QQQ,2026-09-30,20,20D,568.6400146484375,2026-09-30,False,,,,,,,0.495,0.26275000000000004
2bf5a0203f07e297,a6f6fd8829a42590,SOXX,SOXX,QQQ,2026-09-30,60,60D,568.6400146484375,2026-09-30,False,,,,,,,0.495,0.26275000000000004
52e2d476fbee914e,1e0fcff71206099b,SOXX,SOXX,QQQ,2026-09-30,1,1D,568.6400146484375,2026-09-30,True,2026-10-01T00:00:00,0.013523498598952077,0.8774404885915291,0.0030550167024301356,0.010468481896521942,0.0030550167024301356,0.645,0.3290115882074438
52e2d476fbee914e,1e0fcff71206099b,SOXX,SOXX,QQQ,2026-09-30,5,5D,568.6400146484375,2026-09-30,True,2026-10-07T00:00:00,0.0249366775297164,0.7617064180248883,0.024277762633419853,0.0006589148962965474,0.024277762633419853,0.645,0.3209488769346993
52e2d476fbee914e,1e0fcff71206099b,SOXX,SOXX,QQQ,2026-09-30,20,20D,568.6400146484375,2026-09-30,False,,,,,,,0.495,0.26275000000000004
52e2d476fbee914e,1e0fcff71206099b,SOXX,SOXX,QQQ,2026-09-30,60,60D,568.6400146484375,2026-09-30,False,,,,,,,0.495,0.26275000000000004
699e1dda7035150d,2669f9da88b761d6,VGT,VGT,QQQ,2026-09-30,1,1D,125.66999816894531,2026-09-30,True,2026-10-01T00:00:00,0.010662878863765934,1.1174515647140517,0.0030550167024301356,0.007607862161335799,0.0030550167024301356,0.645,0.3376108143450296
699e1dda7035150d,2669f9da88b761d6,VGT,VGT,QQQ,2026-09-30,5,5D,125.66999816894531,2026-09-30,True,2026-10-07T00:00:00,0.029442166007419557,0.7539200639005825,0.024277762633419853,0.005164403373999704,0.024277762633419853,0.645,0.3222143437369232
699e1dda7035150d,2669f9da88b761d6,VGT,VGT,QQQ,2026-09-30,20,20D,125.66999816894531,2026-09-30,False,,,,,,,0.495,0.26275000000000004
699e1dda7035150d,2669f9da88b761d6,VGT,VGT,QQQ,2026-09-30,60,60D,125.66999816894531,2026-09-30,False,,,,,,,0.495,0.26275000000000004
7934488a3a0b8903,b7a6c906d98113e9,META,META,QQQ,2026-09-30,1,1D,725.1799926757812,2026-09-30,True,2026-10-01T00:00:00,0.0010342259957181188,0.5124951779591224,0.0030550167024301356,-0.0020207907067120168,0.0030550167024301356,0.645,0.31145708386571413
7934488a3a0b8903,b7a6c906d98113e9,META,META,QQQ,2026-09-30,5,5D,725.1799926757812,2026-09-30,True,2026-10-07T00:00:00,-0.005336599404663578,0.5657715241731371,0.024277762633419853,-0.02961436203808343,0.024277762633419853,0.745,0.3682458876802547
7934488a3a0b8903,b7a6c906d98113e9,META,META,QQQ,2026-09-30,20,20D,725.1799926757812,2026-09-30,False,,,,,,,0.495,0.26275000000000004
7934488a3a0b8903,b7a6c906d98113e9,META,META,QQQ,2026-09-30,60,60D,725.1799926757812,2026-09-30,False,,,,,,,0.495,0.26275000000000004
8d1098de3f427270,1f755704d4295931,AMD,AMD,QQQ,2026-09-30,1,1D,611.760009765625,2026-09-30,True,2026-10-01T00:00:00,0.006489425002863314,0.7720270683697565,0.0030550167024301356,0.0034344083004331782,0.0030550167024301356,0.645,0.3223331256399419
8d1098de3f427270,1f755704d4295931,AMD,AMD,QQQ,2026-09-30,5,5D,611.760009765625,2026-09-30,True,2026-10-07T00:00:00,0.05574077259316401,0.8338239217279818,0.024277762633419853,0.03146300995974416,0.024277762633419853,0.745,0.3796150103550297
8d1098de3f427270,1f755704d4295931,AMD,AMD,QQQ,2026-09-30,20,20D,611.760009765625,2026-09-30,False,,,,,,,0.495,0.26275000000000004
8d1098de3f427270,1f755704d4295931,AMD,AMD,QQQ,2026-09-30,60,60D,611.760009765625,2026-09-30,False,,,,,,,0.495,0.26275000000000004
de9644ec032c101c,889306c3bfbe30be,IGV,IGV,QQQ,2026-09-30,1,1D,106.4800033569336,2026-09-30,True,2026-10-01T00:00:00,0.016435010751584933,1.1972591333627656,0.0030550167024301356,0.013379994049154798,0.0030550167024301356,0.645,0.3428233632517148
de9644ec032c101c,889306c3bfbe30be,IGV,SOXX,QQQ,2026-09-30,1,1D,568.6400146484375,2026-09-30,True,2026-10-01T00:00:00,0.013523498598952077,0.8774404885915291,0.0030550167024301356,0.010468481896521942,0.0030550167024301356,0.645,0.3290115882074438
de9644ec032c101c,889306c3bfbe30be,IGV,IGV,QQQ,2026-09-30,5,5D,106.4800033569336,2026-09-30,True,2026-10-07T00:00:00,0.03155515472415926,0.59160180880939,0.024277762633419853,0.00727739209073941,0.024277762633419853,0.645,0.3164611595841344
de9644ec032c101c,889306c3bfbe30be,IGV,SOXX,QQQ,2026-09-30,5,5D,568.6400146484375,2026-09-30,True,2026-10-07T00:00:00,0.0249366775297164,0.7617064180248883,0.024277762633419853,0.0006589148962965474,0.024277762633419853,0.645,0.3209488769346993
de9644ec032c101c,889306c3bfbe30be,IGV,IGV,QQQ,2026-09-30,20,20D,106.4800033569336,2026-09-30,False,,,,,,,0.495,0.26275000000000004
de9644ec032c101c,889306c3bfbe30be,IGV,SOXX,QQQ,2026-09-30,20,20D,568.6400146484375,2026-09-30,False,,,,,,,0.495,0.26275000000000004
de9644ec032c101c,889306c3bfbe30be,IGV,IGV,QQQ,2026-09-30,60,60D,106.4800033569336,2026-09-30,False,,,,,,,0.495,0.26275000000000004
de9644ec032c101c,889306c3bfbe30be,IGV,SOXX,QQQ,2026-09-30,60,60D,568.6400146484375,2026-09-30,False,,,,,,,0.495,0.26275000000000004
ec7bafcd629438a9,838e917395f16c99,XLK,XLK,QQQ,2026-09-30,1,1D,195.75,2026-09-30,True,2026-10-01T00:00:00,0.010523614603288545,1.573992130183485,0.0030550167024301356,0.007468597900858409,0.0030550167024301356,0.6950000000000001,0.37832369447263986
ec7bafcd629438a9,838e917395f16c99,XLK,XLK,QQQ,2026-09-30,5,5D,195.75,2026-09-30,True,2026-10-07T00:00:00,0.02881225741838289,0.8665083734031704,0.024277762633419853,0.004534494784963039,0.024277762633419853,0.645,0.32649740811086386
ec7bafcd629438a9,838e917395f16c99,XLK,XLK,QQQ,2026-09-30,20,20D,195.75,2026-09-30,False,,,,,,,0.495,0.26275000000000004
ec7bafcd629438a9,838e917395f16c99,XLK,XLK,QQQ,2026-09-30,60,60D,195.75,2026-09-30,False,,,,,,,0.495,0.26275000000000004
f1a9132539f8d353,26039ce14b31c428,SOXX,SOXX,QQQ,2026-09-30,1,1D,568.6400146484375,2026-09-30,True,2026-10-01T00:00:00,0.013523498598952077,0.8774404885915291,0.0030550167024301356,0.010468481896521942,0.0030550167024301356,0.645,0.3290115882074438
f1a9132539f8d353,26039ce14b31c428,SOXX,AMD,QQQ,2026-09-30,1,1D,611.760009765625,2026-09-30,True,2026-10-01T00:00:00,0.006489425002863314,0.7720270683697565,0.0030550167024301356,0.0034344083004331782,0.0030550167024301356,0.645,0.3223331256399419
f1a9132539f8d353,26039ce14b31c428,SOXX,SOXX,QQQ,2026-09-30,5,5D,568.6400146484375,2026-09-30,True,2026-10-07T00:00:00,0.0249366775297164,0.7617064180248883,0.024277762633419853,0.0006589148962965474,0.024277762633419853,0.645,0.3209488769346993
f1a9132539f8d353,26039ce14b31c428,SOXX,AMD,QQQ,2026-09-30,5,5D,611.760009765625,2026-09-30,True,2026-10-07T00:00:00,0.05574077259316401,0.8338239217279818,0.024277762633419853,0.03146300995974416,0.024277762633419853,0.745,0.3796150103550297
f1a9132539f8d353,26039ce14b31c428,SOXX,SOXX,QQQ,2026-09-30,20,20D,568.6400146484375,2026-09-30,False,,,,,,,0.495,0.26275000000000004
f1a9132539f8d353,26039ce14b31c428,SOXX,AMD,QQQ,2026-09-30,20,20D,611.760009765625,2026-09-30,False,,,,,,,0.495,0.26275000000000004
f1a9132539f8d353,26039ce14b31c428,SOXX,SOXX,QQQ,2026-09-30,60,60D,568.6400146484375,2026-09-30,False,,,,,,,0.495,0.26275000000000004
f1a9132539f8d353,26039ce14b31c428,SOXX,AMD,QQQ,2026-09-30,60,60D,611.760009765625,2026-09-30,False,,,,,,,0.495,0.26275000000000004
fb17c73dc720484e,222a8f07a5ee0351,QQQ,QQQ,QQQ,2026-09-30,1,1D,739.77001953125,2026-09-30,True,2026-10-01T00:00:00,0.0030550167024301356,1.0823057851827989,0.0030550167024301356,0.0,0.0030550167024301356,0.645,0.333542231407312
fb17c73dc720484e,222a8f07a5ee0351,QQQ,QQQ,QQQ,2026-09-30,5,5D,739.77001953125,2026-09-30,True,2026-10-07T00:00:00,0.024277762633419853,0.7589370399381966,0.024277762633419853,0.0,0.024277762633419853,0.645,0.3206074815975279
fb17c73dc720484e,222a8f07a5ee0351,QQQ,QQQ,QQQ,2026-09-30,20,20D,739.77001953125,2026-09-30,False,,,,,,,0.495,0.26275000000000004
fb17c73dc720484e,222a8f07a5ee0351,QQQ,QQQ,QQQ,2026-09-30,60,60D,739.77001953125,2026-09-30,False,,,,,,,0.495,0.26275000000000004
3a1af44390709cda,fb96b598baae5bd3,MSFT,MSFT,QQQ,2026-10-01,1,1D,512.7999877929688,2026-10-01,True,2026-10-02T00:00:00,0.009223950110185841,0.8262492683746617,0.010174773924072733,-0.0009508238138868919,0.010174773924072733,0.645,0.32363275906984684
3a1af44390709cda,fb96b598baae5bd3,MSFT,MSFT,QQQ,2026-10-01,5,5D,512.7999877929688,2026-10-01,True,2026-10-08T00:00:00,0.03307336656861137,,0.021158107559005046,0.011915259009606327,0.021158107559005046,0.645,0.33442034065336224
3a1af44390709cda,fb96b598baae5bd3,MSFT,MSFT,QQQ,2026-10-01,20,20D,512.7999877929688,2026-10-01,False,,,,,,,0.495,0.26275000000000004
3a1af44390709cda,fb96b598baae5bd3,MSFT,MSFT,QQQ,2026-10-01,60,60D,512.7999877929688,2026-10-01,False,,,,,,,0.495,0.26275000000000004
57ef536b6b93bef0,fa334ceb22759b76,AMZN,AMZN,QQQ,2026-10-01,1,1D,248.22999572753906,2026-10-01,True,2026-10-02T00:00:00,0.013253871818670326,0.9592231054293593,0.010174773924072733,0.0030790978945975933,0.010174773924072733,0.645,0.32969660848028354
57ef536b6b93bef0,fa334ceb22759b76,AMZN,AMZN,QQQ,2026-10-01,5,5D,248.22999572753906,2026-10-01,True,2026-10-08T00:00:00,0.04709349353986392,,0.021158107559005046,0.02593538598085887,0.021158107559005046,0.745,0.38432738509330056
57ef536b6b93bef0,fa334ceb22759b76,AMZN,AMZN,QQQ,2026-10-01,20,20D,248.22999572753906,2026-10-01,False,,,,,,,0.495,0.26275000000000004
57ef536b6b93bef0,fa334ceb22759b76,AMZN,AMZN,QQQ,2026-10-01,60,60D,248.22999572753906,2026-10-01,False,,,,,,,0.495,0.26275000000000004
977d7703a3c40a52,a86da843e2c543f5,IYW,IYW,QQQ,2026-10-01,1,1D,266.8299865722656,2026-10-01,True,2026-10-02T00:00:00,0.010718494970826775,0.8997724169321802,0.010174773924072733,0.0005437210467540421,0.010174773924072733,0.645,0.32643119904365114
977d7703a3c40a52,a86da843e2c543f5,IYW,IYW,QQQ,2026-10-01,5,5D,266.8299865722656,2026-10-01,True,2026-10-08T00:00:00,0.017539345009455642,,0.021158107559005046,-0.0036187625495494036,0.021158107559005046,0.645,0.3315165668923423
977d7703a3c40a52,a86da843e2c543f5,IYW,IYW,QQQ,2026-10-01,20,20D,266.8299865722656,2026-10-01,False,,,,,,,0.495,0.26275000000000004
977d7703a3c40a52,a86da843e2c543f5,IYW,IYW,QQQ,2026-10-01,60,60D,266.8299865722656,2026-10-01,False,,,,,,,0.495,0.26275000000000004
9b469b42ae82cc17,a86e0e592bcbced6,VGT,VGT,QQQ,2026-10-01,1,1D,127.01000213623047,2026-10-01,True,2026-10-02T00:00:00,0.010314189165851584,1.0727240974976924,0.010174773924072733,0.00013941524177885078,0.010174773924072733,0.645,0.3332077592345303
9b469b42ae82cc17,a86e0e592bcbced6,VGT,VGT,QQQ,2026-10-01,5,5D,127.01000213623047,2026-10-01,True,2026-10-08T00:00:00,0.018581158501404627,,0.021158107559005046,-0.0025769490576004195,0.021158107559005046,0.645,0.33115193217016015
9b469b42ae82cc17,a86e0e592bcbced6,VGT,VGT,QQQ,2026-10-01,20,20D,127.01000213623047,2026-10-01,False,,,,,,,0.495,0.26275000000000004
9b469b42ae82cc17,a86e0e592bcbced6,VGT,VGT,QQQ,2026-10-01,60,60D,127.01000213623047,2026-10-01,False,,,,,,,0.495,0.26275000000000004
9d83d4fe5ee8bfd3,59a62ff7f3e0cc97,SOXX,SOXX,QQQ,2026-10-01,1,1D,576.3300170898438,2026-10-01,True,2026-10-02T00:00:00,0.021810433174538568,0.9895624998201423,0.010174773924072733,0.011635659250465835,0.010174773924072733,0.645,0.3339049807304687
9d83d4fe5ee8bfd3,59a62ff7f3e0cc97,SOXX,SOXX,QQQ,2026-10-01,5,5D,576.3300170898438,2026-10-01,True,2026-10-08T00:00:00,0.01126089226992888,,0.021158107559005046,-0.009897215289076167,0.021158107559005046,0.645,0.33371402535117667
9d83d4fe5ee8bfd3,59a62ff7f3e0cc97,SOXX,SOXX,QQQ,2026-10-01,20,20D,576.3300170898438,2026-10-01,False,,,,,,,0.495,0.26275000000000004
9d83d4fe5ee8bfd3,59a62ff7f3e0cc97,SOXX,SOXX,QQQ,2026-10-01,60,60D,576.3300170898438,2026-10-01,False,,,,,,,0.495,0.26275000000000004
a04fe533591d713b,31b01a822f774136,SMH,SMH,QQQ,2026-10-01,1,1D,617.8099975585938,2026-10-01,True,2026-10-02T00:00:00,0.020702122137689738,1.1461793760004757,0.010174773924072733,0.010527348213617005,0.010174773924072733,0.645,0.339781746914785
a04fe533591d713b,31b01a822f774136,SMH,SMH,QQQ,2026-10-01,5,5D,617.8099975585938,2026-10-01,True,2026-10-08T00:00:00,0.011686492233555112,,0.021158107559005046,-0.009471615325449934,0.021158107559005046,0.645,0.3335650653639075
a04fe533591d713b,31b01a822f774136,SMH,SMH,QQQ,2026-10-01,20,20D,617.8099975585938,2026-10-01,False,,,,,,,0.495,0.26275000000000004
a04fe533591d713b,31b01a822f774136,SMH,SMH,QQQ,2026-10-01,60,60D,617.8099975585938,2026-10-01,False,,,,,,,0.495,0.26275000000000004
acf97b171ce7cbe0,07d21a5cc52489c0,IGV,IGV,QQQ,2026-10-01,1,1D,108.2300033569336,2026-10-01,True,2026-10-02T00:00:00,0.0018478882198924573,0.7238128917325826,0.010174773924072733,-0.008326885704180276,0.010174773924072733,0.645,0.3221169256657664
acf97b171ce7cbe0,07d21a5cc52489c0,IGV,IGV,QQQ,2026-10-01,5,5D,108.2300033569336,2026-10-01,True,2026-10-08T00:00:00,0.01487566230269266,,0.021158107559005046,-0.006282445256312386,0.021158107559005046,0.645,0.3324488558397094
acf97b171ce7cbe0,07d21a5cc52489c0,IGV,IGV,QQQ,2026-10-01,20,20D,108.2300033569336,2026-10-01,False,,,,,,,0.495,0.26275000000000004
acf97b171ce7cbe0,07d21a5cc52489c0,IGV,IGV,QQQ,2026-10-01,60,60D,108.2300033569336,2026-10-01,False,,,,,,,0.495,0.26275000000000004
b41cfa256484cc9d,fc39fa5a230c469f,MSFT,MSFT,QQQ,2026-10-01,1,1D,512.7999877929688,2026-10-01,True,2026-10-02T00:00:00,0.009223950110185841,0.8262492683746617,0.010174773924072733,-0.0009508238138868919,0.010174773924072733,0.645,0.32363275906984684
b41cfa256484cc9d,fc39fa5a230c469f,MSFT,MSFT,QQQ,2026-10-01,5,5D,512.7999877929688,2026-10-01,True,2026-10-08T00:00:00,0.03307336656861137,,0.021158107559005046,0.011915259009606327,0.021158107559005046,0.645,0.33442034065336224
b41cfa256484cc9d,fc39fa5a230c469f,MSFT,MSFT,QQQ,2026-10-01,20,20D,512.7999877929688,2026-10-01,False,,,,,,,0.495,0.26275000000000004
b41cfa256484cc9d,fc39fa5a230c469f,MSFT,MSFT,QQQ,2026-10-01,60,60D,512.7999877929688,2026-10-01,False,,,,,,,0.495,0.26275000000000004
c86f40fd2aa4c8fd,216b2c583161d95b,SMH,SMH,QQQ,2026-10-01,1,1D,617.8099975585938,2026-10-01,True,2026-10-02T00:00:00,0.020702122137689738,1.1461793760004757,0.010174773924072733,0.010527348213617005,0.010174773924072733,0.645,0.339781746914785
c86f40fd2aa4c8fd,216b2c583161d95b,SMH,SMH,QQQ,2026-10-01,5,5D,617.8099975585938,2026-10-01,True,2026-10-08T00:00:00,0.011686492233555112,,0.021158107559005046,-0.009471615325449934,0.021158107559005046,0.645,0.3335650653639075
c86f40fd2aa4c8fd,216b2c583161d95b,SMH,SMH,QQQ,2026-10-01,20,20D,617.8099975585938,2026-10-01,False,,,,,,,0.495,0.26275000000000004
c86f40fd2aa4c8fd,216b2c583161d95b,SMH,SMH,QQQ,2026-10-01,60,60D,617.8099975585938,2026-10-01,False,,,,,,,0.495,0.26275000000000004
ccf6d486812d5198,1203f91ab8a5f891,META,META,QQQ,2026-10-01,1,1D,725.9299926757812,2026-10-01,True,2026-10-02T00:00:00,0.0029617517333007104,0.5400690078224835,0.010174773924072733,-0.007213022190772023,0.010174773924072733,0.645,0.3143773180796695
ccf6d486812d5198,1203f91ab8a5f891,META,META,QQQ,2026-10-01,5,5D,725.9299926757812,2026-10-01,True,2026-10-08T00:00:00,-0.006364243334482156,,0.021158107559005046,-0.027522350893487202,0.021158107559005046,0.745,0.38488282281272057
ccf6d486812d5198,1203f91ab8a5f891,META,META,QQQ,2026-10-01,20,20D,725.9299926757812,2026-10-01,False,,,,,,,0.495,0.26275000000000004
ccf6d486812d5198,1203f91ab8a5f891,META,META,QQQ,2026-10-01,60,60D,725.9299926757812,2026-10-01,False,,,,,,,0.495,0.26275000000000004
e2ffd08cc174fa02,fb33feb891afb860,AMD,AMD,QQQ,2026-10-01,1,1D,615.72998046875,2026-10-01,True,2026-10-02T00:00:00,0.029525917613985486,0.8847127376891956,0.010174773924072733,0.019351143689912753,0.010174773924072733,0.645,0.3324114097990373
e2ffd08cc174fa02,fb33feb891afb860,AMD,AMD,QQQ,2026-10-01,5,5D,615.72998046875,2026-10-01,True,2026-10-08T00:00:00,0.04893379539497955,,0.021158107559005046,0.027775687835974505,0.021158107559005046,0.745,0.38497149074259107
e2ffd08cc174fa02,fb33feb891afb860,AMD,AMD,QQQ,2026-10-01,20,20D,615.72998046875,2026-10-01,False,,,,,,,0.495,0.26275000000000004
e2ffd08cc174fa02,fb33feb891afb860,AMD,AMD,QQQ,2026-10-01,60,60D,615.72998046875,2026-10-01,False,,,,,,,0.495,0.26275000000000004
fe3c24687b99242e,6601c56ec5ce3519,GOOGL,GOOGL,QQQ,2026-10-01,1,1D,338.239990234375,2026-10-01,True,2026-10-02T00:00:00,0.015551117305733664,0.8733497554138676,0.010174773924072733,0.005376343381660931,0.010174773924072733,0.645,0.32706571040013604
fe3c24687b99242e,6601c56ec5ce3519,GOOGL,GOOGL,QQQ,2026-10-01,5,5D,338.239990234375,2026-10-01,True,2026-10-08T00:00:00,0.036246482141658376,,0.021158107559005046,0.01508837458265333,0.021158107559005046,0.645,0.33553093110392873
fe3c24687b99242e,6601c56ec5ce3519,GOOGL,GOOGL,QQQ,2026-10-01,20,20D,338.239990234375,2026-10-01,False,,,,,,,0.495,0.26275000000000004
fe3c24687b99242e,6601c56ec5ce3519,GOOGL,GOOGL,QQQ,2026-10-01,60,60D,338.239990234375,2026-10-01,False,,,,,,,0.495,0.26275000000000004
194b6d13e4af2a4d,874cc3a2c80cf40e,SMH,SMH,QQQ,2026-10-02,1,1D,630.5999755859375,2026-10-02,True,2026-10-05T00:00:00,0.00523318895637237,0.5557168402879653,0.00883160565417529,-0.0035984166978029197,0.00883160565417529,0.645,0.31373811945574964
194b6d13e4af2a4d,874cc3a2c80cf40e,SMH,SMH,QQQ,2026-10-02,5,5D,630.5999755859375,2026-10-02,False,,,,,,,0.495,0.26275000000000004
194b6d13e4af2a4d,874cc3a2c80cf40e,SMH,SMH,QQQ,2026-10-02,20,20D,630.5999755859375,2026-10-02,False,,,,,,,0.495,0.26275000000000004
194b6d13e4af2a4d,874cc3a2c80cf40e,SMH,SMH,QQQ,2026-10-02,60,60D,630.5999755859375,2026-10-02,False,,,,,,,0.495,0.26275000000000004
2ed427f595db3c62,180b68dc36dded96,TSLA,TSLA,QQQ,2026-10-02,1,1D,370.5899963378906,2026-10-02,True,2026-10-05T00:00:00,0.021965014514357506,1.1078745881149943,0.00883160565417529,0.013133408860182216,0.00883160565417529,0.645,0.33916167662566354
2ed427f595db3c62,180b68dc36dded96,TSLA,TSLA,QQQ,2026-10-02,5,5D,370.5899963378906,2026-10-02,False,,,,,,,0.495,0.26275000000000004
2ed427f595db3c62,180b68dc36dded96,TSLA,TSLA,QQQ,2026-10-02,20,20D,370.5899963378906,2026-10-02,False,,,,,,,0.495,0.26275000000000004
2ed427f595db3c62,180b68dc36dded96,TSLA,TSLA,QQQ,2026-10-02,60,60D,370.5899963378906,2026-10-02,False,,,,,,,0.495,0.26275000000000004
37a57d547bf0603f,c75806eb7069fdf9,AAPL,AAPL,QQQ,2026-10-02,1,1D,333.69000244140625,2026-10-02,True,2026-10-05T00:00:00,-0.002397398145331686,0.8144950759851937,0.00883160565417529,-0.011229003799506976,0.00883160565417529,0.645,0.3267599543692352
37a57d547bf0603f,c75806eb7069fdf9,AAPL,AAPL,QQQ,2026-10-02,5,5D,333.69000244140625,2026-10-02,False,,,,,,,0.495,0.26275000000000004
37a57d547bf0603f,c75806eb7069fdf9,AAPL,AAPL,QQQ,2026-10-02,20,20D,333.69000244140625,2026-10-02,False,,,,,,,0.495,0.26275000000000004
37a57d547bf0603f,c75806eb7069fdf9,AAPL,AAPL,QQQ,2026-10-02,60,60D,333.69000244140625,2026-10-02,False,,,,,,,0.495,0.26275000000000004
4685f121afde187b,92f0b0d533bc58dc,SMH,SMH,QQQ,2026-10-02,1,1D,630.5999755859375,2026-10-02,True,2026-10-05T00:00:00,0.00523318895637237,0.5557168402879653,0.00883160565417529,-0.0035984166978029197,0.00883160565417529,0.645,0.31373811945574964
4685f121afde187b,92f0b0d533bc58dc,SMH,SMH,QQQ,2026-10-02,5,5D,630.5999755859375,2026-10-02,False,,,,,,,0.495,0.26275000000000004
4685f121afde187b,92f0b0d533bc58dc,SMH,SMH,QQQ,2026-10-02,20,20D,630.5999755859375,2026-10-02,False,,,,,,,0.495,0.26275000000000004
4685f121afde187b,92f0b0d533bc58dc,SMH,SMH,QQQ,2026-10-02,60,60D,630.5999755859375,2026-10-02,False,,,,,,,0.495,0.26275000000000004
49e4928fa01cd9c8,c75806eb7069fdf9,AAPL,AAPL,QQQ,2026-10-02,1,1D,333.69000244140625,2026-10-02,True,2026-10-05T00:00:00,-0.002397398145331686,0.8144950759851937,0.00883160565417529,-0.011229003799506976,0.00883160565417529,0.645,0.3267599543692352
49e4928fa01cd9c8,c75806eb7069fdf9,AAPL,AAPL,QQQ,2026-10-02,5,5D,333.69000244140625,2026-10-02,False,,,,,,,0.495,0.26275000000000004
49e4928fa01cd9c8,c75806eb7069fdf9,AAPL,AAPL,QQQ,2026-10-02,20,20D,333.69000244140625,2026-10-02,False,,,,,,,0.495,0.26275000000000004
49e4928fa01cd9c8,c75806eb7069fdf9,AAPL,AAPL,QQQ,2026-10-02,60,60D,333.69000244140625,2026-10-02,False,,,,,,,0.495,0.26275000000000004
69677bbaa6fb683a,4c6ee165cfa2b3e9,TSLA,TSLA,QQQ,2026-10-02,1,1D,370.5899963378906,2026-10-02,True,2026-10-05T00:00:00,0.021965014514357506,1.1078745881149943,0.00883160565417529,0.013133408860182216,0.00883160565417529,0.645,0.33916167662566354
69677bbaa6fb683a,4c6ee165cfa2b3e9,TSLA,TSLA,QQQ,2026-10-02,5,5D,370.5899963378906,2026-10-02,False,,,,,,,0.495,0.26275000000000004
69677bbaa6fb683a,4c6ee165cfa2b3e9,TSLA,TSLA,QQQ,2026-10-02,20,20D,370.5899963378906,2026-10-02,False,,,,,,,0.495,0.26275000000000004
69677bbaa6fb683a,4c6ee165cfa2b3e9,TSLA,TSLA,QQQ,2026-10-02,60,60D,370.5899963378906,2026-10-02,False,,,,,,,0.495,0.26275000000000004
6a4ae77ba2952ed9,201d95abdef1e895,NVDA,NVDA,QQQ,2026-10-02,1,1D,233.9499969482422,2026-10-02,True,2026-10-05T00:00:00,0.02115835440398528,1.1564624705891928,0.00883160565417529,0.01232674874980999,0.00883160565417529,0.645,0.3408228608860012
6a4ae77ba2952ed9,201d95abdef1e895,NVDA,NVDA,QQQ,2026-10-02,5,5D,233.9499969482422,2026-10-02,False,,,,,,,0.495,0.26275000000000004
6a4ae77ba2952ed9,201d95abdef1e895,NVDA,NVDA,QQQ,2026-10-02,20,20D,233.9499969482422,2026-10-02,False,,,,,,,0.495,0.26275000000000004
6a4ae77ba2952ed9,201d95abdef1e895,NVDA,NVDA,QQQ,2026-10-02,60,60D,233.9499969482422,2026-10-02,False,,,,,,,0.495,0.26275000000000004
6df8740c5e755a4f,fc043015851cb87e,QQQ,QQQ,QQQ,2026-10-02,1,1D,749.5800170898438,2026-10-02,True,2026-10-05T00:00:00,0.00883160565417529,0.7557710742636765,0.00883160565417529,0.0,0.00883160565417529,0.645,0.3204808429705471
6df8740c5e755a4f,fc043015851cb87e,QQQ,QQQ,QQQ,2026-10-02,5,5D,749.5800170898438,2026-10-02,False,,,,,,,0.495,0.26275000000000004
6df8740c5e755a4f,fc043015851cb87e,QQQ,QQQ,QQQ,2026-10-02,20,20D,749.5800170898438,2026-10-02,False,,,,,,,0.495,0.26275000000000004
6df8740c5e755a4f,fc043015851cb87e,QQQ,QQQ,QQQ,2026-10-02,60,60D,749.5800170898438,2026-10-02,False,,,,,,,0.495,0.26275000000000004
97db0e288c2e0f0f,201d95abdef1e895,NVDA,NVDA,QQQ,2026-10-02,1,1D,233.9499969482422,2026-10-02,True,2026-10-05T00:00:00,0.02115835440398528,1.1564624705891928,0.00883160565417529,0.01232674874980999,0.00883160565417529,0.645,0.3408228608860012
97db0e288c2e0f0f,201d95abdef1e895,NVDA,NVDA,QQQ,2026-10-02,5,5D,233.9499969482422,2026-10-02,False,,,,,,,0.495,0.26275000000000004
97db0e288c2e0f0f,201d95abdef1e895,NVDA,NVDA,QQQ,2026-10-02,20,20D,233.9499969482422,2026-10-02,False,,,,,,,0.495,0.26275000000000004
97db0e288c2e0f0f,201d95abdef1e895,NVDA,NVDA,QQQ,2026-10-02,60,60D,233.9499969482422,2026-10-02,False,,,,,,,0.495,0.26275000000000004
9b385850234050c0,92f0b0d533bc58dc,SMH,SMH,QQQ,2026-10-02,1,1D,630.5999755859375,2026-10-02,True,2026-10-05T00:00:00,0.00523318895637237,0.5557168402879653,0.00883160565417529,-0.0035984166978029197,0.00883160565417529,0.645,0.31373811945574964
9b385850234050c0,92f0b0d533bc58dc,SMH,SMH,QQQ,2026-10-02,5,5D,630.5999755859375,2026-10-02,False,,,,,,,0.495,0.26275000000000004
9b385850234050c0,92f0b0d533bc58dc,SMH,SMH,QQQ,2026-10-02,20,20D,630.5999755859375,2026-10-02,False,,,,,,,0.495,0.26275000000000004
9b385850234050c0,92f0b0d533bc58dc,SMH,SMH,QQQ,2026-10-02,60,60D,630.5999755859375,2026-10-02,False,,,,,,,0.495,0.26275000000000004
c2b91a26cf28819a,c75806eb7069fdf9,AAPL,AAPL,QQQ,2026-10-02,1,1D,333.69000244140625,2026-10-02,True,2026-10-05T00:00:00,-0.002397398145331686,0.8144950759851937,0.00883160565417529,-0.011229003799506976,0.00883160565417529,0.645,0.3267599543692352
c2b91a26cf28819a,c75806eb7069fdf9,AAPL,AAPL,QQQ,2026-10-02,5,5D,333.69000244140625,2026-10-02,False,,,,,,,0.495,0.26275000000000004
c2b91a26cf28819a,c75806eb7069fdf9,AAPL,AAPL,QQQ,2026-10-02,20,20D,333.69000244140625,2026-10-02,False,,,,,,,0.495,0.26275000000000004
c2b91a26cf28819a,c75806eb7069fdf9,AAPL,AAPL,QQQ,2026-10-02,60,60D,333.69000244140625,2026-10-02,False,,,,,,,0.495,0.26275000000000004
d68b5c86b7c6610b,61f4408b81f3634c,TSLA,TSLA,QQQ,2026-10-02,1,1D,370.5899963378906,2026-10-02,True,2026-10-05T00:00:00,0.021965014514357506,1.1078745881149943,0.00883160565417529,0.013133408860182216,0.00883160565417529,0.645,0.33916167662566354
d68b5c86b7c6610b,61f4408b81f3634c,TSLA,TSLA,QQQ,2026-10-02,5,5D,370.5899963378906,2026-10-02,False,,,,,,,0.495,0.26275000000000004
d68b5c86b7c6610b,61f4408b81f3634c,TSLA,TSLA,QQQ,2026-10-02,20,20D,370.5899963378906,2026-10-02,False,,,,,,,0.495,0.26275000000000004
d68b5c86b7c6610b,61f4408b81f3634c,TSLA,TSLA,QQQ,2026-10-02,60,60D,370.5899963378906,2026-10-02,False,,,,,,,0.495,0.26275000000000004
e165d0a32b6aa33c,2b9c930a82463458,SOXX,SOXX,QQQ,2026-10-02,1,1D,588.9000244140625,2026-10-02,True,2026-10-05T00:00:00,0.0010358045954734774,0.6071837889243824,0.00883160565417529,-0.007795801058701812,0.00883160565417529,0.645,0.317265881927521
e165d0a32b6aa33c,2b9c930a82463458,SOXX,SOXX,QQQ,2026-10-02,5,5D,588.9000244140625,2026-10-02,False,,,,,,,0.495,0.26275000000000004
e165d0a32b6aa33c,2b9c930a82463458,SOXX,SOXX,QQQ,2026-10-02,20,20D,588.9000244140625,2026-10-02,False,,,,,,,0.495,0.26275000000000004
e165d0a32b6aa33c,2b9c930a82463458,SOXX,SOXX,QQQ,2026-10-02,60,60D,588.9000244140625,2026-10-02,False,,,,,,,0.495,0.26275000000000004
e3cc2303c0b620e0,c41e6e8c9b6c6e3a,IYW,IYW,QQQ,2026-10-02,1,1D,269.69000244140625,2026-10-02,True,2026-10-05T00:00:00,0.00719345331248511,0.826064372839462,0.00883160565417529,-0.00163815234169018,0.00883160565417529,0.645,0.32386592823317006
e3cc2303c0b620e0,c41e6e8c9b6c6e3a,IYW,IYW,QQQ,2026-10-02,5,5D,269.69000244140625,2026-10-02,False,,,,,,,0.495,0.26275000000000004
e3cc2303c0b620e0,c41e6e8c9b6c6e3a,IYW,IYW,QQQ,2026-10-02,20,20D,269.69000244140625,2026-10-02,False,,,,,,,0.495,0.26275000000000004
e3cc2303c0b620e0,c41e6e8c9b6c6e3a,IYW,IYW,QQQ,2026-10-02,60,60D,269.69000244140625,2026-10-02,False,,,,,,,0.495,0.26275000000000004
e541352517bab14d,c29a156d1ecc2bf5,IGV,IGV,QQQ,2026-10-02,1,1D,108.43000030517578,2026-10-02,True,2026-10-05T00:00:00,0.011897084864858742,0.6457167252524167,0.00883160565417529,0.0030654792106834527,0.00883160565417529,0.645,0.31715158673383587
e541352517bab14d,c29a156d1ecc2bf5,IGV,IGV,QQQ,2026-10-02,5,5D,108.43000030517578,2026-10-02,False,,,,,,,0.495,0.26275000000000004
e541352517bab14d,c29a156d1ecc2bf5,IGV,IGV,QQQ,2026-10-02,20,20D,108.43000030517578,2026-10-02,False,,,,,,,0.495,0.26275000000000004
e541352517bab14d,c29a156d1ecc2bf5,IGV,IGV,QQQ,2026-10-02,60,60D,108.43000030517578,2026-10-02,False,,,,,,,0.495,0.26275000000000004
fabc9077cf55d442,a9c01fc5392112a6,NVDA,NVDA,QQQ,2026-10-02,1,1D,233.9499969482422,2026-10-02,True,2026-10-05T00:00:00,0.02115835440398528,1.1564624705891928,0.00883160565417529,0.01232674874980999,0.00883160565417529,0.645,0.3408228608860012
fabc9077cf55d442,a9c01fc5392112a6,NVDA,NVDA,QQQ,2026-10-02,5,5D,233.9499969482422,2026-10-02,False,,,,,,,0.495,0.26275000000000004
fabc9077cf55d442,a9c01fc5392112a6,NVDA,NVDA,QQQ,2026-10-02,20,20D,233.9499969482422,2026-10-02,False,,,,,,,0.495,0.26275000000000004
fabc9077cf55d442,a9c01fc5392112a6,NVDA,NVDA,QQQ,2026-10-02,60,60D,233.9499969482422,2026-10-02,False,,,,,,,0.495,0.26275000000000004
18643817b8194a5c,f94b1203181d8d5f,AAPL,AAPL,QQQ,2026-10-03,1,1D,332.8900146484375,2026-10-05,True,2026-10-06T00:00:00,0.002222927098478822,0.725398303203102,0.004575457394402571,-0.0023525302959237493,0.004575457394402571,0.645,0.3200893177316974
18643817b8194a5c,f94b1203181d8d5f,AAPL,AAPL,QQQ,2026-10-03,5,5D,332.8900146484375,2026-10-05,False,,,,,,,0.495,0.26275000000000004
18643817b8194a5c,f94b1203181d8d5f,AAPL,AAPL,QQQ,2026-10-03,20,20D,332.8900146484375,2026-10-05,False,,,,,,,0.495,0.26275000000000004
18643817b8194a5c,f94b1203181d8d5f,AAPL,AAPL,QQQ,2026-10-03,60,60D,332.8900146484375,2026-10-05,False,,,,,,,0.495,0.26275000000000004
1ba265e552dab370,a8791f2ee7c9df81,SOXX,SOXX,QQQ,2026-10-03,1,1D,589.510009765625,2026-10-05,True,2026-10-06T00:00:00,-0.00010177530084276576,0.6594678552937746,0.004575457394402571,-0.004677232695245337,0.004575457394402571,0.645,0.31826574565508686
1ba265e552dab370,a8791f2ee7c9df81,SOXX,SOXX,QQQ,2026-10-03,5,5D,589.510009765625,2026-10-05,False,,,,,,,0.495,0.26275000000000004
1ba265e552dab370,a8791f2ee7c9df81,SOXX,SOXX,QQQ,2026-10-03,20,20D,589.510009765625,2026-10-05,False,,,,,,,0.495,0.26275000000000004
1ba265e552dab370,a8791f2ee7c9df81,SOXX,SOXX,QQQ,2026-10-03,60,60D,589.510009765625,2026-10-05,False,,,,,,,0.495,0.26275000000000004
325fd721d7fe2adc,10cb450cffce80fe,NVDA,NVDA,QQQ,2026-10-03,1,1D,238.89999389648438,2026-10-05,True,2026-10-06T00:00:00,0.001423238197431731,0.9283020121688353,0.004575457394402571,-0.00315221919697084,0.004575457394402571,0.645,0.3284853572056932
325fd721d7fe2adc,10cb450cffce80fe,NVDA,NVDA,QQQ,2026-10-03,5,5D,238.89999389648438,2026-10-05,False,,,,,,,0.495,0.26275000000000004
325fd721d7fe2adc,10cb450cffce80fe,NVDA,NVDA,QQQ,2026-10-03,20,20D,238.89999389648438,2026-10-05,False,,,,,,,0.495,0.26275000000000004
325fd721d7fe2adc,10cb450cffce80fe,NVDA,NVDA,QQQ,2026-10-03,60,60D,238.89999389648438,2026-10-05,False,,,,,,,0.495,0.26275000000000004
394b42a78fe20c9a,6b8967609e769560,TSLA,TSLA,QQQ,2026-10-03,1,1D,378.7300109863281,2026-10-05,True,2026-10-06T00:00:00,0.00514873823802553,0.7499865810177307,0.004575457394402571,0.0005732808436229586,0.004575457394402571,0.645,0.3204501115359773
394b42a78fe20c9a,6b8967609e769560,TSLA,TSLA,QQQ,2026-10-03,5,5D,378.7300109863281,2026-10-05,False,,,,,,,0.495,0.26275000000000004
394b42a78fe20c9a,6b8967609e769560,TSLA,TSLA,QQQ,2026-10-03,20,20D,378.7300109863281,2026-10-05,False,,,,,,,0.495,0.26275000000000004
394b42a78fe20c9a,6b8967609e769560,TSLA,TSLA,QQQ,2026-10-03,60,60D,378.7300109863281,2026-10-05,False,,,,,,,0.495,0.26275000000000004
817188c6f82f414c,1c92317969dfd160,MSFT,MSFT,QQQ,2026-10-03,1,1D,525.1799926757812,2026-10-05,True,2026-10-06T00:00:00,0.007844920169552072,0.9735889072441795,0.004575457394402571,0.003269462775149501,0.004575457394402571,0.645,0.33033786826106953
817188c6f82f414c,1c92317969dfd160,MSFT,MSFT,QQQ,2026-10-03,5,5D,525.1799926757812,2026-10-05,False,,,,,,,0.495,0.26275000000000004
817188c6f82f414c,1c92317969dfd160,MSFT,MSFT,QQQ,2026-10-03,20,20D,525.1799926757812,2026-10-05,False,,,,,,,0.495,0.26275000000000004
817188c6f82f414c,1c92317969dfd160,MSFT,MSFT,QQQ,2026-10-03,60,60D,525.1799926757812,2026-10-05,False,,,,,,,0.495,0.26275000000000004
bdfee92ccc2ee221,68099d5cadeae72b,AMD,AMD,QQQ,2026-10-03,1,1D,631.75,2026-10-05,True,2026-10-06T00:00:00,0.027969897760437235,1.0821282300016224,0.004575457394402571,0.023394440366034663,0.004575457394402571,0.745,0.386723183328177
bdfee92ccc2ee221,68099d5cadeae72b,AMD,AMD,QQQ,2026-10-03,5,5D,631.75,2026-10-05,False,,,,,,,0.495,0.26275000000000004
bdfee92ccc2ee221,68099d5cadeae72b,AMD,AMD,QQQ,2026-10-03,20,20D,631.75,2026-10-05,False,,,,,,,0.495,0.26275000000000004
bdfee92ccc2ee221,68099d5cadeae72b,AMD,AMD,QQQ,2026-10-03,60,60D,631.75,2026-10-05,False,,,,,,,0.495,0.26275000000000004
bfdf2bff550c992f,68099d5cadeae72b,AMD,AMD,QQQ,2026-10-03,1,1D,631.75,2026-10-05,True,2026-10-06T00:00:00,0.027969897760437235,1.0821282300016224,0.004575457394402571,0.023394440366034663,0.004575457394402571,0.745,0.386723183328177
bfdf2bff550c992f,68099d5cadeae72b,AMD,AMD,QQQ,2026-10-03,5,5D,631.75,2026-10-05,False,,,,,,,0.495,0.26275000000000004
bfdf2bff550c992f,68099d5cadeae72b,AMD,AMD,QQQ,2026-10-03,20,20D,631.75,2026-10-05,False,,,,,,,0.495,0.26275000000000004
bfdf2bff550c992f,68099d5cadeae72b,AMD,AMD,QQQ,2026-10-03,60,60D,631.75,2026-10-05,False,,,,,,,0.495,0.26275000000000004
32570b0e203e32cf,8e30e839cb17cbb8,NVDA,NVDA,QQQ,2026-10-04,1,1D,238.89999389648438,2026-10-05,True,2026-10-06T00:00:00,0.001423238197431731,0.9283020121688353,0.004575457394402571,-0.00315221919697084,0.004575457394402571,0.645,0.3284853572056932
32570b0e203e32cf,8e30e839cb17cbb8,NVDA,NVDA,QQQ,2026-10-04,5,5D,238.89999389648438,2026-10-05,False,,,,,,,0.495,0.26275000000000004
32570b0e203e32cf,8e30e839cb17cbb8,NVDA,NVDA,QQQ,2026-10-04,20,20D,238.89999389648438,2026-10-05,False,,,,,,,0.495,0.26275000000000004
32570b0e203e32cf,8e30e839cb17cbb8,NVDA,NVDA,QQQ,2026-10-04,60,60D,238.89999389648438,2026-10-05,False,,,,,,,0.495,0.26275000000000004
3bfa611e80202431,2e8e57861cabda2c,TSLA,TSLA,QQQ,2026-10-04,1,1D,378.7300109863281,2026-10-05,True,2026-10-06T00:00:00,0.00514873823802553,0.7499865810177307,0.004575457394402571,0.0005732808436229586,0.004575457394402571,0.645,0.3204501115359773
3bfa611e80202431,2e8e57861cabda2c,TSLA,TSLA,QQQ,2026-10-04,5,5D,378.7300109863281,2026-10-05,False,,,,,,,0.495,0.26275000000000004
3bfa611e80202431,2e8e57861cabda2c,TSLA,TSLA,QQQ,2026-10-04,20,20D,378.7300109863281,2026-10-05,False,,,,,,,0.495,0.26275000000000004
3bfa611e80202431,2e8e57861cabda2c,TSLA,TSLA,QQQ,2026-10-04,60,60D,378.7300109863281,2026-10-05,False,,,,,,,0.495,0.26275000000000004
a0a16fb11c21f266,43ed7ab4ca55a944,AMZN,AMZN,QQQ,2026-10-04,1,1D,251.39999389648438,2026-10-05,True,2026-10-06T00:00:00,0.019451132725369025,0.9582351811224232,0.004575457394402571,0.014875675330966454,0.004575457394402571,0.645,0.3337858936107352
a0a16fb11c21f266,43ed7ab4ca55a944,AMZN,AMZN,QQQ,2026-10-04,5,5D,251.39999389648438,2026-10-05,False,,,,,,,0.495,0.26275000000000004
a0a16fb11c21f266,43ed7ab4ca55a944,AMZN,AMZN,QQQ,2026-10-04,20,20D,251.39999389648438,2026-10-05,False,,,,,,,0.495,0.26275000000000004
a0a16fb11c21f266,43ed7ab4ca55a944,AMZN,AMZN,QQQ,2026-10-04,60,60D,251.39999389648438,2026-10-05,False,,,,,,,0.495,0.26275000000000004
094c3eaddfe4fbd0,d3b299a164b2134c,AMZN,AMZN,QQQ,2026-10-05,1,1D,251.39999389648438,2026-10-05,True,2026-10-06T00:00:00,0.019451132725369025,0.9582351811224232,0.004575457394402571,0.014875675330966454,0.004575457394402571,0.645,0.3337858936107352
094c3eaddfe4fbd0,d3b299a164b2134c,AMZN,AMZN,QQQ,2026-10-05,5,5D,251.39999389648438,2026-10-05,False,,,,,,,0.495,0.26275000000000004
094c3eaddfe4fbd0,d3b299a164b2134c,AMZN,AMZN,QQQ,2026-10-05,20,20D,251.39999389648438,2026-10-05,False,,,,,,,0.495,0.26275000000000004
094c3eaddfe4fbd0,d3b299a164b2134c,AMZN,AMZN,QQQ,2026-10-05,60,60D,251.39999389648438,2026-10-05,False,,,,,,,0.495,0.26275000000000004
09e267314f4f595f,d53df1220ecd18df,MSFT,MSFT,QQQ,2026-10-05,1,1D,525.1799926757812,2026-10-05,True,2026-10-06T00:00:00,0.007844920169552072,0.9735889072441795,0.004575457394402571,0.003269462775149501,0.004575457394402571,0.645,0.33033786826106953
09e267314f4f595f,d53df1220ecd18df,MSFT,MSFT,QQQ,2026-10-05,5,5D,525.1799926757812,2026-10-05,False,,,,,,,0.495,0.26275000000000004
09e267314f4f595f,d53df1220ecd18df,MSFT,MSFT,QQQ,2026-10-05,20,20D,525.1799926757812,2026-10-05,False,,,,,,,0.495,0.26275000000000004
09e267314f4f595f,d53df1220ecd18df,MSFT,MSFT,QQQ,2026-10-05,60,60D,525.1799926757812,2026-10-05,False,,,,,,,0.495,0.26275000000000004
13e08821bad50bb3,67c3fcc7fb53ec7e,GOOGL,GOOGL,QQQ,2026-10-05,1,1D,346.4700012207031,2026-10-05,True,2026-10-06T00:00:00,0.0034923411862932685,0.6807213632904175,0.004575457394402571,-0.0010831162081093026,0.004575457394402571,0.645,0.317857945204455
13e08821bad50bb3,67c3fcc7fb53ec7e,GOOGL,GOOGL,QQQ,2026-10-05,5,5D,346.4700012207031,2026-10-05,False,,,,,,,0.495,0.26275000000000004
13e08821bad50bb3,67c3fcc7fb53ec7e,GOOGL,GOOGL,QQQ,2026-10-05,20,20D,346.4700012207031,2026-10-05,False,,,,,,,0.495,0.26275000000000004
13e08821bad50bb3,67c3fcc7fb53ec7e,GOOGL,GOOGL,QQQ,2026-10-05,60,60D,346.4700012207031,2026-10-05,False,,,,,,,0.495,0.26275000000000004
210236a7b91f03eb,bc697a5eeb3b3ad0,MSFT,MSFT,QQQ,2026-10-05,1,1D,525.1799926757812,2026-10-05,True,2026-10-06T00:00:00,0.007844920169552072,0.9735889072441795,0.004575457394402571,0.003269462775149501,0.004575457394402571,0.645,0.33033786826106953
210236a7b91f03eb,bc697a5eeb3b3ad0,MSFT,MSFT,QQQ,2026-10-05,5,5D,525.1799926757812,2026-10-05,False,,,,,,,0.495,0.26275000000000004
210236a7b91f03eb,bc697a5eeb3b3ad0,MSFT,MSFT,QQQ,2026-10-05,20,20D,525.1799926757812,2026-10-05,False,,,,,,,0.495,0.26275000000000004
210236a7b91f03eb,bc697a5eeb3b3ad0,MSFT,MSFT,QQQ,2026-10-05,60,60D,525.1799926757812,2026-10-05,False,,,,,,,0.495,0.26275000000000004
2f338c694da52fd3,f52685245ef0e4b5,NVDA,NVDA,QQQ,2026-10-05,1,1D,238.89999389648438,2026-10-05,True,2026-10-06T00:00:00,0.001423238197431731,0.9283020121688353,0.004575457394402571,-0.00315221919697084,0.004575457394402571,0.645,0.3284853572056932
2f338c694da52fd3,f52685245ef0e4b5,NVDA,NVDA,QQQ,2026-10-05,5,5D,238.89999389648438,2026-10-05,False,,,,,,,0.495,0.26275000000000004
2f338c694da52fd3,f52685245ef0e4b5,NVDA,NVDA,QQQ,2026-10-05,20,20D,238.89999389648438,2026-10-05,False,,,,,,,0.495,0.26275000000000004
2f338c694da52fd3,f52685245ef0e4b5,NVDA,NVDA,QQQ,2026-10-05,60,60D,238.89999389648438,2026-10-05,False,,,,,,,0.495,0.26275000000000004
3eead47fe7488971,b9f90aca3347e0ae,QQQ,QQQ,QQQ,2026-10-05,1,1D,756.2000122070312,2026-10-05,True,2026-10-06T00:00:00,0.004575457394402571,0.7911312237177045,0.004575457394402571,0.0,0.004575457394402571,0.645,0.3218952489487082
3eead47fe7488971,b9f90aca3347e0ae,QQQ,NVDA,QQQ,2026-10-05,1,1D,238.89999389648438,2026-10-05,True,2026-10-06T00:00:00,0.001423238197431731,0.9283020121688353,0.004575457394402571,-0.00315221919697084,0.004575457394402571,0.645,0.3284853572056932
3eead47fe7488971,b9f90aca3347e0ae,QQQ,TSLA,QQQ,2026-10-05,1,1D,378.7300109863281,2026-10-05,True,2026-10-06T00:00:00,0.00514873823802553,0.7499865810177307,0.004575457394402571,0.0005732808436229586,0.004575457394402571,0.645,0.3204501115359773
3eead47fe7488971,b9f90aca3347e0ae,QQQ,QQQ,QQQ,2026-10-05,5,5D,756.2000122070312,2026-10-05,False,,,,,,,0.495,0.26275000000000004
3eead47fe7488971,b9f90aca3347e0ae,QQQ,NVDA,QQQ,2026-10-05,5,5D,238.89999389648438,2026-10-05,False,,,,,,,0.495,0.26275000000000004
3eead47fe7488971,b9f90aca3347e0ae,QQQ,TSLA,QQQ,2026-10-05,5,5D,378.7300109863281,2026-10-05,False,,,,,,,0.495,0.26275000000000004
3eead47fe7488971,b9f90aca3347e0ae,QQQ,QQQ,QQQ,2026-10-05,20,20D,756.2000122070312,2026-10-05,False,,,,,,,0.495,0.26275000000000004
3eead47fe7488971,b9f90aca3347e0ae,QQQ,NVDA,QQQ,2026-10-05,20,20D,238.89999389648438,2026-10-05,False,,,,,,,0.495,0.26275000000000004
3eead47fe7488971,b9f90aca3347e0ae,QQQ,TSLA,QQQ,2026-10-05,20,20D,378.7300109863281,2026-10-05,False,,,,,,,0.495,0.26275000000000004
3eead47fe7488971,b9f90aca3347e0ae,QQQ,QQQ,QQQ,2026-10-05,60,60D,756.2000122070312,2026-10-05,False,,,,,,,0.495,0.26275000000000004
3eead47fe7488971,b9f90aca3347e0ae,QQQ,NVDA,QQQ,2026-10-05,60,60D,238.89999389648438,2026-10-05,False,,,,,,,0.495,0.26275000000000004
3eead47fe7488971,b9f90aca3347e0ae,QQQ,TSLA,QQQ,2026-10-05,60,60D,378.7300109863281,2026-10-05,False,,,,,,,0.495,0.26275000000000004
40f7ef9bb30b5d3f,b29e3827ec20fa9a,AMZN,AMZN,QQQ,2026-10-05,1,1D,251.39999389648438,2026-10-05,True,2026-10-06T00:00:00,0.019451132725369025,0.9582351811224232,0.004575457394402571,0.014875675330966454,0.004575457394402571,0.645,0.3337858936107352
40f7ef9bb30b5d3f,b29e3827ec20fa9a,AMZN,AMZN,QQQ,2026-10-05,5,5D,251.39999389648438,2026-10-05,False,,,,,,,0.495,0.26275000000000004
40f7ef9bb30b5d3f,b29e3827ec20fa9a,AMZN,AMZN,QQQ,2026-10-05,20,20D,251.39999389648438,2026-10-05,False,,,,,,,0.495,0.26275000000000004
40f7ef9bb30b5d3f,b29e3827ec20fa9a,AMZN,AMZN,QQQ,2026-10-05,60,60D,251.39999389648438,2026-10-05,False,,,,,,,0.495,0.26275000000000004
4bbb5018f01901fc,4d8e4e2ead5f70d4,MSFT,MSFT,QQQ,2026-10-05,1,1D,525.1799926757812,2026-10-05,True,2026-10-06T00:00:00,0.007844920169552072,0.9735889072441795,0.004575457394402571,0.003269462775149501,0.004575457394402571,0.645,0.33033786826106953
4bbb5018f01901fc,4d8e4e2ead5f70d4,MSFT,MSFT,QQQ,2026-10-05,5,5D,525.1799926757812,2026-10-05,False,,,,,,,0.495,0.26275000000000004
4bbb5018f01901fc,4d8e4e2ead5f70d4,MSFT,MSFT,QQQ,2026-10-05,20,20D,525.1799926757812,2026-10-05,False,,,,,,,0.495,0.26275000000000004
4bbb5018f01901fc,4d8e4e2ead5f70d4,MSFT,MSFT,QQQ,2026-10-05,60,60D,525.1799926757812,2026-10-05,False,,,,,,,0.495,0.26275000000000004
4c2530f2e293071d,4861bf3c409e12a7,META,META,QQQ,2026-10-05,1,1D,741.9000244140625,2026-10-05,True,2026-10-06T00:00:00,-0.004070655656919775,0.5316964846859681,0.004575457394402571,-0.008646113051322346,0.004575457394402571,0.645,0.3145439989554016
4c2530f2e293071d,4861bf3c409e12a7,META,META,QQQ,2026-10-05,5,5D,741.9000244140625,2026-10-05,False,,,,,,,0.495,0.26275000000000004
4c2530f2e293071d,4861bf3c409e12a7,META,META,QQQ,2026-10-05,20,20D,741.9000244140625,2026-10-05,False,,,,,,,0.495,0.26275000000000004
4c2530f2e293071d,4861bf3c409e12a7,META,META,QQQ,2026-10-05,60,60D,741.9000244140625,2026-10-05,False,,,,,,,0.495,0.26275000000000004
57db624f68e52d88,7f83ff2efee6608a,NVDA,NVDA,QQQ,2026-10-05,1,1D,238.89999389648438,2026-10-05,True,2026-10-06T00:00:00,0.001423238197431731,0.9283020121688353,0.004575457394402571,-0.00315221919697084,0.004575457394402571,0.645,0.3284853572056932
57db624f68e52d88,7f83ff2efee6608a,NVDA,NVDA,QQQ,2026-10-05,5,5D,238.89999389648438,2026-10-05,False,,,,,,,0.495,0.26275000000000004
57db624f68e52d88,7f83ff2efee6608a,NVDA,NVDA,QQQ,2026-10-05,20,20D,238.89999389648438,2026-10-05,False,,,,,,,0.495,0.26275000000000004
57db624f68e52d88,7f83ff2efee6608a,NVDA,NVDA,QQQ,2026-10-05,60,60D,238.89999389648438,2026-10-05,False,,,,,,,0.495,0.26275000000000004
70056c7f82bfb684,4861bf3c409e12a7,META,META,QQQ,2026-10-05,1,1D,741.9000244140625,2026-10-05,True,2026-10-06T00:00:00,-0.004070655656919775,0.5316964846859681,0.004575457394402571,-0.008646113051322346,0.004575457394402571,0.645,0.3145439989554016
70056c7f82bfb684,4861bf3c409e12a7,META,META,QQQ,2026-10-05,5,5D,741.9000244140625,2026-10-05,False,,,,,,,0.495,0.26275000000000004
70056c7f82bfb684,4861bf3c409e12a7,META,META,QQQ,2026-10-05,20,20D,741.9000244140625,2026-10-05,False,,,,,,,0.495,0.26275000000000004
70056c7f82bfb684,4861bf3c409e12a7,META,META,QQQ,2026-10-05,60,60D,741.9000244140625,2026-10-05,False,,,,,,,0.495,0.26275000000000004
74386630202ac514,00e654a7c0095867,VGT,VGT,QQQ,2026-10-05,1,1D,129.1999969482422,2026-10-05,True,2026-10-06T00:00:00,0.004644010198823656,1.6879180614733786,0.004575457394402571,6.85528044210848e-05,0.004575457394402571,0.6950000000000001,0.3802907159404825
74386630202ac514,00e654a7c0095867,VGT,VGT,QQQ,2026-10-05,5,5D,129.1999969482422,2026-10-05,False,,,,,,,0.495,0.26275000000000004
74386630202ac514,00e654a7c0095867,VGT,VGT,QQQ,2026-10-05,20,20D,129.1999969482422,2026-10-05,False,,,,,,,0.495,0.26275000000000004
74386630202ac514,00e654a7c0095867,VGT,VGT,QQQ,2026-10-05,60,60D,129.1999969482422,2026-10-05,False,,,,,,,0.495,0.26275000000000004
7e5774ef819f3ec3,dcc7d2ca70fb37a6,AAPL,AAPL,QQQ,2026-10-05,1,1D,332.8900146484375,2026-10-05,True,2026-10-06T00:00:00,0.002222927098478822,0.725398303203102,0.004575457394402571,-0.0023525302959237493,0.004575457394402571,0.645,0.3200893177316974
7e5774ef819f3ec3,dcc7d2ca70fb37a6,AAPL,AAPL,QQQ,2026-10-05,5,5D,332.8900146484375,2026-10-05,False,,,,,,,0.495,0.26275000000000004
7e5774ef819f3ec3,dcc7d2ca70fb37a6,AAPL,AAPL,QQQ,2026-10-05,20,20D,332.8900146484375,2026-10-05,False,,,,,,,0.495,0.26275000000000004
7e5774ef819f3ec3,dcc7d2ca70fb37a6,AAPL,AAPL,QQQ,2026-10-05,60,60D,332.8900146484375,2026-10-05,False,,,,,,,0.495,0.26275000000000004
7fc62e9b776981d5,4861bf3c409e12a7,META,META,QQQ,2026-10-05,1,1D,741.9000244140625,2026-10-05,True,2026-10-06T00:00:00,-0.004070655656919775,0.5316964846859681,0.004575457394402571,-0.008646113051322346,0.004575457394402571,0.645,0.3145439989554016
7fc62e9b776981d5,4861bf3c409e12a7,META,META,QQQ,2026-10-05,5,5D,741.9000244140625,2026-10-05,False,,,,,,,0.495,0.26275000000000004
7fc62e9b776981d5,4861bf3c409e12a7,META,META,QQQ,2026-10-05,20,20D,741.9000244140625,2026-10-05,False,,,,,,,0.495,0.26275000000000004
7fc62e9b776981d5,4861bf3c409e12a7,META,META,QQQ,2026-10-05,60,60D,741.9000244140625,2026-10-05,False,,,,,,,0.495,0.26275000000000004
7fe7a91e6d1d7546,d9e9dcb3d0c5c7cb,MSFT,MSFT,QQQ,2026-10-05,1,1D,525.1799926757812,2026-10-05,True,2026-10-06T00:00:00,0.007844920169552072,0.9735889072441795,0.004575457394402571,0.003269462775149501,0.004575457394402571,0.645,0.33033786826106953
7fe7a91e6d1d7546,d9e9dcb3d0c5c7cb,MSFT,MSFT,QQQ,2026-10-05,5,5D,525.1799926757812,2026-10-05,False,,,,,,,0.495,0.26275000000000004
7fe7a91e6d1d7546,d9e9dcb3d0c5c7cb,MSFT,MSFT,QQQ,2026-10-05,20,20D,525.1799926757812,2026-10-05,False,,,,,,,0.495,0.26275000000000004
7fe7a91e6d1d7546,d9e9dcb3d0c5c7cb,MSFT,MSFT,QQQ,2026-10-05,60,60D,525.1799926757812,2026-10-05,False,,,,,,,0.495,0.26275000000000004
89370ef6d4d6a0b0,4393789e4fad779d,QQQ,QQQ,QQQ,2026-10-05,1,1D,756.2000122070312,2026-10-05,True,2026-10-06T00:00:00,0.004575457394402571,0.7911312237177045,0.004575457394402571,0.0,0.004575457394402571,0.645,0.3218952489487082
89370ef6d4d6a0b0,4393789e4fad779d,QQQ,QQQ,QQQ,2026-10-05,5,5D,756.2000122070312,2026-10-05,False,,,,,,,0.495,0.26275000000000004
89370ef6d4d6a0b0,4393789e4fad779d,QQQ,QQQ,QQQ,2026-10-05,20,20D,756.2000122070312,2026-10-05,False,,,,,,,0.495,0.26275000000000004
89370ef6d4d6a0b0,4393789e4fad779d,QQQ,QQQ,QQQ,2026-10-05,60,60D,756.2000122070312,2026-10-05,False,,,,,,,0.495,0.26275000000000004
a024eee7de10eee9,00f1d336cb125cc8,AMZN,AMZN,QQQ,2026-10-05,1,1D,251.39999389648438,2026-10-05,True,2026-10-06T00:00:00,0.019451132725369025,0.9582351811224232,0.004575457394402571,0.014875675330966454,0.004575457394402571,0.645,0.3337858936107352
a024eee7de10eee9,00f1d336cb125cc8,AMZN,AMZN,QQQ,2026-10-05,5,5D,251.39999389648438,2026-10-05,False,,,,,,,0.495,0.26275000000000004
a024eee7de10eee9,00f1d336cb125cc8,AMZN,AMZN,QQQ,2026-10-05,20,20D,251.39999389648438,2026-10-05,False,,,,,,,0.495,0.26275000000000004
a024eee7de10eee9,00f1d336cb125cc8,AMZN,AMZN,QQQ,2026-10-05,60,60D,251.39999389648438,2026-10-05,False,,,,,,,0.495,0.26275000000000004
a4190ec7c644a6c1,00f1d336cb125cc8,AMZN,AMZN,QQQ,2026-10-05,1,1D,251.39999389648438,2026-10-05,True,2026-10-06T00:00:00,0.019451132725369025,0.9582351811224232,0.004575457394402571,0.014875675330966454,0.004575457394402571,0.645,0.3337858936107352
a4190ec7c644a6c1,00f1d336cb125cc8,AMZN,AMZN,QQQ,2026-10-05,5,5D,251.39999389648438,2026-10-05,False,,,,,,,0.495,0.26275000000000004
a4190ec7c644a6c1,00f1d336cb125cc8,AMZN,AMZN,QQQ,2026-10-05,20,20D,251.39999389648438,2026-10-05,False,,,,,,,0.495,0.26275000000000004
a4190ec7c644a6c1,00f1d336cb125cc8,AMZN,AMZN,QQQ,2026-10-05,60,60D,251.39999389648438,2026-10-05,False,,,,,,,0.495,0.26275000000000004
a4380f104ecc6cbc,4861bf3c409e12a7,META,META,QQQ,2026-10-05,1,1D,741.9000244140625,2026-10-05,True,2026-10-06T00:00:00,-0.004070655656919775,0.5316964846859681,0.004575457394402571,-0.008646113051322346,0.004575457394402571,0.645,0.3145439989554016
a4380f104ecc6cbc,4861bf3c409e12a7,META,META,QQQ,2026-10-05,5,5D,741.9000244140625,2026-10-05,False,,,,,,,0.495,0.26275000000000004
a4380f104ecc6cbc,4861bf3c409e12a7,META,META,QQQ,2026-10-05,20,20D,741.9000244140625,2026-10-05,False,,,,,,,0.495,0.26275000000000004
a4380f104ecc6cbc,4861bf3c409e12a7,META,META,QQQ,2026-10-05,60,60D,741.9000244140625,2026-10-05,False,,,,,,,0.495,0.26275000000000004
aa61215b320b118f,4861bf3c409e12a7,META,META,QQQ,2026-10-05,1,1D,741.9000244140625,2026-10-05,True,2026-10-06T00:00:00,-0.004070655656919775,0.5316964846859681,0.004575457394402571,-0.008646113051322346,0.004575457394402571,0.645,0.3145439989554016
aa61215b320b118f,4861bf3c409e12a7,META,META,QQQ,2026-10-05,5,5D,741.9000244140625,2026-10-05,False,,,,,,,0.495,0.26275000000000004
aa61215b320b118f,4861bf3c409e12a7,META,META,QQQ,2026-10-05,20,20D,741.9000244140625,2026-10-05,False,,,,,,,0.495,0.26275000000000004
aa61215b320b118f,4861bf3c409e12a7,META,META,QQQ,2026-10-05,60,60D,741.9000244140625,2026-10-05,False,,,,,,,0.495,0.26275000000000004
b27ce645a8c2c9f2,259d78f82797ac76,QQQ,QQQ,QQQ,2026-10-05,1,1D,756.2000122070312,2026-10-05,True,2026-10-06T00:00:00,0.004575457394402571,0.7911312237177045,0.004575457394402571,0.0,0.004575457394402571,0.645,0.3218952489487082
b27ce645a8c2c9f2,259d78f82797ac76,QQQ,QQQ,QQQ,2026-10-05,5,5D,756.2000122070312,2026-10-05,False,,,,,,,0.495,0.26275000000000004
b27ce645a8c2c9f2,259d78f82797ac76,QQQ,QQQ,QQQ,2026-10-05,20,20D,756.2000122070312,2026-10-05,False,,,,,,,0.495,0.26275000000000004
b27ce645a8c2c9f2,259d78f82797ac76,QQQ,QQQ,QQQ,2026-10-05,60,60D,756.2000122070312,2026-10-05,False,,,,,,,0.495,0.26275000000000004
bd32390816ca64bc,c0d0bf728950f67c,TSLA,TSLA,QQQ,2026-10-05,1,1D,378.7300109863281,2026-10-05,True,2026-10-06T00:00:00,0.00514873823802553,0.7499865810177307,0.004575457394402571,0.0005732808436229586,0.004575457394402571,0.645,0.3204501115359773
bd32390816ca64bc,c0d0bf728950f67c,TSLA,TSLA,QQQ,2026-10-05,5,5D,378.7300109863281,2026-10-05,False,,,,,,,0.495,0.26275000000000004
bd32390816ca64bc,c0d0bf728950f67c,TSLA,TSLA,QQQ,2026-10-05,20,20D,378.7300109863281,2026-10-05,False,,,,,,,0.495,0.26275000000000004
bd32390816ca64bc,c0d0bf728950f67c,TSLA,TSLA,QQQ,2026-10-05,60,60D,378.7300109863281,2026-10-05,False,,,,,,,0.495,0.26275000000000004
bdeefc73862cee54,c0d0bf728950f67c,TSLA,TSLA,QQQ,2026-10-05,1,1D,378.7300109863281,2026-10-05,True,2026-10-06T00:00:00,0.00514873823802553,0.7499865810177307,0.004575457394402571,0.0005732808436229586,0.004575457394402571,0.645,0.3204501115359773
bdeefc73862cee54,c0d0bf728950f67c,TSLA,TSLA,QQQ,2026-10-05,5,5D,378.7300109863281,2026-10-05,False,,,,,,,0.495,0.26275000000000004
bdeefc73862cee54,c0d0bf728950f67c,TSLA,TSLA,QQQ,2026-10-05,20,20D,378.7300109863281,2026-10-05,False,,,,,,,0.495,0.26275000000000004
bdeefc73862cee54,c0d0bf728950f67c,TSLA,TSLA,QQQ,2026-10-05,60,60D,378.7300109863281,2026-10-05,False,,,,,,,0.495,0.26275000000000004
c77dc51d8dc781d6,a3d7be9d039e7e1b,AMZN,AMZN,QQQ,2026-10-05,1,1D,251.39999389648438,2026-10-05,True,2026-10-06T00:00:00,0.019451132725369025,0.9582351811224232,0.004575457394402571,0.014875675330966454,0.004575457394402571,0.645,0.3337858936107352
c77dc51d8dc781d6,a3d7be9d039e7e1b,AMZN,AMZN,QQQ,2026-10-05,5,5D,251.39999389648438,2026-10-05,False,,,,,,,0.495,0.26275000000000004
c77dc51d8dc781d6,a3d7be9d039e7e1b,AMZN,AMZN,QQQ,2026-10-05,20,20D,251.39999389648438,2026-10-05,False,,,,,,,0.495,0.26275000000000004
c77dc51d8dc781d6,a3d7be9d039e7e1b,AMZN,AMZN,QQQ,2026-10-05,60,60D,251.39999389648438,2026-10-05,False,,,,,,,0.495,0.26275000000000004
efd67eeb401d6bfb,28d3a682943ee55e,GOOGL,GOOGL,QQQ,2026-10-05,1,1D,346.4700012207031,2026-10-05,True,2026-10-06T00:00:00,0.0034923411862932685,0.6807213632904175,0.004575457394402571,-0.0010831162081093026,0.004575457394402571,0.645,0.317857945204455
efd67eeb401d6bfb,28d3a682943ee55e,GOOGL,GOOGL,QQQ,2026-10-05,5,5D,346.4700012207031,2026-10-05,False,,,,,,,0.495,0.26275000000000004
efd67eeb401d6bfb,28d3a682943ee55e,GOOGL,GOOGL,QQQ,2026-10-05,20,20D,346.4700012207031,2026-10-05,False,,,,,,,0.495,0.26275000000000004
efd67eeb401d6bfb,28d3a682943ee55e,GOOGL,GOOGL,QQQ,2026-10-05,60,60D,346.4700012207031,2026-10-05,False,,,,,,,0.495,0.26275000000000004
0dfeddd6bb74d5be,2f44886950a36933,GOOGL,GOOGL,QQQ,2026-10-06,1,1D,347.67999267578125,2026-10-06,True,2026-10-07T00:00:00,0.008110927817605251,0.7643849739946081,-0.0025406007213888415,0.010651528538994093,-0.0025406007213888415,0.645,0.3245534339484323
0dfeddd6bb74d5be,2f44886950a36933,GOOGL,GOOGL,QQQ,2026-10-06,5,5D,347.67999267578125,2026-10-06,False,,,,,,,0.495,0.26275000000000004
0dfeddd6bb74d5be,2f44886950a36933,GOOGL,GOOGL,QQQ,2026-10-06,20,20D,347.67999267578125,2026-10-06,False,,,,,,,0.495,0.26275000000000004
0dfeddd6bb74d5be,2f44886950a36933,GOOGL,GOOGL,QQQ,2026-10-06,60,60D,347.67999267578125,2026-10-06,False,,,,,,,0.495,0.26275000000000004
153ef6ad7b3df168,cc82831c4d316741,SMH,SMH,QQQ,2026-10-06,1,1D,632.5,2026-10-06,True,2026-10-07T00:00:00,-0.01181023036067197,1.188101711072397,-0.0025406007213888415,-0.009269629639283128,-0.0025406007213888415,0.645,0.34101843881664495
153ef6ad7b3df168,cc82831c4d316741,SMH,SMH,QQQ,2026-10-06,5,5D,632.5,2026-10-06,False,,,,,,,0.495,0.26275000000000004
153ef6ad7b3df168,cc82831c4d316741,SMH,SMH,QQQ,2026-10-06,20,20D,632.5,2026-10-06,False,,,,,,,0.495,0.26275000000000004
153ef6ad7b3df168,cc82831c4d316741,SMH,SMH,QQQ,2026-10-06,60,60D,632.5,2026-10-06,False,,,,,,,0.495,0.26275000000000004
1d95a5d4f3e29e65,7c4f360e4b2b54de,XLK,XLK,QQQ,2026-10-06,1,1D,202.0,2026-10-06,True,2026-10-07T00:00:00,-0.003019805001740372,0.8665083734031704,-0.0025406007213888415,-0.0004792042803515306,-0.0025406007213888415,0.645,0.32507805643424986
1d95a5d4f3e29e65,7c4f360e4b2b54de,XLK,XLK,QQQ,2026-10-06,5,5D,202.0,2026-10-06,False,,,,,,,0.495,0.26275000000000004
1d95a5d4f3e29e65,7c4f360e4b2b54de,XLK,XLK,QQQ,2026-10-06,20,20D,202.0,2026-10-06,False,,,,,,,0.495,0.26275000000000004
1d95a5d4f3e29e65,7c4f360e4b2b54de,XLK,XLK,QQQ,2026-10-06,60,60D,202.0,2026-10-06,False,,,,,,,0.495,0.26275000000000004
2c4283f1a0c4bd24,86ae88c6a8c0f906,AMD,AMD,QQQ,2026-10-06,1,1D,649.4199829101562,2026-10-06,True,2026-10-07T00:00:00,-0.005481810927099651,0.8338239217279818,-0.0025406007213888415,-0.002941210205710809,-0.0025406007213888415,0.645,0.32463238044111803
2c4283f1a0c4bd24,86ae88c6a8c0f906,AMD,AMD,QQQ,2026-10-06,5,5D,649.4199829101562,2026-10-06,False,,,,,,,0.495,0.26275000000000004
2c4283f1a0c4bd24,86ae88c6a8c0f906,AMD,AMD,QQQ,2026-10-06,20,20D,649.4199829101562,2026-10-06,False,,,,,,,0.495,0.26275000000000004
2c4283f1a0c4bd24,86ae88c6a8c0f906,AMD,AMD,QQQ,2026-10-06,60,60D,649.4199829101562,2026-10-06,False,,,,,,,0.495,0.26275000000000004
4f76c4a535d5da5d,485918694a1a4499,SMH,SMH,QQQ,2026-10-06,1,1D,632.5,2026-10-06,True,2026-10-07T00:00:00,-0.01181023036067197,1.188101711072397,-0.0025406007213888415,-0.009269629639283128,-0.0025406007213888415,0.645,0.34101843881664495
4f76c4a535d5da5d,485918694a1a4499,SMH,SMH,QQQ,2026-10-06,5,5D,632.5,2026-10-06,False,,,,,,,0.495,0.26275000000000004
4f76c4a535d5da5d,485918694a1a4499,SMH,SMH,QQQ,2026-10-06,20,20D,632.5,2026-10-06,False,,,,,,,0.495,0.26275000000000004
4f76c4a535d5da5d,485918694a1a4499,SMH,SMH,QQQ,2026-10-06,60,60D,632.5,2026-10-06,False,,,,,,,0.495,0.26275000000000004
57b5e132c08f7be5,efc1d99da7cd8e0b,AMD,AMD,QQQ,2026-10-06,1,1D,649.4199829101562,2026-10-06,True,2026-10-07T00:00:00,-0.005481810927099651,0.8338239217279818,-0.0025406007213888415,-0.002941210205710809,-0.0025406007213888415,0.645,0.32463238044111803
57b5e132c08f7be5,efc1d99da7cd8e0b,AMD,AMD,QQQ,2026-10-06,5,5D,649.4199829101562,2026-10-06,False,,,,,,,0.495,0.26275000000000004
57b5e132c08f7be5,efc1d99da7cd8e0b,AMD,AMD,QQQ,2026-10-06,20,20D,649.4199829101562,2026-10-06,False,,,,,,,0.495,0.26275000000000004
57b5e132c08f7be5,efc1d99da7cd8e0b,AMD,AMD,QQQ,2026-10-06,60,60D,649.4199829101562,2026-10-06,False,,,,,,,0.495,0.26275000000000004
752191787f7e20c6,3f9711d01d25a8bc,IYW,IYW,QQQ,2026-10-06,1,1D,272.5899963378906,2026-10-06,True,2026-10-07T00:00:00,-0.003961944997155853,0.923392371053841,-0.0025406007213888415,-0.0014213442757670114,-0.0025406007213888415,0.645,0.3276831653386721
752191787f7e20c6,3f9711d01d25a8bc,IYW,IYW,QQQ,2026-10-06,5,5D,272.5899963378906,2026-10-06,False,,,,,,,0.495,0.26275000000000004
752191787f7e20c6,3f9711d01d25a8bc,IYW,IYW,QQQ,2026-10-06,20,20D,272.5899963378906,2026-10-06,False,,,,,,,0.495,0.26275000000000004
752191787f7e20c6,3f9711d01d25a8bc,IYW,IYW,QQQ,2026-10-06,60,60D,272.5899963378906,2026-10-06,False,,,,,,,0.495,0.26275000000000004
8f55fe5301cb1e97,2b51655881adc6ea,IYW,IYW,QQQ,2026-10-06,1,1D,272.5899963378906,2026-10-06,True,2026-10-07T00:00:00,-0.003961944997155853,0.923392371053841,-0.0025406007213888415,-0.0014213442757670114,-0.0025406007213888415,0.645,0.3276831653386721
8f55fe5301cb1e97,2b51655881adc6ea,IYW,XLK,QQQ,2026-10-06,1,1D,202.0,2026-10-06,True,2026-10-07T00:00:00,-0.003019805001740372,0.8665083734031704,-0.0025406007213888415,-0.0004792042803515306,-0.0025406007213888415,0.645,0.32507805643424986
8f55fe5301cb1e97,2b51655881adc6ea,IYW,IYW,QQQ,2026-10-06,5,5D,272.5899963378906,2026-10-06,False,,,,,,,0.495,0.26275000000000004
8f55fe5301cb1e97,2b51655881adc6ea,IYW,XLK,QQQ,2026-10-06,5,5D,202.0,2026-10-06,False,,,,,,,0.495,0.26275000000000004
8f55fe5301cb1e97,2b51655881adc6ea,IYW,IYW,QQQ,2026-10-06,20,20D,272.5899963378906,2026-10-06,False,,,,,,,0.495,0.26275000000000004
8f55fe5301cb1e97,2b51655881adc6ea,IYW,XLK,QQQ,2026-10-06,20,20D,202.0,2026-10-06,False,,,,,,,0.495,0.26275000000000004
8f55fe5301cb1e97,2b51655881adc6ea,IYW,IYW,QQQ,2026-10-06,60,60D,272.5899963378906,2026-10-06,False,,,,,,,0.495,0.26275000000000004
8f55fe5301cb1e97,2b51655881adc6ea,IYW,XLK,QQQ,2026-10-06,60,60D,202.0,2026-10-06,False,,,,,,,0.495,0.26275000000000004
92a19c3a733743f6,e9bb29bbc81dd9f4,IGV,IGV,QQQ,2026-10-06,1,1D,111.16000366210938,2026-10-06,True,2026-10-07T00:00:00,-0.011874840596723502,0.59160180880939,-0.0025406007213888415,-0.00933423987533466,-0.0025406007213888415,0.645,0.31718105630874277
92a19c3a733743f6,e9bb29bbc81dd9f4,IGV,IGV,QQQ,2026-10-06,5,5D,111.16000366210938,2026-10-06,False,,,,,,,0.495,0.26275000000000004
92a19c3a733743f6,e9bb29bbc81dd9f4,IGV,IGV,QQQ,2026-10-06,20,20D,111.16000366210938,2026-10-06,False,,,,,,,0.495,0.26275000000000004
92a19c3a733743f6,e9bb29bbc81dd9f4,IGV,IGV,QQQ,2026-10-06,60,60D,111.16000366210938,2026-10-06,False,,,,,,,0.495,0.26275000000000004
96d5111844aa32c4,67dd203a7a828301,IGV,IGV,QQQ,2026-10-06,1,1D,111.16000366210938,2026-10-06,True,2026-10-07T00:00:00,-0.011874840596723502,0.59160180880939,-0.0025406007213888415,-0.00933423987533466,-0.0025406007213888415,0.645,0.31718105630874277
96d5111844aa32c4,67dd203a7a828301,IGV,IGV,QQQ,2026-10-06,5,5D,111.16000366210938,2026-10-06,False,,,,,,,0.495,0.26275000000000004
96d5111844aa32c4,67dd203a7a828301,IGV,IGV,QQQ,2026-10-06,20,20D,111.16000366210938,2026-10-06,False,,,,,,,0.495,0.26275000000000004
96d5111844aa32c4,67dd203a7a828301,IGV,IGV,QQQ,2026-10-06,60,60D,111.16000366210938,2026-10-06,False,,,,,,,0.495,0.26275000000000004
9ab835650d37e3ad,fe3c979d43c409ba,META,META,QQQ,2026-10-06,1,1D,738.8800048828125,2026-10-06,True,2026-10-07T00:00:00,-0.02377924318984026,0.5657715241731371,-0.0025406007213888415,-0.02123864246845142,-0.0025406007213888415,0.745,0.3653143858308835
9ab835650d37e3ad,fe3c979d43c409ba,META,META,QQQ,2026-10-06,5,5D,738.8800048828125,2026-10-06,False,,,,,,,0.495,0.26275000000000004
9ab835650d37e3ad,fe3c979d43c409ba,META,META,QQQ,2026-10-06,20,20D,738.8800048828125,2026-10-06,False,,,,,,,0.495,0.26275000000000004
9ab835650d37e3ad,fe3c979d43c409ba,META,META,QQQ,2026-10-06,60,60D,738.8800048828125,2026-10-06,False,,,,,,,0.495,0.26275000000000004
a5da10e71d08f62a,298cb0bf8f2267d3,IYW,IYW,QQQ,2026-10-06,1,1D,272.5899963378906,2026-10-06,True,2026-10-07T00:00:00,-0.003961944997155853,0.923392371053841,-0.0025406007213888415,-0.0014213442757670114,-0.0025406007213888415,0.645,0.3276831653386721
a5da10e71d08f62a,298cb0bf8f2267d3,IYW,IYW,QQQ,2026-10-06,5,5D,272.5899963378906,2026-10-06,False,,,,,,,0.495,0.26275000000000004
a5da10e71d08f62a,298cb0bf8f2267d3,IYW,IYW,QQQ,2026-10-06,20,20D,272.5899963378906,2026-10-06,False,,,,,,,0.495,0.26275000000000004
a5da10e71d08f62a,298cb0bf8f2267d3,IYW,IYW,QQQ,2026-10-06,60,60D,272.5899963378906,2026-10-06,False,,,,,,,0.495,0.26275000000000004
af4ebfaea21b4ca5,6f9a51ad13ceaf3b,XLK,XLK,QQQ,2026-10-06,1,1D,202.0,2026-10-06,True,2026-10-07T00:00:00,-0.003019805001740372,0.8665083734031704,-0.0025406007213888415,-0.0004792042803515306,-0.0025406007213888415,0.645,0.32507805643424986
af4ebfaea21b4ca5,6f9a51ad13ceaf3b,XLK,XLK,QQQ,2026-10-06,5,5D,202.0,2026-10-06,False,,,,,,,0.495,0.26275000000000004
af4ebfaea21b4ca5,6f9a51ad13ceaf3b,XLK,XLK,QQQ,2026-10-06,20,20D,202.0,2026-10-06,False,,,,,,,0.495,0.26275000000000004
af4ebfaea21b4ca5,6f9a51ad13ceaf3b,XLK,XLK,QQQ,2026-10-06,60,60D,202.0,2026-10-06,False,,,,,,,0.495,0.26275000000000004
b573b4015e3f7762,c91021200ba32f8e,MSFT,MSFT,QQQ,2026-10-06,1,1D,529.2999877929688,2026-10-06,True,2026-10-07T00:00:00,0.0008691138924343811,0.7697364390603522,-0.0025406007213888415,0.0034097146138232226,-0.0025406007213888415,0.645,0.32223285767725224
b573b4015e3f7762,c91021200ba32f8e,MSFT,MSFT,QQQ,2026-10-06,5,5D,529.2999877929688,2026-10-06,False,,,,,,,0.495,0.26275000000000004
b573b4015e3f7762,c91021200ba32f8e,MSFT,MSFT,QQQ,2026-10-06,20,20D,529.2999877929688,2026-10-06,False,,,,,,,0.495,0.26275000000000004
b573b4015e3f7762,c91021200ba32f8e,MSFT,MSFT,QQQ,2026-10-06,60,60D,529.2999877929688,2026-10-06,False,,,,,,,0.495,0.26275000000000004
e189cf17db2ee11e,efc81bee2c91d1b0,AMD,AMD,QQQ,2026-10-06,1,1D,649.4199829101562,2026-10-06,True,2026-10-07T00:00:00,-0.005481810927099651,0.8338239217279818,-0.0025406007213888415,-0.002941210205710809,-0.0025406007213888415,0.645,0.32463238044111803
e189cf17db2ee11e,efc81bee2c91d1b0,AMD,AMD,QQQ,2026-10-06,5,5D,649.4199829101562,2026-10-06,False,,,,,,,0.495,0.26275000000000004
e189cf17db2ee11e,efc81bee2c91d1b0,AMD,AMD,QQQ,2026-10-06,20,20D,649.4199829101562,2026-10-06,False,,,,,,,0.495,0.26275000000000004
e189cf17db2ee11e,efc81bee2c91d1b0,AMD,AMD,QQQ,2026-10-06,60,60D,649.4199829101562,2026-10-06,False,,,,,,,0.495,0.26275000000000004
e2a66b781cdf6f78,7c4f360e4b2b54de,XLK,XLK,QQQ,2026-10-06,1,1D,202.0,2026-10-06,True,2026-10-07T00:00:00,-0.003019805001740372,0.8665083734031704,-0.0025406007213888415,-0.0004792042803515306,-0.0025406007213888415,0.645,0.32507805643424986
e2a66b781cdf6f78,7c4f360e4b2b54de,XLK,XLK,QQQ,2026-10-06,5,5D,202.0,2026-10-06,False,,,,,,,0.495,0.26275000000000004
e2a66b781cdf6f78,7c4f360e4b2b54de,XLK,XLK,QQQ,2026-10-06,20,20D,202.0,2026-10-06,False,,,,,,,0.495,0.26275000000000004
e2a66b781cdf6f78,7c4f360e4b2b54de,XLK,XLK,QQQ,2026-10-06,60,60D,202.0,2026-10-06,False,,,,,,,0.495,0.26275000000000004
e9f17aa419f98a69,82559455dbb0fb1f,SMH,SMH,QQQ,2026-10-06,1,1D,632.5,2026-10-06,True,2026-10-07T00:00:00,-0.01181023036067197,1.188101711072397,-0.0025406007213888415,-0.009269629639283128,-0.0025406007213888415,0.645,0.34101843881664495
e9f17aa419f98a69,82559455dbb0fb1f,SMH,SMH,QQQ,2026-10-06,5,5D,632.5,2026-10-06,False,,,,,,,0.495,0.26275000000000004
e9f17aa419f98a69,82559455dbb0fb1f,SMH,SMH,QQQ,2026-10-06,20,20D,632.5,2026-10-06,False,,,,,,,0.495,0.26275000000000004
e9f17aa419f98a69,82559455dbb0fb1f,SMH,SMH,QQQ,2026-10-06,60,60D,632.5,2026-10-06,False,,,,,,,0.495,0.26275000000000004
ef6c7170bfdb1f07,6f9a51ad13ceaf3b,XLK,XLK,QQQ,2026-10-06,1,1D,202.0,2026-10-06,True,2026-10-07T00:00:00,-0.003019805001740372,0.8665083734031704,-0.0025406007213888415,-0.0004792042803515306,-0.0025406007213888415,0.645,0.32507805643424986
ef6c7170bfdb1f07,6f9a51ad13ceaf3b,XLK,XLK,QQQ,2026-10-06,5,5D,202.0,2026-10-06,False,,,,,,,0.495,0.26275000000000004
ef6c7170bfdb1f07,6f9a51ad13ceaf3b,XLK,XLK,QQQ,2026-10-06,20,20D,202.0,2026-10-06,False,,,,,,,0.495,0.26275000000000004
ef6c7170bfdb1f07,6f9a51ad13ceaf3b,XLK,XLK,QQQ,2026-10-06,60,60D,202.0,2026-10-06,False,,,,,,,0.495,0.26275000000000004
f5a1b21976a7ae61,55dd2d949014a50b,IYW,IYW,QQQ,2026-10-06,1,1D,272.5899963378906,2026-10-06,True,2026-10-07T00:00:00,-0.003961944997155853,0.923392371053841,-0.0025406007213888415,-0.0014213442757670114,-0.0025406007213888415,0.645,0.3276831653386721
f5a1b21976a7ae61,55dd2d949014a50b,IYW,VGT,QQQ,2026-10-06,1,1D,129.8000030517578,2026-10-06,True,2026-10-07T00:00:00,-0.0033128499573212844,0.7539200639005825,-0.0025406007213888415,-0.0007722492359324429,-0.0025406007213888415,0.645,0.3206770897885997
f5a1b21976a7ae61,55dd2d949014a50b,IYW,IYW,QQQ,2026-10-06,5,5D,272.5899963378906,2026-10-06,False,,,,,,,0.495,0.26275000000000004
f5a1b21976a7ae61,55dd2d949014a50b,IYW,VGT,QQQ,2026-10-06,5,5D,129.8000030517578,2026-10-06,False,,,,,,,0.495,0.26275000000000004
f5a1b21976a7ae61,55dd2d949014a50b,IYW,IYW,QQQ,2026-10-06,20,20D,272.5899963378906,2026-10-06,False,,,,,,,0.495,0.26275000000000004
f5a1b21976a7ae61,55dd2d949014a50b,IYW,VGT,QQQ,2026-10-06,20,20D,129.8000030517578,2026-10-06,False,,,,,,,0.495,0.26275000000000004
f5a1b21976a7ae61,55dd2d949014a50b,IYW,IYW,QQQ,2026-10-06,60,60D,272.5899963378906,2026-10-06,False,,,,,,,0.495,0.26275000000000004
f5a1b21976a7ae61,55dd2d949014a50b,IYW,VGT,QQQ,2026-10-06,60,60D,129.8000030517578,2026-10-06,False,,,,,,,0.495,0.26275000000000004
f61090c77ca7f91c,37f053a8250b0c41,GOOGL,GOOGL,QQQ,2026-10-06,1,1D,347.67999267578125,2026-10-06,True,2026-10-07T00:00:00,0.008110927817605251,0.7643849739946081,-0.0025406007213888415,0.010651528538994093,-0.0025406007213888415,0.645,0.3245534339484323
f61090c77ca7f91c,37f053a8250b0c41,GOOGL,GOOGL,QQQ,2026-10-06,5,5D,347.67999267578125,2026-10-06,False,,,,,,,0.495,0.26275000000000004
f61090c77ca7f91c,37f053a8250b0c41,GOOGL,GOOGL,QQQ,2026-10-06,20,20D,347.67999267578125,2026-10-06,False,,,,,,,0.495,0.26275000000000004
f61090c77ca7f91c,37f053a8250b0c41,GOOGL,GOOGL,QQQ,2026-10-06,60,60D,347.67999267578125,2026-10-06,False,,,,,,,0.495,0.26275000000000004
23626685e4f99d57,b9c767b6cdf3c82f,QQQ,QQQ,QQQ,2026-10-07,1,1D,757.72998046875,2026-10-07,True,2026-10-08T00:00:00,0.0,,0.0,0.0,0.0,0.645,0.33025000000000004
23626685e4f99d57,b9c767b6cdf3c82f,QQQ,QQQ,QQQ,2026-10-07,5,5D,757.72998046875,2026-10-07,False,,,,,,,0.495,0.26275000000000004
23626685e4f99d57,b9c767b6cdf3c82f,QQQ,QQQ,QQQ,2026-10-07,20,20D,757.72998046875,2026-10-07,False,,,,,,,0.495,0.26275000000000004
23626685e4f99d57,b9c767b6cdf3c82f,QQQ,QQQ,QQQ,2026-10-07,60,60D,757.72998046875,2026-10-07,False,,,,,,,0.495,0.26275000000000004
25e47f41b5a1c169,e4626e57c533edd6,XLK,XLK,QQQ,2026-10-07,1,1D,201.38999938964844,2026-10-07,True,2026-10-08T00:00:00,0.0,,0.0,0.0,0.0,0.645,0.33025000000000004
25e47f41b5a1c169,e4626e57c533edd6,XLK,SPY,QQQ,2026-10-07,1,1D,777.219970703125,2026-10-07,True,2026-10-08T00:00:00,0.0,,0.0,0.0,0.0,0.645,0.33025000000000004
25e47f41b5a1c169,e4626e57c533edd6,XLK,XLK,QQQ,2026-10-07,5,5D,201.38999938964844,2026-10-07,False,,,,,,,0.495,0.26275000000000004
25e47f41b5a1c169,e4626e57c533edd6,XLK,SPY,QQQ,2026-10-07,5,5D,777.219970703125,2026-10-07,False,,,,,,,0.495,0.26275000000000004
25e47f41b5a1c169,e4626e57c533edd6,XLK,XLK,QQQ,2026-10-07,20,20D,201.38999938964844,2026-10-07,False,,,,,,,0.495,0.26275000000000004
25e47f41b5a1c169,e4626e57c533edd6,XLK,SPY,QQQ,2026-10-07,20,20D,777.219970703125,2026-10-07,False,,,,,,,0.495,0.26275000000000004
25e47f41b5a1c169,e4626e57c533edd6,XLK,XLK,QQQ,2026-10-07,60,60D,201.38999938964844,2026-10-07,False,,,,,,,0.495,0.26275000000000004
25e47f41b5a1c169,e4626e57c533edd6,XLK,SPY,QQQ,2026-10-07,60,60D,777.219970703125,2026-10-07,False,,,,,,,0.495,0.26275000000000004
3ab6c23f17e6ad97,6259677061c84cd0,AMZN,AMZN,QQQ,2026-10-07,1,1D,259.9200134277344,2026-10-07,True,2026-10-08T00:00:00,0.0,,0.0,0.0,0.0,0.645,0.33025000000000004
3ab6c23f17e6ad97,6259677061c84cd0,AMZN,AMZN,QQQ,2026-10-07,5,5D,259.9200134277344,2026-10-07,False,,,,,,,0.495,0.26275000000000004
3ab6c23f17e6ad97,6259677061c84cd0,AMZN,AMZN,QQQ,2026-10-07,20,20D,259.9200134277344,2026-10-07,False,,,,,,,0.495,0.26275000000000004
3ab6c23f17e6ad97,6259677061c84cd0,AMZN,AMZN,QQQ,2026-10-07,60,60D,259.9200134277344,2026-10-07,False,,,,,,,0.495,0.26275000000000004
4723f4d124cfce89,6ea90ec9dadfa2ba,IGV,IGV,QQQ,2026-10-07,1,1D,109.83999633789062,2026-10-07,True,2026-10-08T00:00:00,0.0,,0.0,0.0,0.0,0.645,0.33025000000000004
4723f4d124cfce89,6ea90ec9dadfa2ba,IGV,IGV,QQQ,2026-10-07,5,5D,109.83999633789062,2026-10-07,False,,,,,,,0.495,0.26275000000000004
4723f4d124cfce89,6ea90ec9dadfa2ba,IGV,IGV,QQQ,2026-10-07,20,20D,109.83999633789062,2026-10-07,False,,,,,,,0.495,0.26275000000000004
4723f4d124cfce89,6ea90ec9dadfa2ba,IGV,IGV,QQQ,2026-10-07,60,60D,109.83999633789062,2026-10-07,False,,,,,,,0.495,0.26275000000000004
554a872a4485d6f8,d3dd0f1dd2899f07,XLK,XLK,QQQ,2026-10-07,1,1D,201.38999938964844,2026-10-07,True,2026-10-08T00:00:00,0.0,,0.0,0.0,0.0,0.645,0.33025000000000004
554a872a4485d6f8,d3dd0f1dd2899f07,XLK,XLK,QQQ,2026-10-07,5,5D,201.38999938964844,2026-10-07,False,,,,,,,0.495,0.26275000000000004
554a872a4485d6f8,d3dd0f1dd2899f07,XLK,XLK,QQQ,2026-10-07,20,20D,201.38999938964844,2026-10-07,False,,,,,,,0.495,0.26275000000000004
554a872a4485d6f8,d3dd0f1dd2899f07,XLK,XLK,QQQ,2026-10-07,60,60D,201.38999938964844,2026-10-07,False,,,,,,,0.495,0.26275000000000004
99199c474ec11663,a8517452531d7c97,TSLA,TSLA,QQQ,2026-10-07,1,1D,377.80999755859375,2026-10-07,True,2026-10-08T00:00:00,0.0,,0.0,0.0,0.0,0.645,0.33025000000000004
99199c474ec11663,a8517452531d7c97,TSLA,TSLA,QQQ,2026-10-07,5,5D,377.80999755859375,2026-10-07,False,,,,,,,0.495,0.26275000000000004
99199c474ec11663,a8517452531d7c97,TSLA,TSLA,QQQ,2026-10-07,20,20D,377.80999755859375,2026-10-07,False,,,,,,,0.495,0.26275000000000004
99199c474ec11663,a8517452531d7c97,TSLA,TSLA,QQQ,2026-10-07,60,60D,377.80999755859375,2026-10-07,False,,,,,,,0.495,0.26275000000000004
9e6621bb89dd23c5,523970b7d271de5b,VGT,VGT,QQQ,2026-10-07,1,1D,129.3699951171875,2026-10-07,True,2026-10-08T00:00:00,0.0,,0.0,0.0,0.0,0.645,0.33025000000000004
9e6621bb89dd23c5,523970b7d271de5b,VGT,VGT,QQQ,2026-10-07,5,5D,129.3699951171875,2026-10-07,False,,,,,,,0.495,0.26275000000000004
9e6621bb89dd23c5,523970b7d271de5b,VGT,VGT,QQQ,2026-10-07,20,20D,129.3699951171875,2026-10-07,False,,,,,,,0.495,0.26275000000000004
9e6621bb89dd23c5,523970b7d271de5b,VGT,VGT,QQQ,2026-10-07,60,60D,129.3699951171875,2026-10-07,False,,,,,,,0.495,0.26275000000000004
c1b88f15db340864,54905d6011f5325a,XLK,XLK,QQQ,2026-10-07,1,1D,201.38999938964844,2026-10-07,True,2026-10-08T00:00:00,0.0,,0.0,0.0,0.0,0.645,0.33025000000000004
c1b88f15db340864,54905d6011f5325a,XLK,XLK,QQQ,2026-10-07,5,5D,201.38999938964844,2026-10-07,False,,,,,,,0.495,0.26275000000000004
c1b88f15db340864,54905d6011f5325a,XLK,XLK,QQQ,2026-10-07,20,20D,201.38999938964844,2026-10-07,False,,,,,,,0.495,0.26275000000000004
c1b88f15db340864,54905d6011f5325a,XLK,XLK,QQQ,2026-10-07,60,60D,201.38999938964844,2026-10-07,False,,,,,,,0.495,0.26275000000000004
d7e67e0679f852bf,523970b7d271de5b,VGT,VGT,QQQ,2026-10-07,1,1D,129.3699951171875,2026-10-07,True,2026-10-08T00:00:00,0.0,,0.0,0.0,0.0,0.645,0.33025000000000004
d7e67e0679f852bf,523970b7d271de5b,VGT,VGT,QQQ,2026-10-07,5,5D,129.3699951171875,2026-10-07,False,,,,,,,0.495,0.26275000000000004
d7e67e0679f852bf,523970b7d271de5b,VGT,VGT,QQQ,2026-10-07,20,20D,129.3699951171875,2026-10-07,False,,,,,,,0.495,0.26275000000000004
d7e67e0679f852bf,523970b7d271de5b,VGT,VGT,QQQ,2026-10-07,60,60D,129.3699951171875,2026-10-07,False,,,,,,,0.495,0.26275000000000004
eb228a1d0ea8edb4,5cc8438b05441021,AAPL,AAPL,QQQ,2026-10-07,1,1D,336.6700134277344,2026-10-07,True,2026-10-08T00:00:00,0.0,,0.0,0.0,0.0,0.645,0.33025000000000004
eb228a1d0ea8edb4,5cc8438b05441021,AAPL,AAPL,QQQ,2026-10-07,5,5D,336.6700134277344,2026-10-07,False,,,,,,,0.495,0.26275000000000004
eb228a1d0ea8edb4,5cc8438b05441021,AAPL,AAPL,QQQ,2026-10-07,20,20D,336.6700134277344,2026-10-07,False,,,,,,,0.495,0.26275000000000004
eb228a1d0ea8edb4,5cc8438b05441021,AAPL,AAPL,QQQ,2026-10-07,60,60D,336.6700134277344,2026-10-07,False,,,,,,,0.495,0.26275000000000004
eed434c4971e2e28,e1027529e363a4c2,VGT,VGT,QQQ,2026-10-07,1,1D,129.3699951171875,2026-10-07,True,2026-10-08T00:00:00,0.0,,0.0,0.0,0.0,0.645,0.33025000000000004
eed434c4971e2e28,e1027529e363a4c2,VGT,VGT,QQQ,2026-10-07,5,5D,129.3699951171875,2026-10-07,False,,,,,,,0.495,0.26275000000000004
eed434c4971e2e28,e1027529e363a4c2,VGT,VGT,QQQ,2026-10-07,20,20D,129.3699951171875,2026-10-07,False,,,,,,,0.495,0.26275000000000004
eed434c4971e2e28,e1027529e363a4c2,VGT,VGT,QQQ,2026-10-07,60,60D,129.3699951171875,2026-10-07,False,,,,,,,0.495,0.26275000000000004
f0d91d18265ea05a,7293117fe05cc741,NVDA,NVDA,QQQ,2026-10-07,1,1D,237.47000122070312,2026-10-07,True,2026-10-08T00:00:00,0.0,,0.0,0.0,0.0,0.645,0.33025000000000004
f0d91d18265ea05a,7293117fe05cc741,NVDA,NVDA,QQQ,2026-10-07,5,5D,237.47000122070312,2026-10-07,False,,,,,,,0.495,0.26275000000000004
f0d91d18265ea05a,7293117fe05cc741,NVDA,NVDA,QQQ,2026-10-07,20,20D,237.47000122070312,2026-10-07,False,,,,,,,0.495,0.26275000000000004
f0d91d18265ea05a,7293117fe05cc741,NVDA,NVDA,QQQ,2026-10-07,60,60D,237.47000122070312,2026-10-07,False,,,,,,,0.495,0.26275000000000004
3fcbbe98b877732d,eb875bafe44c5734,IGV,IGV,QQQ,2026-10-08,1,1D,109.83999633789062,2026-10-08,False,,,,,,,0.495,0.26275000000000004
3fcbbe98b877732d,eb875bafe44c5734,IGV,IGV,QQQ,2026-10-08,5,5D,109.83999633789062,2026-10-08,False,,,,,,,0.495,0.26275000000000004
3fcbbe98b877732d,eb875bafe44c5734,IGV,IGV,QQQ,2026-10-08,20,20D,109.83999633789062,2026-10-08,False,,,,,,,0.495,0.26275000000000004
3fcbbe98b877732d,eb875bafe44c5734,IGV,IGV,QQQ,2026-10-08,60,60D,109.83999633789062,2026-10-08,False,,,,,,,0.495,0.26275000000000004
66bf0ef9dbd82175,fddb332139ed088a,AAPL,AAPL,QQQ,2026-10-08,1,1D,336.6700134277344,2026-10-08,False,,,,,,,0.495,0.26275000000000004
66bf0ef9dbd82175,fddb332139ed088a,AAPL,AAPL,QQQ,2026-10-08,5,5D,336.6700134277344,2026-10-08,False,,,,,,,0.495,0.26275000000000004
66bf0ef9dbd82175,fddb332139ed088a,AAPL,AAPL,QQQ,2026-10-08,20,20D,336.6700134277344,2026-10-08,False,,,,,,,0.495,0.26275000000000004
66bf0ef9dbd82175,fddb332139ed088a,AAPL,AAPL,QQQ,2026-10-08,60,60D,336.6700134277344,2026-10-08,False,,,,,,,0.495,0.26275000000000004
eff1768e3e6f614a,e98680d3286f5fb9,AMD,AMD,QQQ,2026-10-08,1,1D,645.8599853515625,2026-10-08,False,,,,,,,0.495,0.26275000000000004
eff1768e3e6f614a,e98680d3286f5fb9,AMD,AMD,QQQ,2026-10-08,5,5D,645.8599853515625,2026-10-08,False,,,,,,,0.495,0.26275000000000004
eff1768e3e6f614a,e98680d3286f5fb9,AMD,AMD,QQQ,2026-10-08,20,20D,645.8599853515625,2026-10-08,False,,,,,,,0.495,0.26275000000000004
eff1768e3e6f614a,e98680d3286f5fb9,AMD,AMD,QQQ,2026-10-08,60,60D,645.8599853515625,2026-10-08,False,,,,,,,0.495,0.26275000000000004
