event_id,canonical_event_id,timestamp_utc,entity,canonical_event,dominant_theme,fear_score,bubble_score,recession_score,policy_risk_score,earnings_risk_score,liquidity_risk_score,ai_theme_score,geopolitical_risk_score,sentiment_score,certainty_score,surprise_score,narrative_strength,confidence,source_reliability_score,narrative_decay_score,model,prompt_version,created_at_utc
ad57e8b2654cf8dd,bf092d7296c1bdc9,2026-09-28T09:37:34+00:00,WAR,geopolitical_shock,geopolitical,0.16666666666666666,0.0,0.0,0.0,0.0,0.0,0.0,0.2,0.5,0.5650000000000001,0.0,0.35,0.5650000000000001,0.68,0.6,rules,kg-v2,2026-09-28T13:05:43+00:00
6d90111cc27062b2,0f5b46aac9eb9b04,2026-09-28T08:19:56+00:00,GLOBAL,product_launch,AI / 晶片,0.0,0.0,0.0,0.0,0.0,0.0,0.2,0.0,0.5,0.5650000000000001,0.0,0.35,0.5650000000000001,0.68,0.6,rules,kg-v2,2026-09-28T13:05:43+00:00
36202ade7895a831,bf092d7296c1bdc9,2026-09-28T07:47:56+00:00,WAR,geopolitical_shock,利率 / 宏觀,0.0,0.0,0.0,0.2,0.0,0.0,0.0,0.2,0.5,0.5650000000000001,0.0,0.35,0.5650000000000001,0.68,0.6,rules,kg-v2,2026-09-28T13:05:43+00:00
d4c72f01b9458fe6,215b1eac4f8bef35,2026-09-28T06:04:17+00:00,AAPL,product_launch,product launch,0.0,0.0,0.0,0.0,0.0,0.0,0.0,0.0,0.5,0.5650000000000001,0.0,0.35,0.5650000000000001,0.68,0.6,rules,kg-v2,2026-09-28T13:05:43+00:00
9c26928a07ecd05f,ca3ea91ae988a195,2026-09-28T04:09:12+00:00,WAR,commercial_contract,貿易 / 地緣,0.0,0.0,0.0,0.0,0.0,0.0,0.0,0.2,0.6666666666666666,0.5650000000000001,0.0,0.35,0.5650000000000001,0.68,0.6,rules,kg-v2,2026-09-28T13:05:43+00:00
76301d7e1b46b70c,94aa7ff8ae0c4bf7,2026-09-28T03:13:00+00:00,NVDA,product_launch,AI / 晶片,0.0,0.0,0.0,0.0,0.0,0.0,0.4,0.0,0.5,0.465,0.0,0.35,0.465,0.68,0.6,rules,kg-v2,2026-09-28T13:05:43+00:00
41aa8b4648e553d1,6c1818331eccda20,2026-09-28T02:08:00+00:00,AMD,product_launch,AI / 晶片,0.0,0.0,0.0,0.0,0.0,0.0,0.2,0.0,0.5,0.585,0.0,0.35,0.585,0.72,0.6,rules,kg-v2,2026-09-28T13:05:43+00:00
41779cd7e7815bc5,7e64584ef321e7c3,2026-09-28T00:16:15+00:00,GOOGL,guidance_revision,guidance,0.0,0.0,0.0,0.0,0.0,0.0,0.0,0.0,0.5,0.5650000000000001,0.0,0.44999999999999996,0.5650000000000001,0.68,0.35,rules,kg-v2,2026-09-28T13:05:43+00:00
262ecdb68e234efb,e8b5e15c1d6a8ccb,2026-09-27T21:34:00+00:00,AMZN,earnings_release,AI / 晶片,0.0,0.0,0.0,0.0,0.0,0.0,0.2,0.0,0.6666666666666666,0.5650000000000001,0.0,0.44999999999999996,0.5650000000000001,0.68,0.35,rules,kg-v2,2026-09-28T13:05:43+00:00
d69c2f5561f92972,fa2e6ddd0ba6980f,2026-09-27T19:12:01+00:00,TSLA,earnings_release,財報 / 財測,0.0,0.0,0.0,0.0,0.0,0.0,0.0,0.0,0.6666666666666666,0.74,0.16666666666666666,0.49999999999999994,0.74,0.68,0.35,rules,kg-v2,2026-09-28T13:05:43+00:00
291b131749353734,9b397f213d447ab3,2026-09-27T19:00:00+00:00,NVDA,product_launch,AI / 晶片,0.0,0.0,0.0,0.0,0.0,0.0,0.2,0.0,0.5,0.485,0.0,0.35,0.485,0.72,0.6,rules,kg-v2,2026-09-28T13:05:43+00:00
e8b92b918acd8f0d,b4d08de9aade2f80,2026-09-27T18:15:00+00:00,AMZN,product_launch,product launch,0.0,0.0,0.0,0.0,0.0,0.0,0.0,0.0,0.5,0.5650000000000001,0.0,0.35,0.5650000000000001,0.68,0.6,rules,kg-v2,2026-09-28T13:05:43+00:00
ef3183167e7a476b,4da61b53d19b23b7,2026-09-27T17:07:22+00:00,GOOGL,analyst_action,AI / 晶片,0.0,0.0,0.0,0.0,0.0,0.0,0.4,0.0,0.5,0.5650000000000001,0.0,0.35,0.5650000000000001,0.68,0.6,rules,kg-v2,2026-09-28T13:05:43+00:00
209f4f11500b76e1,9def1d5e9c809339,2026-09-27T11:26:44+00:00,XLK,product_launch,product launch,0.0,0.0,0.0,0.0,0.0,0.0,0.0,0.0,0.5,0.625,0.0,0.35,0.625,0.8,0.6,rules,kg-v2,2026-09-28T13:05:43+00:00
6d749ef6c501719f,0037ccbeb7d0c02c,2026-09-27T04:03:53+00:00,CENTRAL_BANKS,product_launch,利率 / 宏觀,0.0,0.0,0.0,0.2,0.0,0.0,0.0,0.0,0.5,0.5650000000000001,0.0,0.35,0.5650000000000001,0.68,0.6,rules,kg-v2,2026-09-28T13:05:43+00:00
b5add1dd17e051f9,d8409e0da0a911a8,2026-09-27T01:02:00+00:00,QQQ,product_launch,product launch,0.0,0.0,0.0,0.2,0.0,0.0,0.0,0.0,0.5,0.5650000000000001,0.0,0.35,0.5650000000000001,0.68,0.6,rules,kg-v2,2026-09-28T13:05:43+00:00
3910be007913000d,4527286a2bb8c731,2026-09-27T00:59:45+00:00,SMH,fund_flow_shift,fund flow,0.0,0.0,0.0,0.0,0.0,0.2,0.2,0.0,0.5,0.5650000000000001,0.0,0.35,0.5650000000000001,0.68,0.6,rules,kg-v2,2026-09-28T13:05:43+00:00
8f75f13f9ec4d044,ca5e3acf050118fe,2026-09-27T00:00:00+00:00,AMD,product_launch,AI / 晶片,0.0,0.0,0.0,0.0,0.0,0.0,0.2,0.0,0.5,0.5650000000000001,0.0,0.35,0.5650000000000001,0.68,0.6,rules,kg-v2,2026-09-28T13:05:43+00:00
22ec4bf0d2cf5218,383873d33400a865,2026-09-26T20:11:59+00:00,AMZN,earnings_release,earnings,0.0,0.0,0.0,0.0,0.2,0.0,0.2,0.0,0.3333333333333333,0.5650000000000001,0.16666666666666666,0.49999999999999994,0.5650000000000001,0.68,0.35,rules,kg-v2,2026-09-28T13:05:43+00:00
6028044a45febc0e,bd983345a095ae97,2026-09-26T19:46:36+00:00,ENERGY,product_launch,product launch,0.0,0.0,0.0,0.0,0.0,0.0,0.0,0.0,0.5,0.5650000000000001,0.0,0.35,0.5650000000000001,0.68,0.15,rules,kg-v2,2026-09-28T13:05:43+00:00
43de175ede97caa4,79e27de3e665ff48,2026-09-26T18:00:36+00:00,SMH,product_launch,product launch,0.0,0.0,0.0,0.0,0.0,0.0,0.2,0.0,0.5,0.585,0.0,0.35,0.585,0.72,0.6,rules,kg-v2,2026-09-28T13:05:43+00:00
3fa0f069adddaa7d,dd3f842729b8d0a0,2026-09-26T17:53:24+00:00,TRADE,product_launch,AI / 晶片,0.0,0.0,0.0,0.0,0.0,0.0,0.2,0.2,0.5,0.5650000000000001,0.0,0.35,0.5650000000000001,0.68,0.6,rules,kg-v2,2026-09-28T13:05:43+00:00
76dce7bf6e6db2c7,97619f8fd0c98950,2026-09-26T11:00:07+00:00,VGT,product_launch,product launch,0.0,0.0,0.0,0.0,0.0,0.0,0.0,0.0,0.5,0.585,0.0,0.35,0.585,0.72,0.6,rules,kg-v2,2026-09-28T13:05:43+00:00
28c1ef35b4feada7,5441ecd3b0893b25,2026-09-26T05:03:00+00:00,TSLA,product_launch,product launch,0.0,0.0,0.0,0.0,0.0,0.0,0.0,0.0,0.5,0.585,0.0,0.35,0.585,0.72,0.6,rules,kg-v2,2026-09-28T13:05:43+00:00
20028d5a316ac123,54cc2a843596d5be,2026-09-26T04:51:00+00:00,NVDA,earnings_release,AI / 晶片,0.0,0.0,0.0,0.0,0.0,0.0,0.4,0.0,0.6666666666666666,0.585,0.0,0.44999999999999996,0.585,0.72,0.35,rules,kg-v2,2026-09-28T13:05:43+00:00
30a94b1c9bc40ac7,96c43d1da4ded486,2026-09-26T03:14:00+00:00,MSFT,product_launch,product launch,0.0,0.0,0.0,0.0,0.0,0.0,0.0,0.0,0.5,0.5650000000000001,0.0,0.35,0.5650000000000001,0.68,0.6,rules,kg-v2,2026-09-28T13:05:43+00:00
b0ee1eff2f093f95,7965a01a28f8c896,2026-09-26T02:16:08+00:00,XLK,product_launch,product launch,0.0,0.0,0.0,0.0,0.0,0.0,0.0,0.0,0.5,0.5650000000000001,0.0,0.35,0.5650000000000001,0.68,0.6,rules,kg-v2,2026-09-28T13:05:43+00:00
5f748ca500bd2eb0,24037f78e14890b8,2026-09-26T00:00:00+00:00,AAPL,product_launch,product launch,0.0,0.0,0.0,0.0,0.0,0.0,0.0,0.0,0.5,0.5650000000000001,0.0,0.35,0.5650000000000001,0.68,0.6,rules,kg-v2,2026-09-28T13:05:43+00:00
af12a5456c20f583,f8a2e9a5d58ceabb,2026-09-25T21:30:10+00:00,TRADE,product_launch,product launch,0.0,0.0,0.0,0.0,0.0,0.0,0.0,0.0,0.5,0.5650000000000001,0.0,0.35,0.5650000000000001,0.68,0.6,rules,kg-v2,2026-09-28T13:05:43+00:00
7a0d7e8ff5f1c78f,793ed80346b212df,2026-09-25T20:00:00+00:00,NVDA,product_launch,AI / 晶片,0.0,0.0,0.0,0.0,0.0,0.0,0.4,0.0,0.5,0.5650000000000001,0.0,0.35,0.5650000000000001,0.68,0.6,rules,kg-v2,2026-09-28T13:05:43+00:00
a941c3c0fc2098d8,8e117799da9fdd88,2026-09-25T18:38:38+00:00,MSFT,product_launch,product launch,0.0,0.0,0.0,0.0,0.0,0.0,0.0,0.0,0.5,0.625,0.0,0.35,0.625,0.8,0.6,rules,kg-v2,2026-09-28T13:05:43+00:00
8dd5efb38af7efc5,59e300886abffc86,2026-09-25T18:11:20+00:00,ENERGY,inflation_print,利率 / 宏觀,0.0,0.0,0.0,0.2,0.0,0.0,0.0,0.0,0.5,0.625,0.0,0.35,0.625,0.8,0.35,rules,kg-v2,2026-09-28T13:05:43+00:00
fe21001f90a31311,82efbcd7dc13ce70,2026-09-25T18:06:00+00:00,IGV,geopolitical_shock,geopolitical,0.0,0.0,0.0,0.0,0.0,0.0,0.0,0.2,0.5,0.5650000000000001,0.0,0.35,0.5650000000000001,0.68,0.6,rules,kg-v2,2026-09-28T13:05:43+00:00
1ed8715cf48baf7c,e23b4cb4d4956d4e,2026-09-25T17:20:55+00:00,IYW,product_launch,貿易 / 地緣,0.0,0.0,0.0,0.0,0.0,0.0,0.0,0.2,0.5,0.585,0.0,0.35,0.585,0.72,0.6,rules,kg-v2,2026-09-28T13:05:43+00:00
b97ead62fc17e652,9af2a84d068b6331,2026-09-25T17:14:00+00:00,META,product_launch,product launch,0.0,0.0,0.0,0.0,0.0,0.0,0.0,0.0,0.5,0.5650000000000001,0.0,0.35,0.5650000000000001,0.68,0.6,rules,kg-v2,2026-09-28T13:05:43+00:00
b32b0dcf38508dbd,6555d807d5a09b8f,2026-09-25T17:08:26+00:00,GLOBAL,macro_policy,利率 / 宏觀,0.0,0.0,0.0,0.2,0.0,0.0,0.0,0.0,0.5,0.74,0.0,0.44999999999999996,0.74,0.68,0.35,rules,kg-v2,2026-09-28T13:05:43+00:00
3b9f4c27ffdebdba,a3cf82c153468307,2026-09-25T17:00:00+00:00,MSFT,product_launch,product launch,0.0,0.0,0.0,0.0,0.0,0.0,0.0,0.0,0.5,0.465,0.0,0.35,0.465,0.68,0.6,rules,kg-v2,2026-09-28T13:05:43+00:00
25af8e646e1118bc,9af2a84d068b6331,2026-09-25T16:03:00+00:00,META,product_launch,product launch,0.0,0.0,0.0,0.0,0.0,0.0,0.0,0.0,0.5,0.5650000000000001,0.0,0.35,0.5650000000000001,0.68,0.6,rules,kg-v2,2026-09-28T13:05:43+00:00
5593ac408933c5f6,507859dc7638ec94,2026-09-25T15:45:00+00:00,QQQ,product_launch,product launch,0.0,0.0,0.0,0.0,0.0,0.0,0.0,0.0,0.5,0.5650000000000001,0.0,0.35,0.5650000000000001,0.68,0.6,rules,kg-v2,2026-09-28T13:05:43+00:00
52ae21b5951c66bc,1d75d4ecaee28420,2026-09-25T15:39:49+00:00,AMZN,product_launch,AI / 晶片,0.0,0.0,0.0,0.0,0.0,0.0,0.2,0.0,0.5,0.5650000000000001,0.0,0.35,0.5650000000000001,0.68,0.6,rules,kg-v2,2026-09-28T13:05:43+00:00
de26afe7a4d311bf,9af2a84d068b6331,2026-09-25T15:27:35+00:00,META,product_launch,product launch,0.0,0.0,0.0,0.0,0.0,0.0,0.0,0.0,0.5,0.585,0.0,0.35,0.585,0.72,0.6,rules,kg-v2,2026-09-28T13:05:43+00:00
c471dd074c7aa6af,507859dc7638ec94,2026-09-25T15:05:00+00:00,QQQ,product_launch,product launch,0.0,0.0,0.0,0.0,0.0,0.0,0.0,0.0,0.5,0.585,0.0,0.35,0.585,0.72,0.6,rules,kg-v2,2026-09-28T13:05:43+00:00
99370c15c7cd8808,89ce9d46b34327ec,2026-09-25T14:12:00+00:00,META,product_launch,AI / 晶片,0.0,0.0,0.0,0.0,0.0,0.0,0.2,0.0,0.5,0.625,0.0,0.35,0.625,0.8,0.6,rules,kg-v2,2026-09-28T13:05:43+00:00
f688625b67726c6f,22ebca1bf4809ab0,2026-09-25T14:08:36+00:00,GLOBAL,product_launch,貿易 / 地緣,0.0,0.0,0.0,0.0,0.0,0.0,0.0,0.2,0.5,0.5650000000000001,0.0,0.35,0.5650000000000001,0.68,0.6,rules,kg-v2,2026-09-28T13:05:43+00:00
1517eb13ebbec2fd,a3cf82c153468307,2026-09-25T13:47:19+00:00,MSFT,product_launch,product launch,0.0,0.0,0.0,0.0,0.0,0.0,0.0,0.0,0.5,0.5650000000000001,0.0,0.35,0.5650000000000001,0.68,0.6,rules,kg-v2,2026-09-28T13:05:43+00:00
3a065846b70124aa,5b662e8a32eebe98,2026-09-25T13:10:34+00:00,META,geopolitical_shock,AI / 晶片,0.0,0.0,0.0,0.0,0.0,0.2,0.2,0.2,0.6666666666666666,0.465,0.0,0.35,0.465,0.68,0.6,rules,kg-v2,2026-09-28T13:05:43+00:00
231cdbb1a6ecc4eb,3fd8a0a35a8f13dd,2026-09-25T12:55:16+00:00,TRADE,geopolitical_shock,AI / 晶片,0.0,0.0,0.0,0.0,0.0,0.0,0.2,0.2,0.5,0.625,0.0,0.35,0.625,0.8,0.6,rules,kg-v2,2026-09-28T13:05:43+00:00
303ac0056c78ad37,82efbcd7dc13ce70,2026-09-25T12:33:00+00:00,IGV,geopolitical_shock,geopolitical,0.0,0.0,0.0,0.0,0.0,0.0,0.0,0.2,0.5,0.585,0.0,0.35,0.585,0.72,0.6,rules,kg-v2,2026-09-28T13:05:43+00:00
6e875dd461419eb5,1f02909459802e7f,2026-09-25T09:20:02+00:00,XLK,earnings_release,earnings,0.0,0.0,0.0,0.0,0.0,0.0,0.0,0.0,0.6666666666666666,0.5650000000000001,0.0,0.44999999999999996,0.5650000000000001,0.68,0.35,rules,kg-v2,2026-09-28T13:05:43+00:00
951219e0ba2e0e9d,f2434fd45bd33c1d,2026-09-25T07:35:11+00:00,WAR,product_launch,product launch,0.0,0.0,0.0,0.0,0.0,0.0,0.0,0.0,0.5,0.5650000000000001,0.0,0.35,0.5650000000000001,0.68,0.6,rules,kg-v2,2026-09-28T13:05:43+00:00
d5fb52f53c4d1b20,d9dac7f2a46be5e2,2026-09-25T07:00:00+00:00,AAPL,guidance_revision,guidance,0.0,0.0,0.0,0.0,0.0,0.0,0.0,0.0,0.6666666666666666,0.5650000000000001,0.16666666666666666,0.49999999999999994,0.5650000000000001,0.68,0.35,rules,kg-v2,2026-09-28T13:05:43+00:00
c030c4178fd93375,6fb2f363db7b5ab2,2026-09-25T07:00:00+00:00,TSLA,guidance_revision,guidance,0.0,0.0,0.0,0.0,0.0,0.0,0.0,0.0,0.6666666666666666,0.5650000000000001,0.16666666666666666,0.49999999999999994,0.5650000000000001,0.68,0.35,rules,kg-v2,2026-09-28T13:05:43+00:00
e4180c1c37a8c881,4eb316a4f0aa9076,2026-09-25T07:00:00+00:00,CENTRAL_BANKS,geopolitical_shock,geopolitical,0.0,0.0,0.0,0.0,0.0,0.0,0.0,0.2,0.5,0.5650000000000001,0.0,0.35,0.5650000000000001,0.68,0.6,rules,kg-v2,2026-09-28T13:05:43+00:00
700096af025439fe,e7f904660a995dac,2026-09-25T05:21:29+00:00,GLOBAL,product_launch,貿易 / 地緣,0.0,0.0,0.0,0.0,0.0,0.0,0.0,0.2,0.5,0.5650000000000001,0.0,0.35,0.5650000000000001,0.68,0.6,rules,kg-v2,2026-09-28T13:05:43+00:00
2d29319a1659f528,dc5c6f1dec54ed6f,2026-09-25T02:24:58+00:00,IGV,geopolitical_shock,geopolitical,0.0,0.0,0.0,0.0,0.0,0.0,0.0,0.2,0.5,0.5650000000000001,0.0,0.35,0.5650000000000001,0.68,0.6,rules,kg-v2,2026-09-28T13:05:43+00:00
65decc50d0529022,b95574f89f7533e9,2026-09-25T02:15:32+00:00,SMH,product_launch,product launch,0.0,0.0,0.0,0.0,0.0,0.0,0.2,0.0,0.5,0.5650000000000001,0.0,0.35,0.5650000000000001,0.68,0.6,rules,kg-v2,2026-09-28T13:05:43+00:00
a98b3eb17f6d4641,82efbcd7dc13ce70,2026-09-25T02:05:00+00:00,IGV,geopolitical_shock,geopolitical,0.0,0.0,0.0,0.0,0.0,0.0,0.0,0.2,0.5,0.5650000000000001,0.0,0.35,0.5650000000000001,0.68,0.6,rules,kg-v2,2026-09-28T13:05:43+00:00
73940d28d462e96a,9f54cd506b78e6af,2026-09-25T00:22:51+00:00,WAR,product_launch,利率 / 宏觀,0.0,0.0,0.0,0.2,0.0,0.0,0.0,0.0,0.5,0.5650000000000001,0.0,0.35,0.5650000000000001,0.68,0.6,rules,kg-v2,2026-09-28T13:05:43+00:00
2d3e484a8cf6ab29,b6797e772e9bdc6f,2026-09-24T22:56:10+00:00,GLOBAL,product_launch,product launch,0.0,0.0,0.0,0.0,0.0,0.0,0.0,0.0,0.5,0.5650000000000001,0.0,0.35,0.5650000000000001,0.68,0.6,rules,kg-v2,2026-09-28T13:05:43+00:00
818400685e5d99e3,1c722eecbbbea3fd,2026-09-24T21:15:42+00:00,SMH,product_launch,product launch,0.0,0.0,0.0,0.0,0.0,0.0,0.2,0.0,0.5,0.5650000000000001,0.0,0.35,0.5650000000000001,0.68,0.6,rules,kg-v2,2026-09-28T13:05:43+00:00
f11317188fad2db9,ddd672885eb3c8cd,2026-09-24T21:01:00+00:00,SMH,product_launch,product launch,0.0,0.0,0.0,0.0,0.0,0.0,0.2,0.0,0.5,0.5650000000000001,0.0,0.35,0.5650000000000001,0.68,0.6,rules,kg-v2,2026-09-28T13:05:43+00:00
2e8ef361ec761ae1,633de0a0bfdb0e2d,2026-09-24T21:01:00+00:00,SOXX,product_launch,product launch,0.0,0.0,0.0,0.0,0.0,0.0,0.2,0.0,0.5,0.5650000000000001,0.0,0.35,0.5650000000000001,0.68,0.6,rules,kg-v2,2026-09-28T13:05:43+00:00
ee7bb858955e536d,42fc240ea8fda6e5,2026-09-24T20:15:00+00:00,AMZN,product_launch,product launch,0.0,0.0,0.0,0.0,0.0,0.0,0.0,0.0,0.5,0.5650000000000001,0.0,0.35,0.5650000000000001,0.68,0.6,rules,kg-v2,2026-09-28T13:05:43+00:00
76230153bab8dc20,cf511a2dc9f08e85,2026-09-24T20:11:14+00:00,ENERGY,geopolitical_shock,AI / 晶片,0.0,0.0,0.0,0.0,0.0,0.0,0.2,0.2,0.5,0.5650000000000001,0.0,0.35,0.5650000000000001,0.68,0.6,rules,kg-v2,2026-09-28T13:05:43+00:00
7a134a9b46196c9b,8c1ce2eaa6cab6c4,2026-09-24T20:11:00+00:00,SMH,product_launch,product launch,0.0,0.0,0.0,0.0,0.0,0.0,0.2,0.0,0.5,0.5650000000000001,0.0,0.35,0.5650000000000001,0.68,0.6,rules,kg-v2,2026-09-28T13:05:43+00:00
1f7e7a5aba0fd9e5,179743a2cc3a7cac,2026-09-24T20:11:00+00:00,SOXX,product_launch,product launch,0.0,0.0,0.0,0.0,0.0,0.0,0.2,0.0,0.5,0.5650000000000001,0.0,0.35,0.5650000000000001,0.68,0.6,rules,kg-v2,2026-09-28T13:05:43+00:00
97ee62ee110bd5c0,492462755018ecd5,2026-09-24T19:45:00+00:00,TSLA,product_launch,product launch,0.0,0.0,0.0,0.0,0.0,0.0,0.0,0.0,0.5,0.5650000000000001,0.0,0.35,0.5650000000000001,0.68,0.6,rules,kg-v2,2026-09-28T13:05:43+00:00
92032a63bfaae6dd,b31006a135117adb,2026-09-24T18:29:35+00:00,SMH,product_launch,AI / 晶片,0.0,0.0,0.0,0.0,0.0,0.0,0.4,0.0,0.5,0.5650000000000001,0.0,0.35,0.5650000000000001,0.68,0.6,rules,kg-v2,2026-09-28T13:05:43+00:00
f9d99f23735166b3,3c445051f5baa345,2026-09-24T17:59:17+00:00,XLK,product_launch,product launch,0.0,0.0,0.0,0.0,0.0,0.0,0.0,0.0,0.5,0.585,0.0,0.35,0.585,0.72,0.6,rules,kg-v2,2026-09-28T13:05:43+00:00
4748bbd8173c14fd,492462755018ecd5,2026-09-24T17:07:00+00:00,TSLA,product_launch,AI / 晶片,0.0,0.0,0.0,0.0,0.0,0.0,0.2,0.0,0.5,0.625,0.0,0.35,0.625,0.8,0.6,rules,kg-v2,2026-09-28T13:05:43+00:00
c5ce21be76b4684f,77c2b6cc04138621,2026-09-24T16:57:00+00:00,META,earnings_release,財報 / 財測,0.0,0.0,0.0,0.0,0.0,0.0,0.0,0.0,0.5,0.5650000000000001,0.0,0.44999999999999996,0.5650000000000001,0.68,0.35,rules,kg-v2,2026-09-28T13:05:43+00:00
7d5a292a6851530e,492462755018ecd5,2026-09-24T16:30:00+00:00,TSLA,product_launch,product launch,0.0,0.0,0.0,0.0,0.0,0.0,0.0,0.0,0.5,0.465,0.0,0.35,0.465,0.68,0.6,rules,kg-v2,2026-09-28T13:05:43+00:00
532c77f734ced6f1,83860c2961526590,2026-09-24T16:25:26+00:00,WAR,product_launch,利率 / 宏觀,0.0,0.0,0.0,0.2,0.0,0.0,0.0,0.0,0.5,0.5650000000000001,0.0,0.35,0.5650000000000001,0.68,0.6,rules,kg-v2,2026-09-28T13:05:43+00:00
a713e7be92e7f535,ce54303cb7245ea8,2026-09-24T16:08:00+00:00,GOOGL,product_launch,AI / 晶片,0.0,0.0,0.0,0.0,0.0,0.0,0.2,0.0,0.5,0.625,0.0,0.35,0.625,0.8,0.6,rules,kg-v2,2026-09-28T13:05:43+00:00
03152e64d51744e2,95222de16e03fbb1,2026-09-24T16:08:00+00:00,ENERGY,product_launch,product launch,0.0,0.0,0.0,0.0,0.0,0.0,0.0,0.0,0.5,0.5650000000000001,0.0,0.35,0.5650000000000001,0.68,0.6,rules,kg-v2,2026-09-28T13:05:43+00:00
9d3f843615202c22,4798bb94b03da307,2026-09-24T16:00:59+00:00,GOOGL,product_launch,product launch,0.0,0.0,0.0,0.0,0.0,0.0,0.0,0.0,0.5,0.5650000000000001,0.0,0.35,0.5650000000000001,0.68,0.6,rules,kg-v2,2026-09-28T13:05:43+00:00
864948ba3ab977f1,392f974252c1a669,2026-09-24T15:28:00+00:00,CENTRAL_BANKS,product_launch,product launch,0.0,0.0,0.0,0.0,0.0,0.0,0.0,0.0,0.5,0.5650000000000001,0.0,0.35,0.5650000000000001,0.68,0.6,rules,kg-v2,2026-09-28T13:05:43+00:00
f64a4915a030e300,462221e604f5bade,2026-09-24T14:39:00+00:00,TSLA,commercial_contract,contract,0.0,0.0,0.0,0.0,0.0,0.0,0.0,0.0,0.5,0.585,0.0,0.35,0.585,0.72,0.6,rules,kg-v2,2026-09-28T13:05:43+00:00
c2122a50a70f7e03,9b7fc26347748ef7,2026-09-24T14:07:30+00:00,CENTRAL_BANKS,inflation_print,利率 / 宏觀,0.0,0.0,0.0,0.4,0.0,0.0,0.0,0.2,0.5,0.7,0.0,0.35,0.7,0.95,0.35,rules,kg-v2,2026-09-28T13:05:43+00:00
2cbeafb4d63bfdd4,6a57eabcf93a4ff1,2026-09-24T13:37:00+00:00,AMZN,product_launch,AI / 晶片,0.0,0.0,0.0,0.2,0.0,0.0,0.2,0.0,0.5,0.5650000000000001,0.0,0.35,0.5650000000000001,0.68,0.6,rules,kg-v2,2026-09-28T13:05:43+00:00
1852098a4df602d3,b4e5448618261a0c,2026-09-24T12:47:04+00:00,QQQ,product_launch,AI / 晶片,0.0,0.0,0.0,0.0,0.0,0.0,0.2,0.0,0.5,0.5650000000000001,0.0,0.35,0.5650000000000001,0.68,0.6,rules,kg-v2,2026-09-28T13:05:43+00:00
70ae9d08be6e60f5,95222de16e03fbb1,2026-09-24T12:26:57+00:00,ENERGY,product_launch,product launch,0.0,0.0,0.0,0.0,0.0,0.0,0.0,0.0,0.5,0.5650000000000001,0.0,0.35,0.5650000000000001,0.68,0.6,rules,kg-v2,2026-09-28T13:05:43+00:00
f0d66d5d6531dcfa,03e820cd5c2ab97b,2026-09-24T12:02:00+00:00,AMD,product_launch,AI / 晶片,0.0,0.0,0.0,0.0,0.0,0.0,0.4,0.0,0.5,0.5650000000000001,0.0,0.35,0.5650000000000001,0.68,0.6,rules,kg-v2,2026-09-28T13:05:43+00:00
fe02bbb27266417b,3bbb7232840f8b18,2026-09-24T11:15:43+00:00,IYW,analyst_action,analyst rating,0.0,0.0,0.0,0.0,0.0,0.0,0.0,0.0,0.6666666666666666,0.5650000000000001,0.0,0.35,0.5650000000000001,0.68,0.6,rules,kg-v2,2026-09-28T13:05:43+00:00
a6b8713035af842d,782735fb5e74a6a2,2026-09-24T10:34:25+00:00,AAPL,product_launch,product launch,0.0,0.0,0.0,0.0,0.0,0.0,0.0,0.0,0.5,0.5650000000000001,0.0,0.35,0.5650000000000001,0.68,0.6,rules,kg-v2,2026-09-28T13:05:43+00:00
a2a5317358ec2c19,6cc01418203bbba7,2026-09-24T10:11:28+00:00,WAR,earnings_release,AI / 晶片,0.0,0.0,0.0,0.0,0.0,0.0,0.2,0.0,0.6666666666666666,0.5650000000000001,0.0,0.44999999999999996,0.5650000000000001,0.68,0.35,rules,kg-v2,2026-09-28T13:05:43+00:00
2932a1c10379d1de,9ff0305c5c9d9694,2026-09-24T09:17:56+00:00,TRADE,product_launch,product launch,0.0,0.0,0.0,0.0,0.0,0.0,0.0,0.0,0.5,0.5650000000000001,0.0,0.35,0.5650000000000001,0.68,0.6,rules,kg-v2,2026-09-28T13:05:43+00:00
78329eb0bf1a9da6,22a10513d4b93b3f,2026-09-24T07:34:34+00:00,CENTRAL_BANKS,product_launch,利率 / 宏觀,0.0,0.0,0.0,0.2,0.0,0.0,0.0,0.0,0.5,0.625,0.0,0.35,0.625,0.8,0.6,rules,kg-v2,2026-09-28T13:05:43+00:00
b18ebe7ea569d72d,549658e773fde8c6,2026-09-24T07:00:00+00:00,IGV,geopolitical_shock,geopolitical,0.0,0.0,0.0,0.0,0.0,0.0,0.0,0.2,0.6666666666666666,0.5650000000000001,0.16666666666666666,0.39999999999999997,0.5650000000000001,0.68,0.6,rules,kg-v2,2026-09-28T13:05:43+00:00
2f7ae6d08c5d274e,2920dd7a5be95eef,2026-09-24T07:00:00+00:00,IYW,earnings_release,earnings,0.0,0.0,0.0,0.0,0.0,0.0,0.0,0.0,0.6666666666666666,0.5650000000000001,0.16666666666666666,0.49999999999999994,0.5650000000000001,0.68,0.35,rules,kg-v2,2026-09-28T13:05:43+00:00
f901f132221da249,cdac0f638cf11379,2026-09-24T07:00:00+00:00,VGT,earnings_release,earnings,0.0,0.0,0.0,0.0,0.0,0.0,0.0,0.0,0.6666666666666666,0.5650000000000001,0.16666666666666666,0.49999999999999994,0.5650000000000001,0.68,0.35,rules,kg-v2,2026-09-28T13:05:43+00:00
faa22d7e45d44471,9ff0305c5c9d9694,2026-09-24T07:00:00+00:00,TRADE,product_launch,AI / 晶片,0.0,0.0,0.0,0.0,0.0,0.0,0.2,0.2,0.5,0.5650000000000001,0.0,0.35,0.5650000000000001,0.68,0.6,rules,kg-v2,2026-09-28T13:05:43+00:00
32a33aacdb71e37d,7b3680067bffb284,2026-09-24T06:38:16+00:00,TRADE,regulatory_action,AI / 晶片,0.0,0.0,0.0,0.0,0.0,0.0,0.2,0.0,0.5,0.5650000000000001,0.0,0.35,0.5650000000000001,0.68,0.6,rules,kg-v2,2026-09-28T13:05:43+00:00
14ce9a2b33ace796,fb6ad311f84c9366,2026-09-24T05:14:00+00:00,AAPL,geopolitical_shock,AI / 晶片,0.16666666666666666,0.0,0.0,0.0,0.0,0.0,0.2,0.2,0.5,0.485,0.0,0.35,0.485,0.72,0.6,rules,kg-v2,2026-09-28T13:05:43+00:00
dce3489dd27a6686,d947e6e9a612ef7e,2026-09-24T00:29:23+00:00,TRADE,product_launch,貿易 / 地緣,0.0,0.0,0.0,0.0,0.0,0.0,0.0,0.2,0.5,0.5650000000000001,0.0,0.35,0.5650000000000001,0.68,0.6,rules,kg-v2,2026-09-28T13:05:43+00:00
18ff08eba539ea83,450f62a282b1d23a,2026-09-23T21:22:05+00:00,GOOGL,product_launch,product launch,0.0,0.0,0.0,0.0,0.0,0.0,0.0,0.0,0.5,0.585,0.0,0.35,0.585,0.72,0.6,rules,kg-v2,2026-09-28T13:05:43+00:00
cce18e930646cf28,6592b2c55518760f,2026-09-23T21:02:58+00:00,IGV,fund_flow_shift,AI / 晶片,0.0,0.0,0.0,0.0,0.0,0.0,0.2,0.0,0.5,0.5650000000000001,0.0,0.35,0.5650000000000001,0.68,0.6,rules,kg-v2,2026-09-28T13:05:43+00:00
2fc92c411ab4b3ea,90a5253a1102c441,2026-09-23T19:43:12+00:00,XLK,product_launch,product launch,0.0,0.0,0.0,0.0,0.0,0.0,0.0,0.0,0.5,0.585,0.0,0.35,0.585,0.72,0.6,rules,kg-v2,2026-09-28T13:05:43+00:00
e1141ede2e323c96,5a741e454ca5f7fd,2026-09-23T19:23:00+00:00,IGV,product_launch,AI / 晶片,0.0,0.0,0.0,0.0,0.0,0.0,0.2,0.0,0.5,0.5650000000000001,0.0,0.35,0.5650000000000001,0.68,0.6,rules,kg-v2,2026-09-28T13:05:43+00:00
6627a6618befbea6,de7de2c89425cd74,2026-09-23T18:04:00+00:00,ENERGY,product_launch,product launch,0.0,0.0,0.0,0.0,0.0,0.0,0.0,0.0,0.5,0.5650000000000001,0.0,0.35,0.5650000000000001,0.68,0.6,rules,kg-v2,2026-09-28T13:05:43+00:00
2982505a18f8a134,1ba67585de992084,2026-09-23T17:56:38+00:00,MSFT,regulatory_action,AI / 晶片,0.16666666666666666,0.0,0.0,0.0,0.0,0.0,0.2,0.0,0.3333333333333333,0.5650000000000001,0.0,0.35,0.5650000000000001,0.68,0.6,rules,kg-v2,2026-09-28T13:05:43+00:00
70c3b9c54688e70d,90a5253a1102c441,2026-09-23T17:51:28+00:00,XLK,product_launch,product launch,0.0,0.0,0.0,0.0,0.0,0.0,0.0,0.0,0.5,0.585,0.0,0.35,0.585,0.72,0.6,rules,kg-v2,2026-09-28T13:05:43+00:00
d4227c4836541229,8af0f8f26bfdf256,2026-09-23T17:22:43+00:00,QQQ,product_launch,product launch,0.16666666666666666,0.0,0.0,0.0,0.0,0.0,0.0,0.0,0.5,0.5650000000000001,0.0,0.35,0.5650000000000001,0.68,0.6,rules,kg-v2,2026-09-28T13:05:43+00:00
34fd77ec94078c24,27da6bbdade0ced1,2026-09-23T17:00:00+00:00,NVDA,guidance_revision,AI / 晶片,0.0,0.0,0.0,0.0,0.0,0.0,0.2,0.0,0.5,0.625,0.0,0.44999999999999996,0.625,0.8,0.35,rules,kg-v2,2026-09-28T13:05:43+00:00
7bcafbc3651e6edc,450f62a282b1d23a,2026-09-23T16:52:48+00:00,GOOGL,product_launch,product launch,0.0,0.0,0.0,0.0,0.0,0.0,0.0,0.0,0.5,0.5650000000000001,0.0,0.35,0.5650000000000001,0.68,0.6,rules,kg-v2,2026-09-28T13:05:43+00:00
6be48e8a065cf9af,9583a733f7dfed66,2026-09-23T14:35:59+00:00,GLOBAL,product_launch,product launch,0.16666666666666666,0.0,0.0,0.0,0.0,0.0,0.0,0.0,0.5,0.5650000000000001,0.0,0.35,0.5650000000000001,0.68,0.6,rules,kg-v2,2026-09-28T13:05:43+00:00
5c461909498983df,9cacd239de98fe30,2026-09-23T10:11:40+00:00,AAPL,earnings_release,earnings,0.0,0.0,0.0,0.0,0.0,0.0,0.0,0.0,0.6666666666666666,0.5650000000000001,0.0,0.44999999999999996,0.5650000000000001,0.68,0.35,rules,kg-v2,2026-09-28T13:05:43+00:00
2f1dc1746d838d4a,de7de2c89425cd74,2026-09-23T07:00:00+00:00,ENERGY,product_launch,product launch,0.0,0.0,0.0,0.0,0.0,0.0,0.0,0.0,0.5,0.5650000000000001,0.0,0.35,0.5650000000000001,0.68,0.6,rules,kg-v2,2026-09-28T13:05:43+00:00
ba7ed474aa70665d,39a665dee654fc3c,2026-09-23T06:06:20+00:00,NVDA,product_launch,AI / 晶片,0.0,0.0,0.0,0.0,0.0,0.0,0.4,0.0,0.5,0.5650000000000001,0.0,0.35,0.5650000000000001,0.68,0.6,rules,kg-v2,2026-09-28T13:05:43+00:00
52d8f91341760cf4,15bac348e90652bc,2026-09-23T04:00:00+00:00,CENTRAL_BANKS,product_launch,利率 / 宏觀,0.0,0.0,0.0,0.4,0.0,0.0,0.0,0.0,0.5,0.5650000000000001,0.0,0.35,0.5650000000000001,0.68,0.6,rules,kg-v2,2026-09-28T13:05:43+00:00
211b6707a7d0958d,fef0cfba2689a9e8,2026-09-23T02:34:57+00:00,SOXX,product_launch,AI / 晶片,0.0,0.0,0.0,0.0,0.0,0.0,0.2,0.0,0.5,0.5650000000000001,0.0,0.35,0.5650000000000001,0.68,0.6,rules,kg-v2,2026-09-28T13:05:43+00:00
b8d22bcb274afee5,06a6c63cb700c40b,2026-09-22T22:23:57+00:00,VGT,product_launch,product launch,0.0,0.0,0.0,0.0,0.0,0.0,0.0,0.0,0.5,0.5650000000000001,0.0,0.35,0.5650000000000001,0.68,0.6,rules,kg-v2,2026-09-28T13:05:43+00:00
333f91ae2a8e3c28,fa41e016968edf0d,2026-09-22T22:15:04+00:00,IYW,product_launch,product launch,0.0,0.0,0.0,0.0,0.0,0.0,0.0,0.0,0.5,0.5650000000000001,0.0,0.35,0.5650000000000001,0.68,0.6,rules,kg-v2,2026-09-28T13:05:43+00:00
2897cb8d5fa30193,04ec3caae973232a,2026-09-22T22:15:00+00:00,IYW,product_launch,product launch,0.0,0.0,0.0,0.0,0.0,0.0,0.0,0.0,0.5,0.5650000000000001,0.0,0.35,0.5650000000000001,0.68,0.6,rules,kg-v2,2026-09-28T13:05:43+00:00
4c4b2e9feb0ddf28,273b8934473910b0,2026-09-22T22:15:00+00:00,VGT,product_launch,product launch,0.0,0.0,0.0,0.0,0.0,0.0,0.0,0.0,0.5,0.5650000000000001,0.0,0.35,0.5650000000000001,0.68,0.6,rules,kg-v2,2026-09-28T13:05:43+00:00
cc547eca19395362,28409369f13f2f0d,2026-09-22T21:00:00+00:00,NVDA,product_launch,product launch,0.0,0.0,0.0,0.0,0.0,0.0,0.0,0.0,0.5,0.5650000000000001,0.0,0.35,0.5650000000000001,0.68,0.6,rules,kg-v2,2026-09-28T13:05:43+00:00
7447a1ec72515b22,b3510d676772aaf0,2026-09-22T20:10:00+00:00,IYW,product_launch,product launch,0.0,0.0,0.0,0.0,0.0,0.0,0.2,0.0,0.5,0.5650000000000001,0.0,0.35,0.5650000000000001,0.68,0.6,rules,kg-v2,2026-09-28T13:05:43+00:00
99f035d2af8e4dec,a8450fa79f54281f,2026-09-22T20:10:00+00:00,SOXX,product_launch,product launch,0.0,0.0,0.0,0.0,0.0,0.0,0.2,0.0,0.5,0.5650000000000001,0.0,0.35,0.5650000000000001,0.68,0.6,rules,kg-v2,2026-09-28T13:05:43+00:00
e0d1523121e32736,b3510d676772aaf0,2026-09-22T19:30:03+00:00,IYW,product_launch,product launch,0.0,0.0,0.0,0.0,0.0,0.0,0.2,0.0,0.5,0.585,0.0,0.35,0.585,0.72,0.6,rules,kg-v2,2026-09-28T13:05:43+00:00
bdf78a1df690ecef,a8450fa79f54281f,2026-09-22T19:30:03+00:00,SOXX,product_launch,product launch,0.0,0.0,0.0,0.0,0.0,0.0,0.2,0.0,0.5,0.585,0.0,0.35,0.585,0.72,0.6,rules,kg-v2,2026-09-28T13:05:43+00:00
85283cb3a95ef76c,4ba6d2869fa28a3c,2026-09-22T19:14:21+00:00,GLOBAL,inflation_print,AI / 晶片,0.16666666666666666,0.0,0.0,0.2,0.0,0.0,0.2,0.0,0.5,0.5650000000000001,0.0,0.35,0.5650000000000001,0.68,0.35,rules,kg-v2,2026-09-28T13:05:43+00:00
dcaf55ef44f9efda,d6791d8211fff989,2026-09-22T17:39:12+00:00,XLK,product_launch,product launch,0.0,0.0,0.0,0.0,0.0,0.0,0.0,0.0,0.5,0.585,0.0,0.35,0.585,0.72,0.6,rules,kg-v2,2026-09-28T13:05:43+00:00
bd920b26ea73cfb3,06a6c63cb700c40b,2026-09-22T17:00:40+00:00,VGT,product_launch,product launch,0.0,0.0,0.0,0.0,0.0,0.0,0.0,0.0,0.5,0.5650000000000001,0.0,0.35,0.5650000000000001,0.68,0.6,rules,kg-v2,2026-09-28T13:05:43+00:00
5cef7c91706c6de0,20b9cf7a0e16fa93,2026-09-22T15:30:38+00:00,VGT,product_launch,product launch,0.0,0.0,0.0,0.0,0.0,0.0,0.0,0.0,0.5,0.5650000000000001,0.0,0.35,0.5650000000000001,0.68,0.6,rules,kg-v2,2026-09-28T13:05:43+00:00
3bce37f39e6177fd,c0dba0c0c212b00c,2026-09-22T12:35:00+00:00,AMD,product_launch,AI / 晶片,0.0,0.0,0.0,0.0,0.0,0.0,0.4,0.0,0.5,0.485,0.0,0.35,0.485,0.72,0.6,rules,kg-v2,2026-09-28T13:05:43+00:00
a0df3cfc92e596e9,c0968a91762e5c49,2026-09-22T12:00:00+00:00,QQQ,product_launch,利率 / 宏觀,0.0,0.0,0.0,0.2,0.0,0.0,0.0,0.0,0.5,0.5650000000000001,0.0,0.35,0.5650000000000001,0.68,0.6,rules,kg-v2,2026-09-28T13:05:43+00:00
45fe1bf332f16948,c0968a91762e5c49,2026-09-22T11:20:00+00:00,QQQ,product_launch,利率 / 宏觀,0.0,0.0,0.0,0.2,0.0,0.0,0.0,0.0,0.5,0.585,0.0,0.35,0.585,0.72,0.6,rules,kg-v2,2026-09-28T13:05:43+00:00
3c4a8037fbb278d3,faea44284a606ee7,2026-09-22T08:44:42+00:00,SOXX,product_launch,product launch,0.0,0.0,0.0,0.0,0.0,0.0,0.2,0.0,0.5,0.5650000000000001,0.0,0.35,0.5650000000000001,0.68,0.6,rules,kg-v2,2026-09-28T13:05:43+00:00
4b8fef488fc77cf9,bcc6e0c3e63dbe21,2026-09-22T07:00:00+00:00,ENERGY,geopolitical_shock,geopolitical,0.0,0.0,0.0,0.0,0.0,0.0,0.0,0.2,0.5,0.5650000000000001,0.0,0.35,0.5650000000000001,0.68,0.6,rules,kg-v2,2026-09-28T13:05:43+00:00
ec7f86b5e56fdf04,c0bf8bb50fe97e6d,2026-09-22T07:00:00+00:00,GLOBAL,product_launch,product launch,0.0,0.0,0.0,0.0,0.0,0.0,0.0,0.0,0.5,0.5650000000000001,0.0,0.35,0.5650000000000001,0.68,0.6,rules,kg-v2,2026-09-28T13:05:43+00:00
5d26134724cf49d2,6026658f2aa2734a,2026-09-22T05:54:06+00:00,CENTRAL_BANKS,hawkish_policy,AI / 晶片,0.0,0.0,0.0,0.2,0.0,0.0,0.2,0.0,0.5,0.5650000000000001,0.0,0.44999999999999996,0.5650000000000001,0.68,0.35,rules,kg-v2,2026-09-28T13:05:43+00:00
9ff3d2077d3f987d,ec0db1117ab42e73,2026-09-22T04:32:01+00:00,IYW,product_launch,AI / 晶片,0.0,0.0,0.0,0.0,0.0,0.2,0.2,0.2,0.5,0.5650000000000001,0.0,0.35,0.5650000000000001,0.68,0.6,rules,kg-v2,2026-09-28T13:05:43+00:00
956f50f7e8c7c5ba,9d42f89f52436a98,2026-09-21T23:50:25+00:00,META,product_launch,貿易 / 地緣,0.0,0.0,0.0,0.0,0.0,0.0,0.0,0.2,0.5,0.585,0.0,0.35,0.585,0.72,0.6,rules,kg-v2,2026-09-28T13:05:43+00:00
14cd14fc72ddd025,8fdd95d830b6edb8,2026-09-21T22:04:54+00:00,QQQ,product_launch,AI / 晶片,0.0,0.0,0.0,0.0,0.0,0.0,0.2,0.0,0.5,0.5650000000000001,0.0,0.35,0.5650000000000001,0.68,0.6,rules,kg-v2,2026-09-28T13:05:43+00:00
8898dfc89c2c5c5d,28b790e406da1dc4,2026-09-21T21:11:38+00:00,MSFT,product_launch,product launch,0.0,0.0,0.0,0.0,0.0,0.0,0.0,0.0,0.5,0.585,0.0,0.35,0.585,0.72,0.6,rules,kg-v2,2026-09-28T13:05:43+00:00
9a5ef815ab94b87c,9d42f89f52436a98,2026-09-21T20:50:56+00:00,META,product_launch,貿易 / 地緣,0.0,0.0,0.0,0.0,0.0,0.0,0.0,0.2,0.5,0.5650000000000001,0.0,0.35,0.5650000000000001,0.68,0.6,rules,kg-v2,2026-09-28T13:05:43+00:00
c59177d69a263d42,917570775a672d10,2026-09-21T19:52:06+00:00,XLK,earnings_release,AI / 晶片,0.0,0.0,0.0,0.0,0.0,0.0,0.2,0.0,0.6666666666666666,0.585,0.0,0.44999999999999996,0.585,0.72,0.35,rules,kg-v2,2026-09-28T13:05:43+00:00
987f06ba654ce147,f1bbd7c2e3878813,2026-09-21T19:50:12+00:00,AMZN,product_launch,product launch,0.0,0.0,0.0,0.0,0.0,0.0,0.0,0.0,0.5,0.5650000000000001,0.0,0.35,0.5650000000000001,0.68,0.6,rules,kg-v2,2026-09-28T13:05:43+00:00
75908bf5caf7d2ca,28b790e406da1dc4,2026-09-21T17:33:27+00:00,MSFT,product_launch,product launch,0.0,0.0,0.0,0.0,0.0,0.0,0.0,0.0,0.5,0.5650000000000001,0.0,0.35,0.5650000000000001,0.68,0.6,rules,kg-v2,2026-09-28T13:05:43+00:00
5b6a0c33704b1da8,1040ef80579d471b,2026-09-21T17:10:57+00:00,AMD,product_launch,AI / 晶片,0.0,0.0,0.0,0.0,0.0,0.0,0.4,0.0,0.5,0.5650000000000001,0.0,0.35,0.5650000000000001,0.68,0.6,rules,kg-v2,2026-09-28T13:05:43+00:00
1e2fb05db1af8529,187862e0eacbd62c,2026-09-21T16:30:32+00:00,AMZN,product_launch,product launch,0.0,0.0,0.0,0.0,0.0,0.0,0.0,0.0,0.5,0.585,0.0,0.35,0.585,0.72,0.6,rules,kg-v2,2026-09-28T13:05:43+00:00
c13bbbd097d89d76,51740641ccdb7a17,2026-09-21T16:20:18+00:00,TRADE,commercial_contract,利率 / 宏觀,0.0,0.0,0.0,0.2,0.0,0.0,0.0,0.2,0.5,0.5650000000000001,0.0,0.35,0.5650000000000001,0.68,0.6,rules,kg-v2,2026-09-28T13:05:43+00:00
76eb4c5a11a97df3,1040ef80579d471b,2026-09-21T15:50:00+00:00,AMD,product_launch,AI / 晶片,0.0,0.0,0.0,0.0,0.0,0.0,0.4,0.0,0.5,0.585,0.0,0.35,0.585,0.72,0.6,rules,kg-v2,2026-09-28T13:05:43+00:00
faa858a0b4250fd8,1040ef80579d471b,2026-09-21T15:32:11+00:00,AMD,product_launch,AI / 晶片,0.0,0.0,0.0,0.0,0.0,0.0,0.4,0.0,0.5,0.7,0.0,0.35,0.7,0.95,0.6,rules,kg-v2,2026-09-28T13:05:43+00:00
1bf548e2cce89a7b,28b790e406da1dc4,2026-09-21T15:13:17+00:00,MSFT,product_launch,product launch,0.0,0.0,0.0,0.0,0.0,0.0,0.0,0.0,0.5,0.5650000000000001,0.0,0.35,0.5650000000000001,0.68,0.6,rules,kg-v2,2026-09-28T13:05:43+00:00
25d9d87f0f69dfa9,aaedddc3dd01fb86,2026-09-21T14:47:57+00:00,AMD,product_launch,product launch,0.0,0.0,0.0,0.0,0.0,0.0,0.0,0.0,0.5,0.625,0.0,0.35,0.625,0.8,0.6,rules,kg-v2,2026-09-28T13:05:43+00:00
ac779aca3bffba26,b0d08ff1129c6b98,2026-09-21T12:28:33+00:00,GOOGL,product_launch,product launch,0.0,0.0,0.0,0.0,0.0,0.0,0.0,0.0,0.5,0.585,0.0,0.35,0.585,0.72,0.6,rules,kg-v2,2026-09-28T13:05:43+00:00
c0dc6992b9f09348,c9512694ad9b2072,2026-09-21T10:15:00+00:00,IGV,product_launch,AI / 晶片,0.0,0.0,0.0,0.0,0.0,0.0,0.2,0.0,0.5,0.5650000000000001,0.0,0.35,0.5650000000000001,0.68,0.6,rules,kg-v2,2026-09-28T13:05:43+00:00
2da5cba6cf6c22a3,8342a6788dd90a16,2026-09-20T23:35:09+00:00,AAPL,product_launch,product launch,0.0,0.0,0.0,0.0,0.0,0.0,0.0,0.0,0.5,0.465,0.0,0.35,0.465,0.68,0.5,rules,kg-v2,2026-09-28T13:05:43+00:00
edc68f36d632b276,7ef5fda7f8af9fa7,2026-09-19T12:11:06+00:00,GOOGL,product_launch,product launch,0.0,0.0,0.0,0.0,0.0,0.0,0.0,0.0,0.5,0.5650000000000001,0.0,0.35,0.5650000000000001,0.68,0.6,rules,kg-v2,2026-09-28T13:05:43+00:00
2139d13b9a8d3493,0e8e8879fb4df3fe,2026-09-19T10:30:00+00:00,NVDA,product_launch,product launch,0.0,0.0,0.0,0.0,0.0,0.0,0.0,0.0,0.5,0.5650000000000001,0.0,0.35,0.5650000000000001,0.68,0.6,rules,kg-v2,2026-09-28T13:05:43+00:00
e7a74d563fe01ba0,5b64cdb2fa43f3fe,2026-09-19T07:00:00+00:00,AAPL,product_launch,product launch,0.0,0.0,0.0,0.0,0.0,0.0,0.0,0.0,0.5,0.5650000000000001,0.0,0.35,0.5650000000000001,0.68,0.6,rules,kg-v2,2026-09-28T13:05:43+00:00
481910a214bc7e9c,091b0dd8f1d3a013,2026-09-19T07:00:00+00:00,TSLA,product_launch,product launch,0.0,0.0,0.0,0.0,0.0,0.0,0.0,0.0,0.5,0.485,0.0,0.35,0.485,0.72,0.6,rules,kg-v2,2026-09-28T13:05:43+00:00
fd982b86c55ee226,2d8bd1711f43312f,2026-09-19T07:00:00+00:00,VGT,product_launch,product launch,0.0,0.0,0.0,0.0,0.0,0.0,0.0,0.0,0.5,0.585,0.0,0.35,0.585,0.72,0.6,rules,kg-v2,2026-09-28T13:05:43+00:00
33ec2ea3673df8f0,272cca212085fed4,2026-09-18T13:38:00+00:00,SMH,product_launch,AI / 晶片,0.0,0.0,0.0,0.0,0.0,0.0,0.4,0.0,0.5,0.5650000000000001,0.0,0.35,0.5650000000000001,0.68,0.6,rules,kg-v2,2026-09-28T13:05:43+00:00
b031b63e9ecf4b40,915420347333c78e,2026-09-18T13:38:00+00:00,SOXX,product_launch,AI / 晶片,0.0,0.0,0.0,0.0,0.0,0.0,0.4,0.0,0.5,0.5650000000000001,0.0,0.35,0.5650000000000001,0.68,0.6,rules,kg-v2,2026-09-28T13:05:43+00:00
