decision_id,date,status,category,title,decision,reason,impact_scope,superseded_by
D-001,2026-05-18,已執行,部署,Streamlit Cloud 雲端部署,儀表板部署到 GitHub 與 Streamlit Community Cloud,讓手機與電腦關閉時仍可查看,前台與更新流程,
D-002,2026-05-19,已執行,更新機制,資料更新改走 GitHub Actions,市場資料與新聞更新應盡量不依賴 Codex 常駐,降低人工介入與本機依賴,資料更新與快取,
D-003,2026-05-20,已執行,持倉,新增我的持倉監控,加入持倉頁總覽風險警示與操作建議,讓個人投資部位與市場風險連動可視化,持倉頁與組合分析,
D-004,2026-05-21,已執行,探索,候選觀察股改為每日 Top 15 紀錄,系統每天記錄 Top 15 但前台預設顯示 Top 5,兼顧資訊密度與可讀性,候選觀察股與歷史排行,
D-005,2026-05-22,已執行,知識圖譜,建立 KG v2 基礎架構,以 Fact Narrative Market Reaction 為核心,避免系統退化成情緒化摘要,金融知識圖譜,
D-006,2026-05-23,已執行,治理,資料治理採分層處理,正式資料觀察資料拒收資料分層並對不確定資訊設保留期,降低垃圾資料污染,新聞與治理流程,
D-007,2026-07-15,已執行,記憶,建立專案記憶系統,避免聊天壓縮後遺失重要上下文與已確認決策,專案管理與長期維運,
D-008,2026-07-17,已執行,資料健康,增加最新掃描時間與掃描結果,區分最後一筆符合條件資料與系統最後一次掃描避免誤判未更新,資料健康檢查與大盤事件窗,
D-009,2026-07-17,已執行,LSTM,分離訓練特徵與日常監控特徵並加入即時推論,避免每6小時更新覆蓋訓練資料；即時推論不等待未來報酬標籤,模型資料層與預測頁,
