symbol,window_type,direction,start_date,end_date,trading_days,window_return,max_drawdown,max_rebound,vix_level,hy_oas_level,news_fear_score,news_hype_score,policy_risk_score,market_mood_score,market_mood_label,historical_window,data_origin
QQQ,down_10_event,down,2026-06-30,2026-07-29,20,-0.10139879141620589,-0.10139879141620589,0.02266612879527896,20.65999984741211,2.72,0.0,0.0,0.0,9.29,防守,近1年基準窗,reconstructed
QQQ,up_10_event,up,2026-04-28,2026-05-26,20,0.11060753724254946,-0.025368396266057913,0.11060753724254946,17.010000228881836,2.72,0.0,0.0,0.0,44.74,中性,近1年基準窗,reconstructed
VOO,up_10_event,up,2026-03-26,2026-04-24,20,0.10685814995223741,-0.020433413080666818,0.1299468200862457,18.709999084472656,2.86,0.0,0.0,0.0,19.83,防守,近1年基準窗,reconstructed
QQQ,up_10_event,up,2026-03-20,2026-04-20,20,0.11260946982582154,-0.05054414763034165,0.1622301819736791,18.8700008392334,2.87,0.0,0.0,0.0,14.99,防守,近1年基準窗,reconstructed
VOO,up_10_event,up,2025-04-07,2025-05-06,20,0.10790422182155934,-0.0535564062685584,0.14005788932604624,24.760000228881836,3.66,0.0,0.0,0.0,0.0,防守,outside_named_windows,reconstructed
QQQ,up_10_event,up,2025-04-04,2025-05-05,20,0.14966753723369952,-0.07057938064269698,0.1749025521429961,23.639999389648438,3.6,0.0,0.0,0.0,4.85,防守,outside_named_windows,reconstructed
VOO,down_10_event,down,2025-03-07,2025-04-04,20,-0.11779958608624586,-0.11969489646729459,0.04654394025514419,45.310001373291016,4.45,0.0,0.0,0.0,0.0,防守,outside_named_windows,reconstructed
QQQ,down_10_event,down,2025-02-10,2025-03-11,20,-0.10892764224673224,-0.1258896564203179,0.02183773012954604,26.920000076293945,3.22,0.0,0.0,0.0,0.0,防守,outside_named_windows,reconstructed
QQQ,down_10_event,down,2024-07-08,2024-08-05,20,-0.12460287785073865,-0.13438447801530085,0.029593688867550316,38.56999969482422,3.93,0.0,0.0,0.0,0.0,防守,升息+AI主線,reconstructed
VOO,up_10_event,up,2023-10-26,2023-11-24,20,0.10387837375993025,-0.007543543558711785,0.10879364883862563,12.460000038146973,3.85,0.0,0.0,0.0,36.42,風險升溫,升息+AI主線,reconstructed
QQQ,up_10_event,up,2023-10-25,2023-11-22,20,0.11337583816153485,-0.019067194849666458,0.1369958909099218,12.850000381469727,3.9,0.0,0.0,0.0,30.29,風險升溫,升息+AI主線,reconstructed
QQQ,up_10_event,up,2023-05-03,2023-06-01,20,0.10942675115497824,-0.017740683251285416,0.11335673442192751,15.649999618530273,4.65,0.0,0.0,0.0,50.36,中性,升息+AI主線,reconstructed
QQQ,up_10_event,up,2023-03-10,2023-04-10,20,0.10331707616410313,-0.015610821987690704,0.11393803780029521,18.969999313354492,,0.0,0.0,0.0,44.8,中性,升息+AI主線,reconstructed
QQQ,up_10_event,up,2022-12-27,2023-01-26,20,0.11290647632447048,-0.022696594254129066,0.12779659127750098,18.729999542236328,,0.0,0.0,0.0,13.7,防守,升息+AI主線,reconstructed
QQQ,up_10_event,up,2022-10-14,2022-11-11,20,0.10439522510751842,-0.08345940674397456,0.10545488788436153,22.520000457763672,,0.0,0.0,0.0,8.29,防守,升息+AI主線,reconstructed
VOO,up_10_event,up,2022-10-14,2022-11-11,20,0.11413344254799695,-0.04630897457797256,0.11413344254799695,22.520000457763672,,0.0,0.0,0.0,8.29,防守,升息+AI主線,reconstructed
QQQ,down_10_event,down,2022-09-14,2022-10-12,20,-0.11113058038298962,-0.11113058038298962,0.055638861617115065,33.56999969482422,,0.0,0.0,0.0,0.0,防守,升息+AI主線,reconstructed
VOO,down_10_event,down,2022-08-25,2022-09-23,20,-0.11951378668872303,-0.11951378668872303,0.051831733049452655,29.920000076293945,,0.0,0.0,0.0,0.0,防守,升息+AI主線,reconstructed
QQQ,down_10_event,down,2022-08-15,2022-09-13,20,-0.11817716395446776,-0.12012877795070942,0.060365541071695006,27.270000457763672,,0.0,0.0,0.0,9.33,防守,升息+AI主線,reconstructed
VOO,up_10_event,up,2022-07-13,2022-08-10,20,0.10822127871853993,-0.02002240784449416,0.11115566039493929,19.739999771118164,,0.0,0.0,0.0,31.82,風險升溫,升息+AI主線,reconstructed
QQQ,up_10_event,up,2022-07-06,2022-08-03,20,0.11804039157828972,-0.042325508115995114,0.13036909052094292,21.950000762939453,,0.0,0.0,0.0,19.31,防守,升息+AI主線,reconstructed
QQQ,down_10_event,down,2022-06-02,2022-07-01,20,-0.10085818091266541,-0.13674536542500348,0.08764594771885403,26.700000762939453,,0.0,0.0,0.0,0.0,防守,升息+AI主線,reconstructed
VOO,down_10_event,down,2022-04-08,2022-05-09,20,-0.11087902413940598,-0.11087902413940598,0.04129923607168595,34.75,,0.0,0.0,0.0,0.0,防守,升息+AI主線,reconstructed
QQQ,down_10_event,down,2022-04-06,2022-05-05,20,-0.11396708379561293,-0.11606903466108853,0.05219455909466575,31.200000762939453,,0.0,0.0,0.0,0.0,防守,升息+AI主線,reconstructed
QQQ,up_10_event,up,2022-03-07,2022-04-04,20,0.13820291310967026,-0.050210132264599694,0.16808259919514157,18.56999969482422,,0.0,0.0,0.0,14.56,防守,升息+AI主線,reconstructed
QQQ,down_10_event,down,2021-12-22,2022-01-21,20,-0.10727232986189217,-0.12835827214954554,0.024191065679764145,28.850000381469727,,0.0,0.0,0.0,0.0,防守,升息+AI主線,reconstructed
QQQ,up_10_event,up,2021-10-08,2021-11-05,20,0.10366602501652,-0.011130671138193327,0.11608884288770982,16.479999542236328,,0.0,0.0,0.0,16.31,防守,疫情/流動性衝擊,reconstructed
QQQ,up_10_event,up,2021-03-08,2021-04-06,20,0.10434714272368506,-0.031614832192324305,0.10511481033549708,18.1200008392334,,0.0,0.0,0.0,20.26,防守,疫情/流動性衝擊,reconstructed
QQQ,up_10_event,up,2020-10-30,2020-11-30,20,0.11225795019415608,-0.03798206963211326,0.11225795019415608,20.56999969482422,,0.0,0.0,0.0,15.58,防守,疫情/流動性衝擊,reconstructed
VOO,up_10_event,up,2020-10-28,2020-11-25,20,0.11037468575524856,-0.019549483673896084,0.11313444281245943,21.25,,0.0,0.0,0.0,21.43,防守,疫情/流動性衝擊,reconstructed
QQQ,up_10_event,up,2020-07-24,2020-08-21,20,0.10295029998527405,-0.034408826910386825,0.10295029998527405,22.540000915527344,,0.0,0.0,0.0,30.57,風險升溫,疫情/流動性衝擊,reconstructed
QQQ,up_10_event,up,2020-06-11,2020-07-10,20,0.1299419092223939,-0.0346407113552476,0.1299419092223939,27.290000915527344,,0.0,0.0,0.0,25.4,風險升溫,疫情/流動性衝擊,reconstructed
QQQ,up_10_event,up,2020-05-12,2020-06-10,20,0.10849996296842002,-0.01251574733185501,0.12254950899044248,27.56999969482422,,0.0,0.0,0.0,39.34,風險升溫,疫情/流動性衝擊,reconstructed
VOO,up_10_event,up,2020-05-07,2020-06-05,20,0.11064447888993567,-0.03749713513889619,0.13476854689113038,24.520000457763672,,0.0,0.0,0.0,40.97,中性,疫情/流動性衝擊,reconstructed
QQQ,up_10_event,up,2020-04-13,2020-05-11,20,0.11742119892014968,-0.04830678374959552,0.11742119892014968,27.56999969482422,,0.0,0.0,0.0,18.8,防守,疫情/流動性衝擊,reconstructed
QQQ,up_10_event,up,2020-03-12,2020-04-09,20,0.13516817858824814,-0.119787574555144,0.18894272804474133,41.66999816894531,,0.0,0.0,0.0,18.88,防守,疫情/流動性衝擊,reconstructed
VOO,up_10_event,up,2020-03-12,2020-04-09,20,0.12888566991981687,-0.17513326819834063,0.25162777638476275,41.66999816894531,,0.0,0.0,0.0,18.88,防守,疫情/流動性衝擊,reconstructed
QQQ,down_10_event,down,2020-02-07,2020-03-09,20,-0.1554537221402481,-0.18317980403421164,0.06117510277112648,54.459999084472656,,0.0,0.0,0.0,0.0,防守,疫情/流動性衝擊,reconstructed
VOO,down_10_event,down,2020-02-06,2020-03-06,20,-0.10981124675337217,-0.12601301726988712,0.057922595869036586,41.939998626708984,,0.0,0.0,0.0,0.0,防守,疫情/流動性衝擊,reconstructed
QQQ,down_10_event,down,2019-05-03,2019-06-03,20,-0.10983206436000958,-0.10983206436000958,0.03555853626366745,18.860000610351562,,0.0,0.0,0.0,0.0,防守,貿易戰/關稅,reconstructed
VOO,up_10_event,up,2019-01-03,2019-02-01,20,0.10565693345445659,-0.013310542725898378,0.10565693345445659,16.139999389648438,,0.0,0.0,0.0,24.11,防守,貿易戰/關稅,reconstructed
QQQ,down_10_event,down,2018-12-03,2019-01-03,20,-0.1281343374943733,-0.16491310878892274,0.07930335633873331,25.450000762939453,,0.0,0.0,0.0,0.0,防守,貿易戰/關稅,reconstructed
VOO,down_10_event,down,2018-11-23,2018-12-24,20,-0.10650622393722498,-0.15734227782287669,0.06032823594651182,36.06999969482422,,0.0,0.0,0.0,0.0,防守,貿易戰/關稅,reconstructed
QQQ,down_10_event,down,2018-09-26,2018-10-24,20,-0.10272983627042176,-0.11188722600713963,0.04534163517764633,25.229999542236328,,0.0,0.0,0.0,0.0,防守,貿易戰/關稅,reconstructed
QQQ,up_10_event,up,2018-02-08,2018-03-09,20,0.1284457462590063,-0.03474179026050572,0.1284457462590063,14.640000343322754,,0.0,0.0,0.0,18.33,防守,貿易戰/關稅,reconstructed
QQQ,up_10_event,up,2016-06-27,2016-07-26,20,0.1131868759217376,-0.006106564198702702,0.1131868759217376,13.050000190734863,,0.0,0.0,0.0,34.1,風險升溫,outside_named_windows,reconstructed
QQQ,up_10_event,up,2016-02-11,2016-03-11,20,0.10295135989554671,-0.01645980243200451,0.10295135989554671,16.5,,0.0,0.0,0.0,16.44,防守,outside_named_windows,reconstructed
VOO,up_10_event,up,2016-02-11,2016-03-11,20,0.10900444715067037,-0.012542521673456597,0.10900444715067037,16.5,,0.0,0.0,0.0,16.44,防守,outside_named_windows,reconstructed
QQQ,down_10_event,down,2015-12-16,2016-01-15,20,-0.11258129298969155,-0.11776030928558867,0.04069924163764904,27.020000457763672,,0.0,0.0,0.0,0.0,防守,outside_named_windows,reconstructed
QQQ,up_10_event,up,2015-09-28,2015-10-26,20,0.12861298808871724,-0.011219379940836216,0.13451281586064057,15.289999961853027,,0.0,0.0,0.0,20.58,防守,outside_named_windows,reconstructed
VOO,up_10_event,up,2015-09-28,2015-10-26,20,0.10132899967499687,-0.011309354183249076,0.10394084070942,15.289999961853027,,0.0,0.0,0.0,20.58,防守,outside_named_windows,reconstructed
VOO,down_10_event,down,2015-07-28,2015-08-25,20,-0.10599838725285893,-0.11242796287114099,0.012692162471440227,36.02000045776367,,0.0,0.0,0.0,0.0,防守,outside_named_windows,reconstructed
QQQ,down_10_event,down,2015-07-27,2015-08-24,20,-0.10637160149030345,-0.12285072010074183,0.018787131207963936,40.7400016784668,,0.0,0.0,0.0,0.0,防守,outside_named_windows,reconstructed
QQQ,up_10_event,up,2014-10-14,2014-11-11,20,0.10013970351689516,-0.012692518698944166,0.11428275826204715,12.920000076293945,,0.0,0.0,0.0,25.73,風險升溫,outside_named_windows,reconstructed
QQQ,up_10_event,up,2011-12-19,2012-01-19,20,0.10295189788876336,-0.014303369614699135,0.10295189788876336,19.8700008392334,,0.0,0.0,0.0,17.96,防守,outside_named_windows,reconstructed
QQQ,up_10_event,up,2011-09-30,2011-10-28,20,0.12288071129784606,-0.027328893332105975,0.1525224715582605,24.530000686645508,,0.0,0.0,0.0,27.32,風險升溫,outside_named_windows,reconstructed
VOO,up_10_event,up,2011-09-29,2011-10-27,20,0.1084500442692895,-0.05375360417781028,0.17141798284596033,25.459999084472656,,0.0,0.0,0.0,26.41,風險升溫,outside_named_windows,reconstructed
QQQ,up_10_event,up,2011-08-18,2011-09-16,20,0.11275720480677442,-0.03414437688709471,0.1332192872228175,30.979999542236328,,0.0,0.0,0.0,17.54,防守,outside_named_windows,reconstructed
QQQ,down_10_event,down,2011-07-11,2011-08-08,20,-0.12715700451272938,-0.15160179362152537,0.04449125934667997,48.0,,0.0,0.0,0.0,0.0,防守,outside_named_windows,reconstructed
VOO,down_10_event,down,2011-07-07,2011-08-04,20,-0.11145200665647359,-0.11145200665647359,0.030643343154602265,31.65999984741211,,0.0,0.0,0.0,0.0,防守,outside_named_windows,reconstructed
QQQ,up_10_event,up,2010-08-23,2010-09-21,20,0.10014215469548482,-0.02293147280521657,0.12619286096637428,22.350000381469727,,0.0,0.0,0.0,23.5,防守,outside_named_windows,reconstructed
QQQ,down_10_event,down,2010-04-22,2010-05-20,20,-0.11846524711177842,-0.12212956459527446,0.07068987634646562,45.790000915527344,,0.0,0.0,0.0,0.0,防守,outside_named_windows,reconstructed
QQQ,up_10_event,up,2010-02-10,2010-03-11,20,0.10065019961173127,-0.015384242211885168,0.10065019961173127,18.059999465942383,,0.0,0.0,0.0,43.21,中性,outside_named_windows,reconstructed
QQQ,up_10_event,up,2009-06-23,2009-07-22,20,0.10000064978868939,-0.052674986912410904,0.11497311721553927,23.469999313354492,,0.0,0.0,0.0,41.92,中性,金融危機,reconstructed
QQQ,up_10_event,up,2009-05-13,2009-06-11,20,0.11508237098497442,-0.02500050769759521,0.1190193145434657,28.110000610351562,,0.0,0.0,0.0,41.58,中性,金融危機,reconstructed
QQQ,up_10_event,up,2009-04-07,2009-05-06,20,0.11489483950216672,-0.032122944700715306,0.11553174515949594,32.45000076293945,,0.0,0.0,0.0,47.11,中性,金融危機,reconstructed
QQQ,up_10_event,up,2009-03-06,2009-04-03,20,0.23207181562665813,-0.04298010725689039,0.25887709218645205,39.70000076293945,,0.0,0.0,0.0,49.71,中性,金融危機,reconstructed
QQQ,down_10_event,down,2009-02-04,2009-03-05,20,-0.11367444630412493,-0.15841288210280802,0.053159601480673224,50.16999816894531,,0.0,0.0,0.0,1.5,防守,金融危機,reconstructed
QQQ,up_10_event,up,2008-11-19,2008-12-18,20,0.10424425571031559,-0.08245351944194013,0.1956179731900507,47.34000015258789,,0.0,0.0,0.0,0.0,防守,金融危機,reconstructed
QQQ,down_10_event,down,2008-10-13,2008-11-10,20,-0.12411067727624481,-0.18331917318718305,0.17636784896472424,59.97999954223633,,0.0,0.0,0.0,0.0,防守,金融危機,reconstructed
QQQ,down_10_event,down,2008-09-10,2008-10-08,20,-0.24271385527082734,-0.2566093059712128,0.06761872963225612,57.529998779296875,,0.0,0.0,0.0,0.0,防守,金融危機,reconstructed
QQQ,down_10_event,down,2008-08-11,2008-09-09,20,-0.11099478327920431,-0.12020692598643057,0.014645492534300253,25.469999313354492,,0.0,0.0,0.0,0.0,防守,金融危機,reconstructed
QQQ,down_10_event,down,2008-06-04,2008-07-02,20,-0.1008601536121837,-0.11491231314811201,0.030187503914379077,25.920000076293945,,0.0,0.0,0.0,5.08,防守,金融危機,reconstructed
QQQ,up_10_event,up,2008-04-14,2008-05-12,20,0.11365765966913521,-0.018189439425356224,0.11365765966913521,17.790000915527344,,0.0,0.0,0.0,43.03,中性,金融危機,reconstructed
QQQ,up_10_event,up,2008-03-10,2008-04-08,20,0.1014422341486747,-0.03624459158676707,0.1123569130932196,22.360000610351562,,0.0,0.0,0.0,6.35,防守,金融危機,reconstructed
QQQ,down_10_event,down,2008-01-09,2008-02-07,20,-0.10037571839087123,-0.10793878870741602,0.03637253894528114,27.65999984741211,,0.0,0.0,0.0,0.0,防守,金融危機,reconstructed
QQQ,down_10_event,down,2007-12-07,2008-01-08,20,-0.10244756264470867,-0.10628606028814114,0.056801769954893944,25.43000030517578,,0.0,0.0,0.0,0.0,防守,金融危機,reconstructed
QQQ,up_10_event,up,2007-09-10,2007-10-08,20,0.10327004173619381,-0.00833000344234458,0.10327004173619381,17.459999084472656,,0.0,0.0,0.0,30.91,風險升溫,outside_named_windows,reconstructed
