symbol,title,source,source_url,source_domain,source_reliability_score,published,tags,link,quality_score,fetched_at_utc,normalized_title,duplicate_key,duplicate_count,title_noise_score,governance_dataset,governance_status,governance_reason,retention_days,first_seen_at_utc,expires_at_utc,official_ready,usable_for_sentiment
AAPL,Nvidia Earned About Twice as Much as Apple Last Quarter. Its Stock Is Worth Only About 20% More. - The Motley Fool,The Motley Fool,https://www.fool.com,fool.com,0.62,2026-10-07 21:37:00+00:00,財報/財測,https://news.google.com/rss/articles/CBMi0gFBVV95cUxNbExHTUpudDJ6QXBXNHdQdXlZTktLMi12QjlkbksyQ192clZvSEZtNzVfcDJHMnZPOV9KRUo3RUVoZF8zdnF5ZGtzb1V6M2tpSTVDV1FQVlRJa2dOblJ6RlpYQmNHcTBwYW1JdGRiVVJ5REdWdnViaUdQTjVZcFlXZEFna1dFTzVPbl9ONmNGSzRpMTg1SFQ4U3VMVWJrRFNIN2U4OWk4TlU3aVBKTEJRbVJ0MV9CNDNKYTVDeWhKYVg2VDhzeUJGOGhRTWY4TkI2bHc?oc=5,71.6,2026-10-08T04:41:57+00:00,nvidia earned about twice as much as apple last quarter its stock is worth only about 20 more the motley fool,nvidia earned about twice as much as apple last quarter its stock is worth only about 20 more the motley fool,1,0.045112781954887216,watchlist_news,official,passed_basic_checks,3650,2026-10-08T04:41:57+0000,2036-10-05T04:41:57+0000,True,True
VGT,"VGT: Vanguard Information Technology ETF Latest Stock Price, Analysis, News and Trading Ideas - Stocktwits",Stocktwits,https://stocktwits.com,stocktwits.com,0.62,2026-10-07 20:50:54+00:00,未分類,https://news.google.com/rss/articles/CBMiSEFVX3lxTFBQbkZhMm9kLWpjRnRwNXFRM2tkT2lLR0NKNGJxRWJMT0g5TmhaV2ZuUGlhNldDR0FHUzlBYzU1eUZRa3pRTll0Zg?oc=5,62.85,2026-10-08T04:41:57+00:00,vgt vanguard information technology etf latest stock price analysis news and trading ideas stocktwits,vgt vanguard information technology etf latest stock price analysis news and trading ideas stocktwits,1,0.04851752021563343,watchlist_news,official,passed_basic_checks,3650,2026-10-08T04:41:57+0000,2036-10-05T04:41:57+0000,True,True
TSLA,Which Dates Could Move Tesla Stock Most? - Trefis,Trefis,https://www.trefis.com,trefis.com,0.62,2026-10-07 20:42:40+00:00,未分類,https://news.google.com/rss/articles/CBMiogFBVV95cUxOaDdBeVEtT3d3dW1jcFpmRmtRYTBhNjJ6Y3lZdzJmcnJMdGM5QWJjT05oUmczNjNPNkNqZzBmOThVRUwyZHc1cmp1Z1UwMVhBOWNpaTlHMHpPQkl6aGdZSllVY0lJMjVwaTRtaWZWeTE4YVQzNXRsTHMtaHhfWkQ4eGFqYU9SVk5neEt4YXBZYzdCbGlLbEVORVoyYWg4TWJ1Y3c?oc=5,56.85,2026-10-08T04:41:57+00:00,which dates could move tesla stock most trefis,which dates could move tesla stock most trefis,1,0.052478134110787174,watchlist_news,official,passed_basic_checks,3650,2026-10-08T04:41:57+0000,2036-10-05T04:41:57+0000,True,True
NVDA,"SpaceX Seeks $40 Billion To Buy Nvidia AI Chips, Starlink Wins New FCC Approval - Investor's Business Daily",Investor's Business Daily,https://www.investors.com,investors.com,0.8,2026-10-07 20:40:00+00:00,AI/晶片,https://news.google.com/rss/articles/CBMivgFBVV95cUxPXzcyM2Y3ZVhKY3RjSGd3dk1Qa1B5bGFSR3ZraFlYWG4zVHo1LXRjeXh3Zmo1U3ZsOU84YjZqM2R6SER1ay14NXBYd1BRU0pVTkFNSGQzZHk0VGt5blpPSHlwX1ZmVU54b2FjOV96bWxnLXJlSmszeWhqZXVrOGw0dUVXLWNNeERrcFdNTmFEN01NQy10UUNZX0FZRnFVVGluUERkbmRqYnVRYjZfWjA5Qmo1aV95MERfQy04Qzh3?oc=5,79.5,2026-10-08T04:41:57+00:00,spacex seeks 40 billion to buy nvidia ai chips starlink wins new fcc approval investor s business daily,spacex seeks 40 billion to buy nvidia ai chips starlink wins new fcc approval investor s business daily,1,0.04806408544726302,watchlist_news,official,passed_basic_checks,3650,2026-10-08T04:41:57+0000,2036-10-05T04:41:57+0000,True,True
XLK,Foreign ETFs Draw Nearly Double U.S. Large-Cap Flows - ETF Database,ETF Database,https://etfdb.com,etfdb.com,0.62,2026-10-07 19:32:33+00:00,未分類,https://news.google.com/rss/articles/CBMimAFBVV95cUxQMWxzUDlzd3Btck93Tk1ac0FYUEpIaExvQWpvTTIybnBUbk1mS1BWYldPU0tzYVg5bmhtRkRHTkk4SHRXSFhFLTZsLWhGa2R6aFBrZkVuLUxBal9kRmx2THJIUG9CLWNkVkJMWm5WaDFuV1RCYm5TQlB1NWo1S1JkSWVLNmI5OUZCZ2U1MWZiS01KR1N5My0tVA?oc=5,58.85,2026-10-08T04:41:57+00:00,foreign etfs draw nearly double u s large cap flows etf database,foreign etfs draw nearly double u s large cap flows etf database,1,0.0767590618336887,watchlist_news,official,passed_basic_checks,3650,2026-10-08T04:41:57+0000,2036-10-05T04:41:57+0000,True,True
AMZN,AMZN Stock Soars 7% After-Hours — Amazon’s Q2’26 AWS Sales Grow At Fastest Pace In Five Years - Stocktwits,Stocktwits,https://stocktwits.com,stocktwits.com,0.62,2026-10-07 19:31:58+00:00,產品/需求,https://news.google.com/rss/articles/CBMivAFBVV95cUxOMDU0bXJZTDI4WGpMWFJFYTVXeDR6LTN1Z3hFUHdaQ29kS1dRd3dpYU5TNXpiX0l2MUpLOTVUeGNkQWM0VFpra1M1dlNyU1ZhaWZCaEp1N3lCUnhjX1J3TEJNVjQtZFY2ZURmZEJxQ25NOFA0XzVkUzZxX2tWblJKY0pjandZQjVrZU5JVzBraUtnVS1TOEJqZ3prWnVkR2NTQjFIM0FVS1N4ZkpMT0dRR2V0XzRVb2ZfOUNzSA?oc=5,70.6,2026-10-08T04:41:57+00:00,amzn stock soars 7 after hours amazon s q2 26 aws sales grow at fastest pace in five years stocktwits,amzn stock soars 7 after hours amazon s q2 26 aws sales grow at fastest pace in five years stocktwits,1,0.07277628032345014,watchlist_news,official,passed_basic_checks,3650,2026-10-08T04:41:57+0000,2036-10-05T04:41:57+0000,True,True
IGV,"iShares North American Tech-Software ETF (IGV) stock price, news, quote and history - Yahoo Finance UK",Yahoo Finance UK,https://uk.finance.yahoo.com,uk.finance.yahoo.com,0.72,2026-10-07 16:10:53+00:00,大盤風險；國際/戰爭,https://news.google.com/rss/articles/CBMiUEFVX3lxTE14Z2hIbFREbXQ5SERNVF9WaWJvVXJxck9tSTNlVDVMT1RzVzZiZ2FQWVVmaWJwT3ZhcFlRZk5VamVqTW5MR2lQRjJ6TVZHZnE5?oc=5,76.85,2026-10-08T04:41:57+00:00,ishares north american tech software etf igv stock price news quote and history yahoo finance uk,ishares north american tech software etf igv stock price news quote and history yahoo finance uk,1,0.07563025210084034,watchlist_news,official,passed_basic_checks,3650,2026-10-08T04:41:57+0000,2036-10-05T04:41:57+0000,True,True
SMH,Wave Five Breakout in SMH: Finding Setups in Real Time Using EWAVES - Elliott Wave International,Elliott Wave International,https://www.elliottwave.com,elliottwave.com,0.62,2026-10-07 14:55:29+00:00,未分類,https://news.google.com/rss/articles/CBMipwFBVV95cUxOVUFvcVhmeDRXMGhjcDR4SFI0TUFXWkk1UkhGalptNk5jVTdubjZ1UHVoOTdKWG1sQTdXUEpleWw5OHhmb0NwZUtsUzRlcHlIMHVkbEhxWThYUzh4Y2NKaWVWMk55eWpXc09Mem5qWUc2SEhlcFp1UmVEZk9KLW9UWjVpTHZYZGNwcnJWZmJhNVNiVlQyV3RhaDhITzZaN19BSmNqZXZmYw?oc=5,63.85,2026-10-08T04:41:57+00:00,wave five breakout in smh finding setups in real time using ewaves elliott wave international,wave five breakout in smh finding setups in real time using ewaves elliott wave international,1,0.026785714285714288,watchlist_news,official,passed_basic_checks,3650,2026-10-08T04:41:57+0000,2036-10-05T04:41:57+0000,True,True
XLK,Earnings Season Playbook: The Sector ETFs to Watch as Q3 Results Roll In - ETF.com,ETF.com,https://www.etf.com,etf.com,0.62,2026-10-07 14:45:46+00:00,財報/財測,https://news.google.com/rss/articles/CBMilwFBVV95cUxPRkF0aHU4SThGb1AweHVzRWpNa20wMUM5d0pIeWtIV28zZHlwakI2a1dHZHp5dGVtODBNYnFMRlpvOHB0Ty00dHcwTFBxQkI0b2FkVkpRMnhzUGw5Nk83eVdyNk9zYTEtTllqZkxka01RRnpGQWVNN3BzRk5hZmFtZmZwcFVQTEpkNlVYX1pPeWozc3JOcm5j?oc=5,66.6,2026-10-08T04:41:57+00:00,earnings season playbook the sector etfs to watch as q3 results roll in etf com,earnings season playbook the sector etfs to watch as q3 results roll in etf com,1,0.047038327526132406,watchlist_news,official,passed_basic_checks,3650,2026-10-08T04:41:57+0000,2036-10-05T04:41:57+0000,True,True
VGT,OPPENHEIMER & CO INC's Vanguard Information Technology ETF(VGT) Holding History - GuruFocus,GuruFocus,https://www.gurufocus.com,gurufocus.com,0.62,2026-10-07 14:44:39+00:00,未分類,https://news.google.com/rss/articles/CBMifkFVX3lxTE1ra1hHUERxbEt2bUY4RnhxNkZyTEpPU0RfY2RxWENEaWZtQmFoY3ZIaFpNbU1GM3FkUkhLajhtTS1UZEUyb0Joc1FMV0RycUJ3N2gxcEdoSG94QWQxZlJhZEZ0YnBEekYtTV93SXo5MEFaZWpIbmo1MFVwRGtaZw?oc=5,59.85,2026-10-08T04:41:57+00:00,oppenheimer co inc s vanguard information technology etf vgt holding history gurufocus,oppenheimer co inc s vanguard information technology etf vgt holding history gurufocus,1,0.0706436420722135,watchlist_news,official,passed_basic_checks,3650,2026-10-08T04:41:57+0000,2036-10-05T04:41:57+0000,True,True
XLK,"Technology Survived September, But I'm Downgrading XLK (SPY) - Seeking Alpha",Seeking Alpha,https://seekingalpha.com,seekingalpha.com,0.62,2026-10-07 12:30:00+00:00,未分類,https://news.google.com/rss/articles/CBMimAFBVV95cUxQdUphQUpMVE5tdW9jclMwdWZHMzRhdWo3YVkzMW1rTF95RkhPdTZFek4xQkVKblFuLUR6UEZ4cDdEUUpGbU12WXdQX3EyV3lVZzhSbFU1NEEzakdNZTJGWGVTY2ItV3FPaWpxTk91R051ejEyT09WREpscWFZdjVyRjRlc1BxVVlXWE5lZlZTLWR4emtUN0JQcw?oc=5,58.85,2026-10-08T04:41:57+00:00,technology survived september but i m downgrading xlk spy seeking alpha,technology survived september but i m downgrading xlk spy seeking alpha,1,0.08458646616541353,watchlist_news,official,passed_basic_checks,3650,2026-10-08T04:41:57+0000,2036-10-05T04:41:57+0000,True,True
VGT,"Vanguard Information Technology Index Fund ETF Shares (VGT) Stock Price, News, Quote & History - Yahoo! Finance Canada",Yahoo! Finance Canada,https://ca.finance.yahoo.com,ca.finance.yahoo.com,0.72,2026-10-07 12:13:49+00:00,未分類,https://news.google.com/rss/articles/CBMiUEFVX3lxTE5pZG5zZ0Zhd2NYS3lUU3psREdTTkwxazRGR2dzWnk1a0pGTElSVGtSSFYyUWFJb2dNRHpLblhjb0QtcXpkTjZWeDRzejQzb2Jr?oc=5,71.35,2026-10-08T04:41:57+00:00,vanguard information technology index fund etf shares vgt stock price news quote history yahoo finance canada,vanguard information technology index fund etf shares vgt stock price news quote history yahoo finance canada,1,0.07627118644067797,watchlist_news,official,passed_basic_checks,3650,2026-10-08T04:41:57+0000,2036-10-05T04:41:57+0000,True,True
IGV,Is AI Breaking Software Trade? IGV ETF Logs Worst Quarter Since 2008 Crisis - Stocktwits,Stocktwits,https://stocktwits.com,stocktwits.com,0.62,2026-10-07 00:25:41+00:00,AI/晶片；財報/財測；大盤風險；國際/戰爭,https://news.google.com/rss/articles/CBMi5wFBVV95cUxNcmJ4VTRsNWx5T3gxNlNLTHN4SUFtX2dUaFVzbE5CNnJISk1UbFBmbzRmZXN0akNnM0JzeG5YakI1X2VnWmFLbnV1Q1BIYzczdHVvcEhwN2lhcndzek1iMzZWcGVuSTBrbWNpYVhjWGlKMDFGODhVVGhINGo1RVRRUEFJTHhiM1pLQVdCd1RvdV9sMXNkcFI4VTBmb25XSXZrdkJuRUlaLU1GZXU2djczanMwS3JiQU8tQ3RDU0lldnZtUnFTbzRZNU9TRnM1elRDRHpqTG9pMVJ3WTJQVk55SjhKcGVIRFk?oc=5,73.76666666666667,2026-10-08T04:41:57+00:00,is ai breaking software trade igv etf logs worst quarter since 2008 crisis stocktwits,is ai breaking software trade igv etf logs worst quarter since 2008 crisis stocktwits,1,0.029220779220779224,watchlist_news,official,passed_basic_checks,3650,2026-10-08T04:41:57+0000,2036-10-05T04:41:57+0000,True,True
QQQ,Are bubble risks in U.S. tech stocks heating up? Bank of America: The Nasdaq 100's rally is overly reliant on a few AI giants; options can be used to capture opportunities. - Moomoo,Moomoo,https://www.moomoo.com,moomoo.com,0.62,2026-10-07 00:09:21+00:00,AI/晶片；大盤風險,https://news.google.com/rss/articles/CBMimgFBVV95cUxPNldVcm5nR3h5Wk4wZGxLcHk4X1ZFNzBFM2lmSFhWbmh2bzZlT3pKMHd6RGRQZWwwVFdPdGlnSjg2bGxfYl94cEtzM1k4UVlaNWMzMFhId3JKRTVVZ3dObzNNTHZnSEtHSUlNZ1BkWFUwWlZGZTZPemF6SDg1emQxaVhfLWphb1p4YnFJX3pIbncydkMtb1RMU2dB?oc=5,75.01666666666667,2026-10-08T04:41:57+00:00,are bubble risks in u s tech stocks heating up bank of america the nasdaq 100 s rally is overly reliant on a few ai giants options can be used to capture opportunities moomoo,are bubble risks in u s tech stocks heating up bank of america the nasdaq 100 s rally is overly reliant on a few ai giants options can be used to capture opportunities moomoo,1,0.056827150749802685,watchlist_news,official,passed_basic_checks,3650,2026-10-08T04:41:57+0000,2036-10-05T04:41:57+0000,True,True
IYW,"XLK Does Not Own Alphabet, Amazon, Meta, Netflix or Tesla. Three Stocks Are 35.87% of It - 24/7 Wall St.",24/7 Wall St.,https://247wallst.com,247wallst.com,0.62,2026-10-06 22:33:00+00:00,未分類,https://news.google.com/rss/articles/CBMiywFBVV95cUxNWWQ0TDB6c1NKVUg4NWdvRXJCVjRMT3VxU2RCS0pPUFR2U2puaDZwei1JTGloRmFFZnM4ZkpQaTJrOEhHLUJrbkdQa2JBbDdlYzdFVmN4dHVrU3B4bUtqNXdwUUlLLWJabHJ2UnRWM2doUnZtdEpmcHR6aGprNHRoeUZHdXhDYVRtT19FSW5vU0hJSUtkOGZ3RDlvODZqVV9fS2hlMExOaGJxbGxBQTFFc3kyYk1Sd0hra3hNWU11YXNUSGp4ajZUZEJwOA?oc=5,67.51666666666667,2026-10-08T04:41:57+00:00,xlk does not own alphabet amazon meta netflix or tesla three stocks are 35 87 of it 24 7 wall st,xlk does not own alphabet amazon meta netflix or tesla three stocks are 35 87 of it 24 7 wall st,2,0.11126373626373627,watchlist_news,official,passed_basic_checks,3650,2026-10-08T04:41:57+0000,2036-10-05T04:41:57+0000,True,True
XLK,"XLK Does Not Own Alphabet, Amazon, Meta, Netflix or Tesla. Three Stocks Are 35.87% of It - 24/7 Wall St.",24/7 Wall St.,https://247wallst.com,247wallst.com,0.62,2026-10-06 22:33:00+00:00,未分類,https://news.google.com/rss/articles/CBMiywFBVV95cUxNWWQ0TDB6c1NKVUg4NWdvRXJCVjRMT3VxU2RCS0pPUFR2U2puaDZwei1JTGloRmFFZnM4ZkpQaTJrOEhHLUJrbkdQa2JBbDdlYzdFVmN4dHVrU3B4bUtqNXdwUUlLLWJabHJ2UnRWM2doUnZtdEpmcHR6aGprNHRoeUZHdXhDYVRtT19FSW5vU0hJSUtkOGZ3RDlvODZqVV9fS2hlMExOaGJxbGxBQTFFc3kyYk1Sd0hra3hNWU11YXNUSGp4ajZUZEJwOA?oc=5,67.51666666666667,2026-10-08T04:41:57+00:00,xlk does not own alphabet amazon meta netflix or tesla three stocks are 35 87 of it 24 7 wall st,xlk does not own alphabet amazon meta netflix or tesla three stocks are 35 87 of it 24 7 wall st,2,0.11126373626373627,watchlist_news,official,passed_basic_checks,3650,2026-10-08T04:41:57+0000,2036-10-05T04:41:57+0000,True,True
SMH,BlackRock's semiconductor ETF outperformed VanE... - Pluang,Pluang,https://pluang.com,pluang.com,0.62,2026-10-06 21:55:00+00:00,AI/晶片,https://news.google.com/rss/articles/CBMihwFBVV95cUxQR0ozZzNWY3V1VWZQYTRLUUFFWFFVS1FZblBvcjFRQW9ORWdOVTlfQV85RHYxbXBUQ05kdXZWa1hXanptN2FjbkRJeWx5cjBnX012TkNqRkdhNUluTWx1dnBNeDh2UjA5eExTVkJLZUdwTjJRVmpzbWwteklCcHZqVzVRVHdXU1U?oc=5,58.266666666666666,2026-10-08T04:41:57+00:00,blackrock s semiconductor etf outperformed vane pluang,blackrock s semiconductor etf outperformed vane pluang,1,0.1089588377723971,watchlist_news,official,passed_basic_checks,3650,2026-10-08T04:41:57+0000,2036-10-05T04:41:57+0000,True,True
SMH,Forget SMH: BlackRock’s Chip Fund Beat It by 22.43 Points Over the Past Year - 24/7 Wall St.,24/7 Wall St.,https://247wallst.com,247wallst.com,0.62,2026-10-06 21:33:00+00:00,AI/晶片,https://news.google.com/rss/articles/CBMivwFBVV95cUxPWU82VWJGTExDTWJGVlp1TzdFbG1WSTBCdkwtTklqcXRJRm01UE91dzFIdkpJdWRxLW1WUFYwenlrWUE5V2tfUE5BZDUzZDNURjFMNHZ4VTdncnlodnEtZlJITGVkQUVTWEhpb1E1UGMtay02ZTZNSFlUaVdNMjU1bFoxa0Y1XzNTam9tSnhyTzJGcHRLR2hoXzVZWExGX1hHeWtSSHl3WUl5U1lBWTRBNnBkd3BRRkRSZklITm9ZWQ?oc=5,69.26666666666667,2026-10-08T04:41:57+00:00,forget smh blackrock s chip fund beat it by 22 43 points over the past year 24 7 wall st,forget smh blackrock s chip fund beat it by 22 43 points over the past year 24 7 wall st,1,0.08385093167701864,watchlist_news,official,passed_basic_checks,3650,2026-10-08T04:41:57+0000,2036-10-05T04:41:57+0000,True,True
QQQ,Is A Tech Bubble Brewing? BofA Analysts Think So; Advises To Buy QQQ Options As A Hedge - TradingView,TradingView,https://www.tradingview.com,tradingview.com,0.62,2026-10-06 21:21:30+00:00,分析師,https://news.google.com/rss/articles/CBMi3wFBVV95cUxOdkt5RUZfeEZHUXZrTC01Yi1XdDJWdk1sU1pidHFPWDN2eDBDN215cWFGbnUzWFRReUVSZldVcnltZWdiZGVkRS1TdmQ5RlNvR1FZTHNBZUVzZVZCZnluTTA4cFQ5OGhudEduN0JjOGh5RHN3MjZkRXBpOGhiN096NFdIbzJxekk2d0gyTkdJWjhyRmpjbzlvOXpmVU5rRUdGS0hudzc2aVh3NEZsaVlkSXlKMnVHSV9BSlN2cXpwdnFCN1ppMXZySmR5TFBZdUczZzJrdThpNW80OVgxZC1Z?oc=5,70.26666666666667,2026-10-08T04:41:57+00:00,is a tech bubble brewing bofa analysts think so advises to buy qqq options as a hedge tradingview,is a tech bubble brewing bofa analysts think so advises to buy qqq options as a hedge tradingview,1,0.03818953323903819,watchlist_news,official,passed_basic_checks,3650,2026-10-08T04:41:57+0000,2036-10-05T04:41:57+0000,True,True
AMD,AMD Rallies On Bullish Takes For AI Hardware Sales - Investor's Business Daily,Investor's Business Daily,https://www.investors.com,investors.com,0.8,2026-10-06 20:40:00+00:00,AI/晶片；大盤風險；國際/戰爭,https://news.google.com/rss/articles/CBMilwFBVV95cUxNSXh3bDgzNGZMRHNMSkZRNUcwTmFfR19wZmViMm5GUnVmY1hoVWFNdkJjTEUzNTQxLUVQNEYxYXlxZTg1WTZpMHRnc2J1S1ZlVEc3UmJodTZnWUFxOUZzdnlKX2dGZkx4ZzFHUGlQVE85VVNkX3hGM1QzcmgxWm5NbHkxWlFpQ1FlNURmWlFZaGxyVnBtaERz?oc=5,81.66666666666667,2026-10-08T04:41:57+00:00,amd rallies on bullish takes for ai hardware sales investor s business daily,amd rallies on bullish takes for ai hardware sales investor s business daily,1,0.03296703296703297,watchlist_news,official,passed_basic_checks,3650,2026-10-08T04:41:57+0000,2036-10-05T04:41:57+0000,True,True
AMD,AMD vs. Marvell Technology: Which AI Chip Stock Is a Better Buy in 2026? - The Motley Fool,The Motley Fool,https://www.fool.com,fool.com,0.62,2026-10-06 20:00:00+00:00,AI/晶片,https://news.google.com/rss/articles/CBMitAFBVV95cUxNTTAzRjR3eWVzTWplNHpfdkNLVEFPSXBSVzdTak9GbWYwdGJ6bFp4OWVXSks0eUUyRk1ic0RwcEItTC0xbzRlTWE2WFVBMHhra3B5S0VKanFKOXE0UExCMzg0bWZQbVdoZUZNdHNtNFJ6UnFwV3RjMTczX19FZEdCUnZQZDNSbndET1h6N1ZLUjNpaEc2aHV4MUVLYVAtNm9jaFVSUUk0b1FhOG52Q2lvRGdhYks?oc=5,69.26666666666667,2026-10-08T04:41:57+00:00,amd vs marvell technology which ai chip stock is a better buy in 2026 the motley fool,amd vs marvell technology which ai chip stock is a better buy in 2026 the motley fool,1,0.057142857142857155,watchlist_news,official,passed_basic_checks,3650,2026-10-08T04:41:57+0000,2036-10-05T04:41:57+0000,True,True
IYW,State Street Technology ETF vs iShares Technology ETF - The Motley Fool,The Motley Fool,https://www.fool.com,fool.com,0.62,2026-10-06 19:47:00+00:00,未分類,https://news.google.com/rss/articles/CBMiogFBVV95cUxOYnhzMmUtY0lvSnJYRXkydVFJX21WTm9hLUJaZ3pER05rUngtOTQ0aGNrWnZFSE91ZG5jalRTUWZ3MENUTDVCbDlEYm9hSWQtamhFQTRXVHlnWDF0bFlGXzUtTmYzZTBYQXMzZ0h5c0pqWFh3MGhVT2pQOVlWQ0xPaFBDRmJRWEgweGFub3FyM0VFU1NSQXkxd2htTF9lMDBtTXc?oc=5,59.516666666666666,2026-10-08T04:41:57+00:00,state street technology etf vs ishares technology etf the motley fool,state street technology etf vs ishares technology etf the motley fool,2,0.018108651911468817,watchlist_news,official,passed_basic_checks,3650,2026-10-08T04:41:57+0000,2036-10-05T04:41:57+0000,True,True
XLK,State Street Technology ETF vs iShares Technology ETF - The Motley Fool,The Motley Fool,https://www.fool.com,fool.com,0.62,2026-10-06 19:47:00+00:00,未分類,https://news.google.com/rss/articles/CBMiogFBVV95cUxOYnhzMmUtY0lvSnJYRXkydVFJX21WTm9hLUJaZ3pER05rUngtOTQ0aGNrWnZFSE91ZG5jalRTUWZ3MENUTDVCbDlEYm9hSWQtamhFQTRXVHlnWDF0bFlGXzUtTmYzZTBYQXMzZ0h5c0pqWFh3MGhVT2pQOVlWQ0xPaFBDRmJRWEgweGFub3FyM0VFU1NSQXkxd2htTF9lMDBtTXc?oc=5,59.516666666666666,2026-10-08T04:41:57+00:00,state street technology etf vs ishares technology etf the motley fool,state street technology etf vs ishares technology etf the motley fool,2,0.018108651911468817,watchlist_news,official,passed_basic_checks,3650,2026-10-08T04:41:57+0000,2036-10-05T04:41:57+0000,True,True
MSFT,"Dear Microsoft Stock Fans, Mark Your Calendars for October 7 - Barchart.com",Barchart.com,https://www.barchart.com,barchart.com,0.62,2026-10-06 18:55:39+00:00,未分類,https://news.google.com/rss/articles/CBMipgFBVV95cUxONEYtR3ZjSFJZRXZZRFBpaWtITUg3UGF1S0ZBTjJWc0lkb0hzRW4tZTMzc3ZobFZsREt1TFkxSTBPdUFpX1B6UGZ0V1NlZFlJZnJxQURvUEM4QUUtbkU3R1M2Tjg0OHJjV2xLRXM3bkpsa0kzMm1mVnZua2hGY1lhbDVkNDFEWHF0WndWT1ZsRFAwNVZMR0dlV2szYWJEaDhWU1AzZDh3?oc=5,59.516666666666666,2026-10-08T04:41:57+00:00,dear microsoft stock fans mark your calendars for october 7 barchart com,dear microsoft stock fans mark your calendars for october 7 barchart com,1,0.051428571428571435,watchlist_news,official,passed_basic_checks,3650,2026-10-08T04:41:57+0000,2036-10-05T04:41:57+0000,True,True
AAPL,"Apple (AAPL): Buy, Sell, or Hold Post Q2 Earnings? - Yahoo Finance",Yahoo Finance,https://finance.yahoo.com,finance.yahoo.com,0.72,2026-10-06 16:48:34+00:00,財報/財測,https://news.google.com/rss/articles/CBMikwFBVV95cUxNdEl5T1QxN1JsSEVFSWJCX1FldGVTM2VTOWVkb0ZBenRaZEE1dGNsUGN4WVBBdTB0UlZSNXFlUGVTUkl4cGp0Y0RrSG9Lb3JfejZMMGFvM0VWQ0pVWGhNeTdfYlV4b1d4YlZ5VXd3OVZCQ2lWQmtPeWhEYjJtaGdMaTlZTWlOaTJDMGNvYmZrVDdfQUE?oc=5,68.76666666666667,2026-10-08T04:41:57+00:00,apple aapl buy sell or hold post q2 earnings yahoo finance,apple aapl buy sell or hold post q2 earnings yahoo finance,1,0.13636363636363638,watchlist_news,official,passed_basic_checks,3650,2026-10-08T04:41:57+0000,2036-10-05T04:41:57+0000,True,True
GOOGL,"Alphabet (GOOGL) Stock Quotes, Company News And Chart Analysis - Investor's Business Daily",Investor's Business Daily,https://www.investors.com,investors.com,0.8,2026-10-06 16:47:00+00:00,AI/晶片,https://news.google.com/rss/articles/CBMisAFBVV95cUxQZ3RHcWtkOUszb3lIUjQ3ZndGU05XWDlWeU5IQVJJMEJsUjh6NnFUaFdwVGR0QjVadkFOcm9IbkVsejNxUlJieEdzekQ4TXRsQmQ0ejVZMkpHRkw4TnQwWnB5MnJDLTBrSXBzTTVzdlpOc1ZnNEZpcDdBVWhDNG5wcF9NTVZHYVcxR3hCMVpvVU9OeVJhMko0Ym1qMDNiM1R2Wk9qREoyeUVOdGcwNjh2Qg?oc=5,74.16666666666667,2026-10-08T04:41:57+00:00,alphabet googl stock quotes company news and chart analysis investor s business daily,alphabet googl stock quotes company news and chart analysis investor s business daily,1,0.07142857142857142,watchlist_news,official,passed_basic_checks,3650,2026-10-08T04:41:57+0000,2036-10-05T04:41:57+0000,True,True
IYW,SUN COMMUNITIES INC : UBS CUTS TARGET PRICE TO $117 FROM $133 - Bitget,Bitget,https://www.bitget.com,bitget.com,0.62,2026-10-06 16:04:35+00:00,未分類,https://news.google.com/rss/articles/CBMiY0FVX3lxTE14OVdsLXhYZWtULXE2bWU5R3B0XzVsRjhDWFhtOVQ0NEEzemlMczVac3B6QTFLNUVDQllQMUdTR1c0ckZDY0Q4QzRJblNSQS1wMmVjYTk4Mk40N3NPSXJYblJySdIBY0FVX3lxTE14OVdsLXhYZWtULXE2bWU5R3B0XzVsRjhDWFhtOVQ0NEEzemlMczVac3B6QTFLNUVDQllQMUdTR1c0ckZDY0Q4QzRJblNSQS1wMmVjYTk4Mk40N3NPSXJYblJySQ?oc=5,61.516666666666666,2026-10-08T04:41:57+00:00,sun communities inc ubs cuts target price to 117 from 133 bitget,sun communities inc ubs cuts target price to 117 from 133 bitget,1,0.07346938775510205,watchlist_news,official,passed_basic_checks,3650,2026-10-08T04:41:57+0000,2036-10-05T04:41:57+0000,True,True
META,"Meta Stock: Analyst Lifts Price Target to $1,000, Sees Massive AI Payoff - Barron's",Barron's,https://www.barrons.com,barrons.com,0.62,2026-10-06 15:39:00+00:00,AI/晶片；分析師,https://news.google.com/rss/articles/CBMibEFVX3lxTE9vUmJuLWFOWHQ5bjhjUXBscFdsUGwxZjZ5X29fM2lReEtMYXBxT3ZjbXhRSzBLWS0zUF9LVlhhQ2pScnd5eVFJVE5wSVNLcWMzem1Dd081OUd4TmFqT0R0QmttMGRXWXA3N1pObA?oc=5,69.01666666666667,2026-10-08T04:41:57+00:00,meta stock analyst lifts price target to 1 000 sees massive ai payoff barron s,meta stock analyst lifts price target to 1 000 sees massive ai payoff barron s,1,0.09294320137693632,watchlist_news,official,passed_basic_checks,3650,2026-10-08T04:41:57+0000,2036-10-05T04:41:57+0000,True,True
AMD,3 Overlooked Growth Stocks Powering Every AI Chip Nvidia and AMD Build - The Motley Fool,The Motley Fool,https://www.fool.com,fool.com,0.62,2026-10-06 13:48:00+00:00,AI/晶片；產品/需求,https://news.google.com/rss/articles/CBMikAFBVV95cUxPajJiQ2pmWERxa3paTkl3d25SZVpUV0hDSGtudWU5RFBncy1mUW9yS0pGSHJUSjVFalpFLWd5OTJ3Wmp6OTZ4ZndSQjFHZzJjUGhhV1ZJUGdRX3hxZVdPVnB5QVlSLVM0TWpiZlV6VWlQRmF6dVRtQndDOUJ1YmNQaVpFTEZnVnpOSHp2NmpPc3I?oc=5,71.01666666666667,2026-10-08T04:41:57+00:00,3 overlooked growth stocks powering every ai chip nvidia and amd build the motley fool,3 overlooked growth stocks powering every ai chip nvidia and amd build the motley fool,1,0.014610389610389612,watchlist_news,official,passed_basic_checks,3650,2026-10-08T04:41:57+0000,2036-10-05T04:41:57+0000,True,True
IGV,"iShares Expanded Tech-Software Sector ETF (IGV) stock price, news, quote and history - Yahoo Finance Australia",Yahoo Finance Australia,https://au.finance.yahoo.com,au.finance.yahoo.com,0.72,2026-10-06 11:48:08+00:00,大盤風險；國際/戰爭,https://news.google.com/rss/articles/CBMiUEFVX3lxTFBWbUF3WDQtRzhfckJLYkIydnpQM3RZeUxreFFaa0VuVXRRZGQzN0hWQm1DYmpQc2NhaHZBYVpKMlhqRFZZXzdQZjE0RnB5dXhv?oc=5,76.51666666666667,2026-10-08T04:41:57+00:00,ishares expanded tech software sector etf igv stock price news quote and history yahoo finance australia,ishares expanded tech software sector etf igv stock price news quote and history yahoo finance australia,1,0.07012987012987013,watchlist_news,official,passed_basic_checks,3650,2026-10-08T04:41:57+0000,2036-10-05T04:41:57+0000,True,True
XLK,XLK Hits New All-Time High as Tech Triumphs - ETF Trends,ETF Trends,https://www.etftrends.com,etftrends.com,0.62,2026-10-06 11:30:30+00:00,未分類,https://news.google.com/rss/articles/CBMiogFBVV95cUxQbVd4cnZGYUtBaXd6YlRMcGI0TWlyeWVwZ3NpaDVhMVJMREpvRGN6eFVVLXlCM2V6QWY3bGlmeXViWlJYSmdqLXNkekFYa0hoMV94Y0ZQS3BZeWpZMFhqcmxnMl9JYVZBRS0xT1dmVGtYQWRLaFk5aWJ3bEVKbE4ydUxTaVN3cmhRZUh4OTl6OWY2LUJHVktyTVJraWlheUVnVFHSAaIBQVVfeXFMUG1XeHJ2RmFLQWl3emJUTHBiNE1pcnllcGdzaWg1YTFSTERKb0RjenhVVS15QjNlekFmN2xpZnl1YlpSWEpnai1zZHpBWGtIaDFfeGNGUEtwWXlqWTBYanJsZzJfSWFWQUUtMU9XZlRrWEFkS2hZOWlid2xFSmxOMnVMU2lTd3JoUWVIeDk5ejlmNi1CR1ZLck1Sa2lpYXlFZ1RR?oc=5,58.516666666666666,2026-10-08T04:41:57+00:00,xlk hits new all time high as tech triumphs etf trends,xlk hits new all time high as tech triumphs etf trends,1,0.04591836734693878,watchlist_news,official,passed_basic_checks,3650,2026-10-08T04:41:57+0000,2036-10-05T04:41:57+0000,True,True
AMD,Meta Muse popularity lifts AMD stock to fresh highs as AI agents juice CPU sales - CNBC,CNBC,https://www.cnbc.com,cnbc.com,0.8,2026-10-06 11:00:01+00:00,AI/晶片,https://news.google.com/rss/articles/CBMiqgFBVV95cUxPZ3VMeWo4NUtvcHd0NU92ME10aTdvaDU5YTB3ZHVHTkNBMkJYUDREWUk0ZWhhYnZfZXpYdVhzSnFPZUZRa09yM1I3Rk9vNnoyYW5FU3dhb3VSaDNYMHRRZEtRZUU5Z3NCS1NvcG56YVE5TFBCSXJYblM0S1RwM3lUQVhNdzAtN2NZb2V2ajNldklrVVo4RGtNR0pieW9hdFduak9fckdRSHpnZ9IBrwFBVV95cUxNWUpNX1d2MXNZb0Z4cGR6WjZHZHBXbW5PdHNCNUU1VFNTZ2dTSERqa2tScmVHUnFCVzRoSllQT2s0a3BwcktYSFFVd0tLUC0xWWJMVmlRR3psb00zd3drTjVhd1RfT3ZVeGdxNlU1ZC0xa2IyX1RwOWNEMXh2blFQcDNRR015YW4zZUpJc0VJSlFrcGxkQjFrWW9VRmoyUXFQaWh6MTM1SEpFZXRtNVlN?oc=5,78.16666666666667,2026-10-08T04:41:57+00:00,meta muse popularity lifts amd stock to fresh highs as ai agents juice cpu sales cnbc,meta muse popularity lifts amd stock to fresh highs as ai agents juice cpu sales cnbc,1,0.01477832512315271,watchlist_news,official,passed_basic_checks,3650,2026-10-08T04:41:57+0000,2036-10-05T04:41:57+0000,True,True
GOOGL,"GOOG, GOOGL Stock Notice: Alphabet Inc. Stock Plummeted 4% after AI Issues Disclosed - Securities Fraud Class Action Filed - PR Newswire",PR Newswire,https://www.prnewswire.com,prnewswire.com,0.62,2026-10-06 09:36:00+00:00,AI/晶片,https://news.google.com/rss/articles/CBMigwJBVV95cUxNQVh6eTFtWFAyQ0R3MGNQbmtNNGZnU2c0WERzM3QzaE5iX2FXQVlGOTBPWjJjRkMtVWQ0VkFjV1R4RHY0U3lJV1FxcnkwRDZHXzhwMkxtTkZkZkZHUkE2YlIwRnJRWTRmQWpCMWNVZlg3bmJ4N3Y5U1YtS1FwSEJ6RHJTS25CZFprQmdESGhBb1FFZHlrUF9NZXdPSzhfck5wZWt2d1hrQ2ZhUkowN2RIWmd0QUlRc1JVVGxaWGF3ekxkLThIbjBIOUZGOWFJaWlUM3I5SFRUcHNIaFFEd190dlpTVVJoU21pbktDUDlrRzQ5TFBsTXJJdmpYR29VMVRCQy1r?oc=5,71.26666666666667,2026-10-08T04:41:57+00:00,goog googl stock notice alphabet inc stock plummeted 4 after ai issues disclosed securities fraud class action filed pr newswire,goog googl stock notice alphabet inc stock plummeted 4 after ai issues disclosed securities fraud class action filed pr newswire,1,0.056722689075630266,watchlist_news,official,passed_basic_checks,3650,2026-10-08T04:41:57+0000,2036-10-05T04:41:57+0000,True,True
SMH,Prediction: The VanEck Semiconductor ETF Will Double Again Before 2032 - The Motley Fool,The Motley Fool,https://www.fool.com,fool.com,0.62,2026-10-06 05:43:00+00:00,AI/晶片,https://news.google.com/rss/articles/CBMisgFBVV95cUxOLVdIbWJENXpXSmtGcWlEN0UyMy0xNTVJQ2FRNEs2LTVwYlliVm1nZ21aeVhHNkFQTWQwdGdVVnM1ZjVQcHNjcnVfeHZlYjVub0ZCakwwNk84S2kyM2dQcDZPLUdRTm1PUUpqT1VKUkN4ekQ0MG9RLTJacnB3LTNMbUEyVlpPSnAxd3NLbk9kSTlva29qZHFKSWZCY1ZTUGNRNU1GYWdUNGJIN05PRmdpRVB3?oc=5,65.26666666666667,2026-10-08T04:41:57+00:00,prediction the vaneck semiconductor etf will double again before 2032 the motley fool,prediction the vaneck semiconductor etf will double again before 2032 the motley fool,1,0.029220779220779224,watchlist_news,official,passed_basic_checks,3650,2026-10-08T04:41:57+0000,2036-10-05T04:41:57+0000,True,True
AAPL,"Apple (AAPL) executive chair Timothy D. Cook’s trust sells shares and gifts 26,325. - Stock Titan",Stock Titan,https://www.stocktitan.net,stocktitan.net,0.62,2026-10-05 22:43:13+00:00,AI/晶片,https://news.google.com/rss/articles/CBMipgFBVV95cUxQMjdPOFFIN2dMN3B6S3ZtLVhuU0ZDR3JIN3pQSVdZZXR3Mld0Q3VXUzJaM0tlT0VmR2Y5cS1YNGYwcXdmaGZZaVVNRkNUSEd4VkZHbnpjOHU3LVdaUXhwZGJDVkdjXzdxdU9Xc0xMR1ZSZ190UncwRVA3a3RkOXZIR3JaSktnMG5JQmgtdXpLbF9YX1ZJN0ZGbkp3cTFidy1CTFlkZURn?oc=5,66.93333333333334,2026-10-08T04:41:57+00:00,apple aapl executive chair timothy d cook s trust sells shares and gifts 26 325 stock titan,apple aapl executive chair timothy d cook s trust sells shares and gifts 26 325 stock titan,1,0.09278350515463918,watchlist_news,official,passed_basic_checks,3650,2026-10-08T04:41:57+0000,2036-10-05T04:41:57+0000,True,True
MSFT,"Microsoft’s blazing stock comeback isn’t even close to being over, analyst says - MarketWatch",MarketWatch,https://www.marketwatch.com,marketwatch.com,0.82,2026-10-05 21:27:00+00:00,產品/需求；分析師,https://news.google.com/rss/articles/CBMiuwFBVV95cUxPbkJHbk1yUE5ITDljR1ptUjBzQXQ0Z0p1cV8zWGk2cm1HLXBzTVhPS1pYVVJ1aUd1SkxEWnQtLUZwTVBZNHlGUFNlN28wMFN2RVJKN0ZwbGdqbUNzdGpYNm5wV0tNQTFHVmxGSGl0MFF2WlB0LVRfMldvNzV2OHczQmhxY2wtS2JGazZLbEJkdGtmODFjaTJTTE5rMmpYTlFTZ2QyclNwd3hFUjdCTzBJc080aVdBcTg5cTM0?oc=5,79.68333333333332,2026-10-08T04:41:57+00:00,microsoft s blazing stock comeback isn t even close to being over analyst says marketwatch,microsoft s blazing stock comeback isn t even close to being over analyst says marketwatch,1,0.05529953917050692,watchlist_news,official,passed_basic_checks,3650,2026-10-08T04:41:57+0000,2036-10-05T04:41:57+0000,True,True
TSLA,Tesla (TSLA) Laps the Stock Market: Here's Why - Yahoo Finance,Yahoo Finance,https://finance.yahoo.com,finance.yahoo.com,0.72,2026-10-05 20:45:03+00:00,未分類,https://news.google.com/rss/articles/CBMimAFBVV95cUxNZV9NN3F2djY2N3dVclhTNUVJYTYtYmYtWVdiTG9WSG5FaVh0UkhnZmpNcTdwdXJHWjU3MkFZSlh6bm9kTWNsQ1lUX25MNDZRVzh6dzFURTNMYkkzSC1iY0huSXZPbGtVZjRiamtHTWNYY2J2X2xqZm1kdHdwWmx4QlVMRzA0WFBmTHQxNi1Ta1laOWlwQ0xxdg?oc=5,63.68333333333334,2026-10-08T04:41:57+00:00,tesla tsla laps the stock market here s why yahoo finance,tesla tsla laps the stock market here s why yahoo finance,1,0.10368663594470047,watchlist_news,official,passed_basic_checks,3650,2026-10-08T04:41:57+0000,2036-10-05T04:41:57+0000,True,True
NVDA,Nvidia Stock Hits New High as Key Supplier's Revenue Booms on AI Demand - Moomoo,Moomoo,https://www.moomoo.com,moomoo.com,0.62,2026-10-05 20:31:58+00:00,AI/晶片；財報/財測；產品/需求,https://news.google.com/rss/articles/CBMinAFBVV95cUxPeVNNZ2dnYkpjaGlaRThpOWFFeS0zOGdqeXpKNElCTXNkOWYxbm5zaXdYMkFlbjBoX21oRzYyNWdvaG10eXczdmhYRzItZjNjY2FWSjJBMkJKTU1WamRuUi1sSE1kaEw4bnkxTTJmX3RrRzNzU1p3ajUzUTFoeU5JMXhlaVB2U3hQRlZYal8wLS13MkhTcnN2RzJ3d2g?oc=5,73.43333333333332,2026-10-08T04:41:57+00:00,nvidia stock hits new high as key supplier s revenue booms on ai demand moomoo,nvidia stock hits new high as key supplier s revenue booms on ai demand moomoo,1,0.03214285714285715,watchlist_news,official,passed_basic_checks,3650,2026-10-08T04:41:57+0000,2036-10-05T04:41:57+0000,True,True
META,Here’s Why I’m Very Skeptical of the META Stock Rally (And You Should Be Too) - Barchart.com,Barchart.com,https://www.barchart.com,barchart.com,0.62,2026-10-05 20:19:03+00:00,未分類,https://news.google.com/rss/articles/CBMiuAFBVV95cUxPcjliQnJEOGNzYmJLdVpSbm9lUGlpUTRCaDI5V2NGNzFSNjBxMy1lb1lTVmlLd29FZ2pva3hEMlpFYkdyZ19XWUs0RTlUVlM0WFpwTmRPUllMNjBCZ1hNaFJrOHBLLTducjFVOWI2eDQ0QnVOSzF6aUlSWW1YdEFMYW5vclloRjI5dGJkU3ZZUlhkVGpKTXptY1RFTVhaSEY5LXNuTWFKelM1N01rZkZzbFhRZnJoTHI2?oc=5,64.18333333333334,2026-10-08T04:41:57+00:00,here s why i m very skeptical of the meta stock rally and you should be too barchart com,here s why i m very skeptical of the meta stock rally and you should be too barchart com,1,0.08385093167701864,watchlist_news,official,passed_basic_checks,3650,2026-10-08T04:41:57+0000,2036-10-05T04:41:57+0000,True,True
QQQ,QQQE: Nasdaq-100 ETF Without Mega-Cap Risk - Seeking Alpha,Seeking Alpha,https://seekingalpha.com,seekingalpha.com,0.62,2026-10-05 19:07:39+00:00,大盤風險,https://news.google.com/rss/articles/CBMiigFBVV95cUxObjEyb2pKN3V5ZjkyeFpsa0NqUmdJUWRfaVZHMy1qS3VIcDJaRnNkR3FhVm0ydFdmY1BURWttS253SXB1dGtPRmJqdzIwUndIVlBxc1JUY3JNU2hFVHhPNU9LOGNsQk1EMVJGV2RIMEdvR25TZ1RLNm1oZmpQU2pjbG1lRlVhTFJJekE?oc=5,59.93333333333334,2026-10-08T04:41:57+00:00,qqqe nasdaq 100 etf without mega cap risk seeking alpha,qqqe nasdaq 100 etf without mega cap risk seeking alpha,1,0.08866995073891626,watchlist_news,official,passed_basic_checks,3650,2026-10-08T04:41:57+0000,2036-10-05T04:41:57+0000,True,True
GOOGL,"Here's What a $1,000 Investment in Alphabet Stock Could Be Worth in 5 Years. (Hint: It Could More Than Double.) - The Motley Fool",The Motley Fool,https://www.fool.com,fool.com,0.62,2026-10-05 18:15:00+00:00,併購/合作,https://news.google.com/rss/articles/CBMimAFBVV95cUxOdFRuTXA0OC1ic3lUNVdYRElKTEpIeW5RajUwYTZwMEltbzJ3ODZIXzhFLTJBZl9mSFh3RHNyZDBkbnVsVjRhZndQOVNqSFRaY2J5VDhQZ3F1LTI3WWNZS0szTXdMOXQwdUNFSkFrbV9UejY0dmRDUi1CWmpNbkx1a1NTOHpBS3VDbzZBOUJPUWVoREFaR2xldw?oc=5,70.93333333333334,2026-10-08T04:41:57+00:00,here s what a 1 000 investment in alphabet stock could be worth in 5 years hint it could more than double the motley fool,here s what a 1 000 investment in alphabet stock could be worth in 5 years hint it could more than double the motley fool,1,0.08970099667774087,watchlist_news,official,passed_basic_checks,3650,2026-10-08T04:41:57+0000,2036-10-05T04:41:57+0000,True,True
MSFT,"Stocks making the biggest moves midday: Microsoft, SpaceX, Vaxcyte, Banco Bradesco, DraftKings & more - CNBC",CNBC,https://www.cnbc.com,cnbc.com,0.8,2026-10-05 17:13:38+00:00,未分類,https://news.google.com/rss/articles/CBMioAFBVV95cUxObW1JQVhXOHZ4WmVqNk1JeXdLOFZJOGtjVnVfYVhSRHIxN3dORGI4WGVjTDB3VHJHbnNBcGhvYTZ3bDNDM1hGUUNUbVd4U2VhdV96eWJYVmtvbGpkRGdIUUt5ZjY5OWR1Si0zdzRDT0hXeEo0LTA5cEN0MUtacWVrMWNGMm05bzZaTHNKSFdBem9EZThYd013TUdRVzBCRnhS?oc=5,73.08333333333333,2026-10-08T04:41:57+00:00,stocks making the biggest moves midday microsoft spacex vaxcyte banco bradesco draftkings more cnbc,stocks making the biggest moves midday microsoft spacex vaxcyte banco bradesco draftkings more cnbc,1,0.08333333333333333,watchlist_news,official,passed_basic_checks,3650,2026-10-08T04:41:57+0000,2036-10-05T04:41:57+0000,True,True
TSLA,Tesla Stock Trends Higher: What's Happening? - Benzinga,Benzinga,https://www.benzinga.com,benzinga.com,0.62,2026-10-05 16:15:04+00:00,未分類,https://news.google.com/rss/articles/CBMipAFBVV95cUxPZjl5TTlwbWFfcXVJQnJIU2tkdlJlekJ6cWZHdGJOa1A0YUhXX29xRUp6TzJpMkhhWE5vX1pNWmRvZkFMZU9rYk9PclR2TERnMktNNzlmZ3JhZDFSYWRmX2pfeDl5V09WcVBWdTh5RFVsQlBHZGVmSVpmZ0hhbGNDOWhCMjI2Y3pDSWR6NUVjR1FPTVRNSlFVQ2VSUTg5MGUxcmZoSA?oc=5,55.18333333333334,2026-10-08T04:41:57+00:00,tesla stock trends higher what s happening benzinga,tesla stock trends higher what s happening benzinga,1,0.09350649350649351,watchlist_news,official,passed_basic_checks,3650,2026-10-08T04:41:57+0000,2036-10-05T04:41:57+0000,True,True
META,Meta Stock Could Have Another Big Run Ahead. Here’s My 2027 Price Prediction - 24/7 Wall St.,24/7 Wall St.,https://247wallst.com,247wallst.com,0.62,2026-10-05 16:00:00+00:00,未分類,https://news.google.com/rss/articles/CBMiugFBVV95cUxQN1FsN3loOE5jVUN5S0FWWG1ST0EtWGtoNjRxN3VaUHZOTDZSWDVQa0JvcUtkM0NFNWdBZURyNWRjWmZreV9tY210d0xYNXFLV3l5NjE0OGdwazBWWEVpeXpCMC1nWlBGdEN2aG5sV3dlbXg0aGtMM3JUQmNDM2xvRjROcUctZTl3M3dHdUpRcTB0WHZYb2xIRDZqVTN3ZVp6Y0pZSUhEOU5WY3pQN3lNVFFKMzNyenl4LVE?oc=5,64.18333333333334,2026-10-08T04:41:57+00:00,meta stock could have another big run ahead here s my 2027 price prediction 24 7 wall st,meta stock could have another big run ahead here s my 2027 price prediction 24 7 wall st,1,0.06987577639751553,watchlist_news,official,passed_basic_checks,3650,2026-10-08T04:41:57+0000,2036-10-05T04:41:57+0000,True,True
MSFT,Jim Cramer Predicts “Big Move Coming” For Microsoft Stock - Yahoo Finance,Yahoo Finance,https://finance.yahoo.com,finance.yahoo.com,0.72,2026-10-05 15:30:46+00:00,未分類,https://news.google.com/rss/articles/CBMimAFBVV95cUxOZC15QjVWenlTN0tjX2l3VWdxRGZzd0hyY3NjNFpCNmhnTm5yRElIQVB5VGFDalZESjMxcnZHRGFWbEo3bGh0T21HcjhMYmdocWtVcVVmZkVsbXVwVGh5VzJDbmJSNHFVLVFMc29xWGpITVh1OC1BQmVNTTd3QWk1ZkhPU1M3Mko5RWVCLUZqZ3hPODNWUVMwRA?oc=5,64.68333333333334,2026-10-08T04:41:57+00:00,jim cramer predicts big move coming for microsoft stock yahoo finance,jim cramer predicts big move coming for microsoft stock yahoo finance,1,0.052837573385518595,watchlist_news,official,passed_basic_checks,3650,2026-10-08T04:41:57+0000,2036-10-05T04:41:57+0000,True,True
GOOGL,Will Alphabet (GOOG) Beat Estimates Again in Its Next Earnings Report? - Yahoo Finance Australia,Yahoo Finance Australia,https://au.finance.yahoo.com,au.finance.yahoo.com,0.72,2026-10-05 15:10:03+00:00,AI/晶片；財報/財測,https://news.google.com/rss/articles/CBMiiwFBVV95cUxOcGQ4ajBQY2hJRnBHeFBrdFlQcWdNaTcxdWNWWmYxR2MwNUVYT3ZnaFVTMXE0QkNxck9zUk1UY05yUkxfeURtTk9hNzJkUDRTelFOM2JROWR1bUdzNm51N0RrRHhfYlhVY2NfZmItR243T3FLVEhOaHdHTzlQYW1KTkpCd3dQc0FHMTNv?oc=5,75.18333333333332,2026-10-08T04:41:57+00:00,will alphabet goog beat estimates again in its next earnings report yahoo finance australia,will alphabet goog beat estimates again in its next earnings report yahoo finance australia,1,0.053571428571428575,watchlist_news,official,passed_basic_checks,3650,2026-10-08T04:41:57+0000,2036-10-05T04:41:57+0000,True,True
MSFT,Microsoft Stock Could Be One of the AI Era’s Biggest Winners - 24/7 Wall St.,24/7 Wall St.,https://247wallst.com,247wallst.com,0.62,2026-10-05 15:00:00+00:00,AI/晶片,https://news.google.com/rss/articles/CBMipgFBVV95cUxNMG50OWluTzlyRUc5MWduUEtwUk5pOF9IbEkwVXFETWItNk1BZ0NVelNsZXhPYkFTUF9objJtWUZsMXBFVWFjZ3NjbmVtZUpIWkEtNmhfRDVibDNCSFdycXF2ckR5Z1ZpZ0t2djJIOEJGemFXZHllOVpPaEZZaXRPOWtkUnh2QXh3cUlhVUJQTkxZS0F1dFVlNVZTRnlGa1RSbTlSUGV3?oc=5,65.93333333333334,2026-10-08T04:41:57+00:00,microsoft stock could be one of the ai era s biggest winners 24 7 wall st,microsoft stock could be one of the ai era s biggest winners 24 7 wall st,1,0.06766917293233082,watchlist_news,official,passed_basic_checks,3650,2026-10-08T04:41:57+0000,2036-10-05T04:41:57+0000,True,True
META,Which Dates Could Move Meta Stock Most? - Trefis,Trefis,https://www.trefis.com,trefis.com,0.62,2026-10-05 14:55:28+00:00,未分類,https://news.google.com/rss/articles/CBMioAFBVV95cUxNcjBEMUNIQVp6dE1md0N3c0hkWHpiYnBsNzgzVVdvVFVIZXZtUVVjYXhLN2wxYWRMSlZsTmZrSXVfcGEtdktkZThsWGhPOHRwUC1sVEJXbUVoLWprVXNoNklXcVFuQnhaWEMwSmxQSDZUbDdHV3dOYWpicUEzN09xdWFOWmtnaTF5TldCcjAwVGpfNWZCenlULWlGYWNQZU5K?oc=5,56.18333333333334,2026-10-08T04:41:57+00:00,which dates could move meta stock most trefis,which dates could move meta stock most trefis,1,0.053571428571428575,watchlist_news,official,passed_basic_checks,3650,2026-10-08T04:41:57+0000,2036-10-05T04:41:57+0000,True,True
XLK,"State Street Technology Select Sector SPDR ETF (XLK) stock price, news, quote and history - Yahoo Finance Singapore",Yahoo Finance Singapore,https://sg.finance.yahoo.com,sg.finance.yahoo.com,0.72,2026-10-05 14:16:17+00:00,未分類,https://news.google.com/rss/articles/CBMiUEFVX3lxTE1SSk0tTEdLQUotaGpLZ0swcU1ySE5SZzZJb3l1TG96UmRGMzh5aXI1M3pxZl9ONS1BdzBOeTEyQVNucGoxVm9pSl9YR2hOYTBw?oc=5,70.68333333333334,2026-10-08T04:41:57+00:00,state street technology select sector spdr etf xlk stock price news quote and history yahoo finance singapore,state street technology select sector spdr etf xlk stock price news quote and history yahoo finance singapore,1,0.055900621118012424,watchlist_news,official,passed_basic_checks,3650,2026-10-08T04:41:57+0000,2036-10-05T04:41:57+0000,True,True
AMZN,Amazon Treads Water as AWS Surges Ahead of Q3 Earnings - TradingPedia,TradingPedia,https://www.tradingpedia.com,tradingpedia.com,0.62,2026-10-05 13:56:08+00:00,財報/財測；產品/需求,https://news.google.com/rss/articles/CBMimwFBVV95cUxORmp4OWVqU2tsdm92SEFWYzg3QWlyZHhmMEp6V0ctNXdueUlHb3NPTG8wSlRyMjl6dHJjbmc0bjhKNUxEUHZtTkZMQVo0cGVhS2xmOERndHgxV2JsQks4akdCZldtdXZCZGIxc1F5SEdCcG5hVllXNTQ0NVJMRFkyR09tWUVqdHh3TW5KRlBGdy1maTdSdkh3QTl6RQ?oc=5,66.68333333333334,2026-10-08T04:41:57+00:00,amazon treads water as aws surges ahead of q3 earnings tradingpedia,amazon treads water as aws surges ahead of q3 earnings tradingpedia,1,0.01863354037267081,watchlist_news,official,passed_basic_checks,3650,2026-10-08T04:41:57+0000,2036-10-05T04:41:57+0000,True,True
AMZN,Amazon Web Services Invests $1 Billion to Address Data Center Backlash - TIKR.com,TIKR.com,https://www.tikr.com,tikr.com,0.62,2026-10-05 13:05:26+00:00,AI/晶片,https://news.google.com/rss/articles/CBMihgFBVV95cUxQX1BneXItUldrMWl0bTBfSUhtSjdoUlA0ck9LWUV3enJUaDZpQlNma3ZMRnhOVm0yNmxadnVBemtYYlZXeF90M2hDcE5KR1oyeDd4XzY0SWs3dUFDalZrNTBLczNhbDFTTVNaVWZaV1J2LWdUQWxSVzQ4R3pnekxpVFJ4Tkc5UQ?oc=5,63.93333333333334,2026-10-08T04:41:57+00:00,amazon web services invests 1 billion to address data center backlash tikr com,amazon web services invests 1 billion to address data center backlash tikr com,1,0.047619047619047616,watchlist_news,official,passed_basic_checks,3650,2026-10-08T04:41:57+0000,2036-10-05T04:41:57+0000,True,True
QQQ,"Here’s the 1 ETF I Would Put $1,000 Into This October - 24/7 Wall St.",24/7 Wall St.,https://247wallst.com,247wallst.com,0.62,2026-10-05 11:15:00+00:00,未分類,https://news.google.com/rss/articles/CBMinwFBVV95cUxPRkhwN3ZkQ3M0SEdFaUVUbEI2enNWZEgySG52bmpjZVpOUDBBeVpZVTdvWi10UlZlcWZvRGlyWmZjZ1NMbjVXSVlvejcwUV9ZS1lWXzlwbkJVbUtNcWljTXJEOEstQTk1RU8wMXAzcDhyTjgta2U5aTlGZmg1QUJ6TUlNNld0bW9NbWYxWDgweGxJUl9oV3Z3eE1QckhlQWc?oc=5,62.18333333333334,2026-10-08T04:41:57+00:00,here s the 1 etf i would put 1 000 into this october 24 7 wall st,here s the 1 etf i would put 1 000 into this october 24 7 wall st,1,0.11180124223602485,watchlist_news,official,passed_basic_checks,3650,2026-10-08T04:41:57+0000,2036-10-05T04:41:57+0000,True,True
META,Meta Platforms Stock Soared 27% in September. Here's What History Says October Will Bring. - Yahoo Finance,Yahoo Finance,https://finance.yahoo.com,finance.yahoo.com,0.72,2026-10-05 11:05:00+00:00,未分類,https://news.google.com/rss/articles/CBMimwFBVV95cUxQSzdycUVheV9ZLTlseU1YR1psYW5fV295NmRaaUoydFduNVlUMno3X1FJTm9IeE9fMGdyNXJVM1hBb1ZSdm1xS1RxVWlHejkzaU1XcDROUTlzNWhrSkpXY1RmLVl0Rmt1YVA3ZVBlSTVfWldKRU9sTkZzdlp0bDl2WlV0cHlYaFU3RFQxbmk5N0dlQVhJdVBEb1drSQ?oc=5,69.68333333333334,2026-10-08T04:41:57+00:00,meta platforms stock soared 27 in september here s what history says october will bring yahoo finance,meta platforms stock soared 27 in september here s what history says october will bring yahoo finance,1,0.06064690026954179,watchlist_news,official,passed_basic_checks,3650,2026-10-08T04:41:57+0000,2036-10-05T04:41:57+0000,True,True
META,1 Internet Stock with Exciting Potential and 2 We Brush Off - StockStory,StockStory,https://stockstory.org,stockstory.org,0.62,2026-10-05 10:33:53+00:00,未分類,https://news.google.com/rss/articles/CBMivgFBVV95cUxOX09yMFFEWHhTVUxGOGRlNzFmNGhCXzZBWHE4Y0RtUjZIQmVOemtyNURvRFNoZ3dRS1RrQkFmZ3hjcllqcDlrOHJOQWdtV3lYUU4ycW1LM3lCMjN0NkMxbmdPY19hTmdmUmpTQzUzYTA5blpYb2JyTGxvWTBUVVF6cndrbXJLWjBRMEhTX0piUVRsN1d3dkRyVXMweS1za1IyOGh6RE1fY0dEbEQzc2RtZGx3SXlNb0tVYW9sTW9n?oc=5,60.18333333333334,2026-10-08T04:41:57+00:00,1 internet stock with exciting potential and 2 we brush off stockstory,1 internet stock with exciting potential and 2 we brush off stockstory,1,0.017857142857142856,watchlist_news,official,passed_basic_checks,3650,2026-10-08T04:41:57+0000,2036-10-05T04:41:57+0000,True,True
AMZN,"Where Will Amazon Stock Be in 5 Years as AWS, Advertising, and AI Converge? - The Motley Fool",The Motley Fool,https://www.fool.com,fool.com,0.62,2026-10-05 09:02:00+00:00,AI/晶片；產品/需求,https://news.google.com/rss/articles/CBMimAFBVV95cUxOLVNvYkpfZlVlV29yTmlTTGs4YVRjNUhEWC1VTXl6MzdfTjNHLXFXZ1gyZDEtZ05ZMER0bnFjd1UwSGJrX2tsaEh6RXVYTHpmZmhLYzk2YkcyYUVpZW4wUlkxcVhMQzBPbFFpWnJMaGJOc0xrSzVXc2FCeC02UWJOMDhvejZWUE5LVmFjS21rNXM0MWNCLWZnZQ?oc=5,72.68333333333334,2026-10-08T04:41:57+00:00,where will amazon stock be in 5 years as aws advertising and ai converge the motley fool,where will amazon stock be in 5 years as aws advertising and ai converge the motley fool,1,0.05529953917050692,watchlist_news,official,passed_basic_checks,3650,2026-10-08T04:41:57+0000,2036-10-05T04:41:57+0000,True,True
AMZN,"Where Will Amazon Stock Be in 5 Years as AWS, Advertising, and AI Converge? - Yahoo Finance",Yahoo Finance,https://finance.yahoo.com,finance.yahoo.com,0.72,2026-10-05 08:22:00+00:00,AI/晶片；產品/需求,https://news.google.com/rss/articles/CBMilgFBVV95cUxNbUFPN1kxSWNlVEMwNlJtVE1tb3JPdTdBRGdOWThHZEpDcm0xbUJ5NjRzMVl6QmQzQlI1YTlpYzRHWDdzZUx2YmszcnNXTDhqU0wxclRCeXNHNWVhczRDbXU4cWFMSHRhMWdrYnBfbS05WEk1STY2YThUN0Q2TzBlZHpuY2hMSGhBaDhTeXFLTDBKNUZLamc?oc=5,77.18333333333332,2026-10-08T04:41:57+00:00,where will amazon stock be in 5 years as aws advertising and ai converge yahoo finance,where will amazon stock be in 5 years as aws advertising and ai converge yahoo finance,1,0.05651491365777081,watchlist_news,official,passed_basic_checks,3650,2026-10-08T04:41:57+0000,2036-10-05T04:41:57+0000,True,True
VGT,The Best ETFs Of 2026 - Forbes,Forbes,https://www.forbes.com,forbes.com,0.62,2026-10-05 07:49:00+00:00,未分類,https://news.google.com/rss/articles/CBMiYEFVX3lxTE5VYjNnYzNhbFNxVDdjQTUyTlNzWFlWNkR6Z1ZjWTJjdVlLaWpESEZDaG5rajdRYk4yWDNVekJ1NklaODA0c2oyeGZzV3ZadlZhNkQ1MUJGZTNob1pOdTJpTA?oc=5,54.18333333333334,2026-10-08T04:41:57+00:00,the best etfs of 2026 forbes,the best etfs of 2026 forbes,1,0.042857142857142864,watchlist_news,official,passed_basic_checks,3650,2026-10-08T04:41:57+0000,2036-10-05T04:41:57+0000,True,True
NVDA,Top AI Stocks To Watch In October 2026 - Simply Wall Street,Simply Wall Street,https://simplywall.st,simplywall.st,0.62,2026-10-04 11:25:09+00:00,AI/晶片,https://news.google.com/rss/articles/CBMirgFBVV95cUxNTGFTZlZVMDhQM1BxWDZYblJmQU04N1h6Qm1aRHp1V1ZacHNpczFReW5jNzVTZFlGU0VMZWtqdGtrS29WY0Ntc2FDdW15NVVsOVFTRjFyWTBNcGZRa3RWVnJiNG8xU0NqbHM0WlpZZzdnUER5SEtnODc1NlFXQ2U1S3c1RmpTQ3FPaDcyaVVuN2RaMmdEQU1ESUg1d3pIajh6bHZucjhXNWFLTVpFSnfSAbMBQVVfeXFMTzMyalU0Y0syUzIyd3k4bWpFbkNaY25OT3BjX0U2SHhsQlhvajJpWmJlNHRKSDktRTJjMGUyMzd6QnVQc0YzNF9MRXJjZ1l3cDVJMkJYcks3RHdTbUVnNW5lREFrWXMycVYzNm9ITWVlRHFKa3M2ajY5c1VRY0VvSmZsM0Y3aTZMQzFaQ2RqRG5qOVY5MFhHN2ctdTNIM2dBaTlZVlRIV292RWVIR0JOc0o2TGc?oc=5,62.6,2026-10-08T04:41:57+00:00,top ai stocks to watch in october 2026 simply wall street,top ai stocks to watch in october 2026 simply wall street,1,0.02179176755447942,watchlist_news,official,passed_basic_checks,3650,2026-10-08T04:41:57+0000,2036-10-05T04:41:57+0000,True,True
AMZN,Amazon.com (Nasdaq:AMZN) - Stock Analysis - Simply Wall Street,Simply Wall Street,https://simplywall.st,simplywall.st,0.62,2026-10-04 08:33:21+00:00,未分類,https://news.google.com/rss/articles/CBMibEFVX3lxTE8xRzZqZXJXM2lJOXpMNlFZZWxnZldLd0VwOEIyUk1DYmVDUl9WTmRWaW9jZnNySTFPRks2QWE2bTVYUm83bXBPUm5pR3pLYWdlUlQ1dnZETzk2aXloTFNjaDFwUHc4dUUwUTZ3bw?oc=5,55.85,2026-10-08T04:41:57+00:00,amazon com nasdaq amzn stock analysis simply wall street,amazon com nasdaq amzn stock analysis simply wall street,1,0.12442396313364057,watchlist_news,official,passed_basic_checks,3650,2026-10-08T04:41:57+0000,2036-10-05T04:41:57+0000,True,True
TSLA,"In 2013, A Los Angeles Engineer Spent $19,000 On His First Tesla Shares. He Survived A 2018 Margin Call And A 76% Crash In 2023. Here's What Investors Can Learn From The Wild Story Of Jason DeBolt's $19,000 Purchase Turning Into $2.8 Million. - 24/7 Wall St.",24/7 Wall St.,https://247wallst.com,247wallst.com,0.62,2026-10-03 19:52:00+00:00,未分類,https://news.google.com/rss/articles/CBMi1AJBVV95cUxNMG90S3VpakM5b1Fod1FDc3hremlVZ1kyTUdnNmphOVZ5cHlweGpzM210MnR1SS1YZkdWeU1RRVF4RTcyUEw4OEdzbDVFMFV4S1BzNVdXTHJpUTNLbFdFOS1LTlpFbjRLQ0tlWklINHhxOHZRQV9IQXpNQmpNdllCdDhzREhKbXJyckJVb1lEX2pKcEVTYUpkMHhWN2k1WXJqY0Fud1hGdDI0SkxOdDhwNGxlX1dOWnI3WTAzRl9IbkwtU05UOWZfZlVNREN3ZmN4aDNWRlBJcTJudkc0bDA2UEhySnRfc0ptdm9mMXJZLWV5T3ZFX0VLdk1uNGh1SXB4NTlRbkhZVk1Pb004cHhjZkZVYy10d3JXNTB6OEMyUlhDNm15bHFTaGJJN0FWYmV5dHVQdGdNMG5VXzk4ZFEybzdqVkt1VnFSSHBCUHVaNTIzQjN1?oc=5,66.51666666666667,2026-10-08T04:41:57+00:00,in 2013 a los angeles engineer spent 19 000 on his first tesla shares he survived a 2018 margin call and a 76 crash in 2023 here s what investors can learn from the wild story of jason debolt s 19 000 purchase turning into 2 8 million 24 7 wall st,in 2013 a los angeles engineer spent 19 000 on his first tesla shares he survived a 2018 margin call and a 76 crash in 2023 here s what investors can learn from the wild story of jason debolt s 19 000 purchase turning into 2 8 million 24 7 wall st,1,0.079734219269103,watchlist_news,official,passed_basic_checks,3650,2026-10-08T04:41:57+0000,2036-10-05T04:41:57+0000,True,True
AAPL,"Dear Apple Stock Fans, Mark Your Calendars for October 13 - Barchart.com",Barchart.com,https://www.barchart.com,barchart.com,0.62,2026-10-03 18:30:02+00:00,未分類,https://news.google.com/rss/articles/CBMiogFBVV95cUxOWVI0S0QwbmlsbHVVbEVUMEx3b1RxSFppMmNReUd0T1Q2Mlk4a0luY3NDQmJXSU9iRVIwRVUxR0tJTE5aN3hLZjVLXy02VWhoN1hMX242V21MZWJCU2RqZVk1dTZ2ekQxeWs5S084T25QcG9lS1dBcWFxZHl4SEQ5SGVxRXJkVE0xRFZyZzRvdmd2bklmeDRrRU1WdktYZFBCMEE?oc=5,58.516666666666666,2026-10-08T04:41:57+00:00,dear apple stock fans mark your calendars for october 13 barchart com,dear apple stock fans mark your calendars for october 13 barchart com,1,0.053571428571428575,watchlist_news,official,passed_basic_checks,3650,2026-10-08T04:41:57+0000,2036-10-05T04:41:57+0000,True,True
AMD,"Prediction: This AI Chip Stock Will Be the Biggest Winner of 2027 (Hint: It’s Not Nvidia, AMD, or Broadcom) - The Motley Fool",The Motley Fool,https://www.fool.com,fool.com,0.62,2026-10-03 10:20:00+00:00,AI/晶片,https://news.google.com/rss/articles/CBMi3AFBVV95cUxOQ1dsUlo3Q2FTM0d3bkJSX0lkSmtqbklsOU9QRVQwM1N2d1VfQzkyN0N0ZUlydDBqMlBnU2RlTkxDOFBvQ0lNWnBoZXBibUFabEEweHRyWmFsbkNyMUJDLVBIcnNnd01nNkFncWR0YzlhQU13TEdCVnRTQXlKNzNRQnZHQ0taWmFJNGs1NVRQLWZiS240eGc4U08tc1d3UlpTQ0dDRm1qNWZ4Mm80bVZGV1VSMUtpS3p6WE1rZmtoYTl1MW1aTTMwQkdIdWVhNmRvQjAwZncyRHFCeU5i?oc=5,70.26666666666667,2026-10-08T04:41:57+00:00,prediction this ai chip stock will be the biggest winner of 2027 hint it s not nvidia amd or broadcom the motley fool,prediction this ai chip stock will be the biggest winner of 2027 hint it s not nvidia amd or broadcom the motley fool,1,0.0822857142857143,watchlist_news,official,passed_basic_checks,3650,2026-10-08T04:41:57+0000,2036-10-05T04:41:57+0000,True,True
AMD,"Prediction: This AI Chip Stock Will Be the Biggest Winner of 2027 (Hint: It’s Not Nvidia, AMD, or Broadcom) - Yahoo Finance",Yahoo Finance,https://finance.yahoo.com,finance.yahoo.com,0.72,2026-10-03 09:40:01+00:00,AI/晶片,https://news.google.com/rss/articles/CBMingFBVV95cUxOWm1rcjBRSks2ODRLM1RGOFo5dXhsUmZtTmRJWW5wUUE0S0toY3dZdDdaemxKaFFhQ3RzTTB6NWl6SjV0TkVrd19oODRDR3Fob0ZORVh0Z3ZFZlJYVGtRT3h0Zl9WaDBGSFgyamoxUnJVSkhXSXExWVVNQmFQcGtUbWJfWWwwVXkzNkg5alJTZkxIXzlZd0hvRDh1SVlrdw?oc=5,75.76666666666667,2026-10-08T04:41:57+00:00,prediction this ai chip stock will be the biggest winner of 2027 hint it s not nvidia amd or broadcom yahoo finance,prediction this ai chip stock will be the biggest winner of 2027 hint it s not nvidia amd or broadcom yahoo finance,1,0.08362369337979096,watchlist_news,official,passed_basic_checks,3650,2026-10-08T04:41:57+0000,2036-10-05T04:41:57+0000,True,True
MSFT,Is a Microsoft Stock Split Coming After 23 Years? - The Motley Fool,The Motley Fool,https://www.fool.com,fool.com,0.62,2026-10-03 09:27:00+00:00,未分類,https://news.google.com/rss/articles/CBMilgFBVV95cUxNWFRueHNuVFBHN3NBQmZsWWRmSWR1Vm10azZjc0NvWGhjOThDYWdNdzNaaG42Sl9jZDVMMnIydnE4UUt1TXVQaDZ5TjJEc1R1NFhIRURDNGh6N21vd0FrRVJjN1FRY0t1eDJpYmx3RHB6cnVVMjJHam9fOWtEQVlldElOeUxsNjIxYWpTdGxGNDMzeWRwcHc?oc=5,59.516666666666666,2026-10-08T04:41:57+00:00,is a microsoft stock split coming after 23 years the motley fool,is a microsoft stock split coming after 23 years the motley fool,1,0.03837953091684435,watchlist_news,official,passed_basic_checks,3650,2026-10-08T04:41:57+0000,2036-10-05T04:41:57+0000,True,True
SOXX,Why the iShares Semiconductor ETF Gained 11% in September - The Motley Fool,The Motley Fool,https://www.fool.com,fool.com,0.62,2026-10-03 02:45:00+00:00,AI/晶片,https://news.google.com/rss/articles/CBMioAFBVV95cUxNbVN2czdpM21MR3FReHJNazRZQnkwbVAzOW1BVG5OLXJTTGFkZVp4dlRVTWtLakg0N3U3SEp3SVZMWkY1WXFKYlBXLXZiQTF3em9qVmxXWUpwdmRfbVQ1aXVCVGljZkYxWWpaSmppcG83Z3V5eGEwZ1JPVmMtNGRLWkR4eklxbHFZejBGenZYbk5fSjB4dmdCcWtHVl9IR2RI?oc=5,62.93333333333334,2026-10-08T04:41:57+00:00,why the ishares semiconductor etf gained 11 in september the motley fool,why the ishares semiconductor etf gained 11 in september the motley fool,1,0.03428571428571429,watchlist_news,official,passed_basic_checks,3650,2026-10-08T04:41:57+0000,2036-10-05T04:41:57+0000,True,True
NVDA,3 AI Chip Stocks To Watch After Nvidia Stock Hit A Fresh All Time High - Yahoo Finance,Yahoo Finance,https://finance.yahoo.com,finance.yahoo.com,0.72,2026-10-03 01:11:00+00:00,AI/晶片,https://news.google.com/rss/articles/CBMijwFBVV95cUxOSGtKSEV2U3hSYWE5djM3VUZKVEpqYmRZTENGZWtqT3JhMkdHLW5pYk1hY0ZoZlB3WFJGaHU1WFJ2Sm1RNHJCLV94US1JcFlPRzkyN3VPTm9SbFVFT0xQc1E1eDZjZ1hLMnV4VGd2N0xpTEd6TjhoN3h2blpUR1NGMjV1YzRXR3h5cHhxSFRDMA?oc=5,73.43333333333332,2026-10-08T04:41:57+00:00,3 ai chip stocks to watch after nvidia stock hit a fresh all time high yahoo finance,3 ai chip stocks to watch after nvidia stock hit a fresh all time high yahoo finance,1,0.014950166112956811,watchlist_news,official,passed_basic_checks,3650,2026-10-08T04:41:57+0000,2036-10-05T04:41:57+0000,True,True
SMH,7 Best ETFs to Buy Now | Investing - U.S. News Money,U.S. News Money,https://money.usnews.com,money.usnews.com,0.62,2026-10-02 20:01:00+00:00,未分類,https://news.google.com/rss/articles/CBMibEFVX3lxTFB5MWpRaXBScDRZd0l4ak9ELWFmeEJRWDhvUjRZSllHaDBMMjVfX3JSNy1hSzljbEJOVVJZc0pCTDFhcmsyNWswSU0zdzJ4NU1PWjNDZUVTX29NOEdlS1JFaHVGUnB4OXhlYU95TA?oc=5,58.18333333333334,2026-10-08T04:41:57+00:00,7 best etfs to buy now investing u s news money,7 best etfs to buy now investing u s news money,1,0.09890109890109891,watchlist_news,official,passed_basic_checks,3650,2026-10-08T04:41:57+0000,2036-10-05T04:41:57+0000,True,True
TSLA,TSLA Stock Pops as Tesla Surprises on Q3 Deliveries - Barchart.com,Barchart.com,https://www.barchart.com,barchart.com,0.62,2026-10-02 19:25:06+00:00,產品/需求,https://news.google.com/rss/articles/CBMimwFBVV95cUxNQTFacFR2ZjJmTHZPbG8wemFhdWZBd3FNWXZGRDAtemtHanBNS0h0RFc3TVlVOVJJeUhELV9hRVFiUGxNNk1MWktHVGtWOGVCbE1pRUZHSjJLaG96cldNWV9nYzJ0TGhHRkxoM2JuQzZwaGQyLUxZVkhxWmIzRHZJZ1lRLUljZXpTYWJjYXp6dW41M1lpTW1IUXpqSQ?oc=5,60.93333333333334,2026-10-08T04:41:57+00:00,tsla stock pops as tesla surprises on q3 deliveries barchart com,tsla stock pops as tesla surprises on q3 deliveries barchart com,1,0.03896103896103897,watchlist_news,official,passed_basic_checks,3650,2026-10-08T04:41:57+0000,2036-10-05T04:41:57+0000,True,True
TSLA,"Tesla Delivered 486,532 Electric Vehicles In Q3, Beating Estimates. The Stock Is Rising. - Investor's Business Daily",Investor's Business Daily,https://www.investors.com,investors.com,0.8,2026-10-02 18:25:00+00:00,AI/晶片,https://news.google.com/rss/articles/CBMijwFBVV95cUxPUzdHU2lQU2hYbmhzN0ZRRVdwTHltRGIzUHl3dVVLLTU5dGczbFE1Rmt0bWpNZzg2NXVmZ0p2MFMzVjlFRkI5a3F1clRRNW1haEF1cHl2MnRlbmVWbzJzZWN3QzVya1dDWUF0Wk5hd2JhbVI0N2xHOXZpdW84enRvNTgzU2thSmR2SmhpVnk0bw?oc=5,76.83333333333333,2026-10-08T04:41:57+00:00,tesla delivered 486 532 electric vehicles in q3 beating estimates the stock is rising investor s business daily,tesla delivered 486 532 electric vehicles in q3 beating estimates the stock is rising investor s business daily,1,0.0665024630541872,watchlist_news,official,passed_basic_checks,3650,2026-10-08T04:41:57+0000,2036-10-05T04:41:57+0000,True,True
TSLA,Why Tesla Stock Jumped Today - The Motley Fool,The Motley Fool,https://www.fool.com,fool.com,0.62,2026-10-02 17:11:00+00:00,未分類,https://news.google.com/rss/articles/CBMie0FVX3lxTE5UaV80amVHUDNzUXhyRER5UVVwdXpIWHBReE92cndEbnM2bVZPektETDhFalF2elRzNHN4R3Y1clVGRWVncGx5LWJaQUY0dWNXd20zWTRfRThBa3RuVlZqS3pTRm1EaE9TSlFpX0RESkNJZjJsb3F0VXFKbw?oc=5,55.18333333333334,2026-10-08T04:41:57+00:00,why tesla stock jumped today the motley fool,why tesla stock jumped today the motley fool,1,0.027950310559006212,watchlist_news,official,passed_basic_checks,3650,2026-10-08T04:41:57+0000,2036-10-05T04:41:57+0000,True,True
AMD,"AMD Climbs 3% as Chip Stocks Extend Their Run; Arm Jumps 8%, NVIDIA Rises 2% - Yahoo Finance",Yahoo Finance,https://finance.yahoo.com,finance.yahoo.com,0.72,2026-10-02 15:47:31+00:00,AI/晶片,https://news.google.com/rss/articles/CBMikwFBVV95cUxOTFI0T2JmY3NJSUVxRnEyQndVaWQ5MDBIU3IyT2tOd3FDdnF2NWpHQlB1TWhBak1qQk1xN2Rla1FrLXp2TUlhZzJqOUw1eEl2U1U1NlQ2a2I3WWtQUFFqS09HX2lEa3g2UlMwVGp6a0toT2lpZldkU20yTzgyRUNsMXRQaHE3STVrQXdENmQ2SmtvSUE?oc=5,73.43333333333332,2026-10-08T04:41:57+00:00,amd climbs 3 as chip stocks extend their run arm jumps 8 nvidia rises 2 yahoo finance,amd climbs 3 as chip stocks extend their run arm jumps 8 nvidia rises 2 yahoo finance,1,0.08385093167701864,watchlist_news,official,passed_basic_checks,3650,2026-10-08T04:41:57+0000,2036-10-05T04:41:57+0000,True,True
NVDA,Amazon Looks to Offload $8B of Nvidia AI Chips From Its Balance Sheet - Investopedia,Investopedia,https://www.investopedia.com,investopedia.com,0.62,2026-10-02 14:59:46+00:00,AI/晶片,https://news.google.com/rss/articles/CBMiygFBVV95cUxQNHphc3o4Y0dGRnBTaE5jUTd0S1dJWFA1OUppaXBsY1hhb0pkRHZZbUUwSWZYQnYyRTl2WDF6d084bnpLSFNZV3ZRRW5jcllFQ1dQWjFIMmZMTkZsYWZrNkNVM3FJazNxTEFfMHJBbzJxeVM4TU9iS1FBWFppYXNhNHh6OV80Rjg0dy0wVkVNOTg4eVJ5cEZva3l6b0J3S1k0QmlnbXZhOHh5S1JYMDFRREhuZ19SOXJ0WTBWTGFkYzZIVE1qcTdZM29R?oc=5,64.93333333333334,2026-10-08T04:41:57+00:00,amazon looks to offload 8b of nvidia ai chips from its balance sheet investopedia,amazon looks to offload 8b of nvidia ai chips from its balance sheet investopedia,1,0.030612244897959186,watchlist_news,official,passed_basic_checks,3650,2026-10-08T04:41:57+0000,2036-10-05T04:41:57+0000,True,True
TSLA,Tesla stock jumps 5% on better-than-expected vehicle deliveries report - CNBC,CNBC,https://www.cnbc.com,cnbc.com,0.8,2026-10-02 13:03:51+00:00,產品/需求,https://news.google.com/rss/articles/CBMiiwFBVV95cUxPLTV2TThXeklJVmVnSl9pMDYzQnNoaWVielg0ekwyYTJVemhmRDdKdlpaekRVYXdTcndZNGRyelluczN1MUIxQ3J6M2FDWTQ4dnQwd3c1OEVURkdBUGdQLTBXaE1iUWxXOGFUVlZOLWdscVp0UkFTSEpsWkM3QTRDT3pMdkFlME41OHRn0gGQAUFVX3lxTFBoR1hCMDN2NU1mQ1ZJdFg3XzBQYWJSMzZmQk5aVnlBTTg5YnBfUi1KMm9seGMydVVOU2p1WnloTVVUV25QRXdYT1hwQ1Y4ODlvc0RBcUhwOG9VWUh3OG9CSnJ6N2ZuQUlBUjdWT0xPTnFaN3JHOTdjMk8tZnpWamkwOF9FaHNSUnZHQ1ZpQWkwZQ?oc=5,70.83333333333333,2026-10-08T04:41:57+00:00,tesla stock jumps 5 on better than expected vehicle deliveries report cnbc,tesla stock jumps 5 on better than expected vehicle deliveries report cnbc,1,0.06679035250463822,watchlist_news,official,passed_basic_checks,3650,2026-10-08T04:41:57+0000,2036-10-05T04:41:57+0000,True,True
NVDA,"NVDA Stock Hits Record High After Morgan Stanley Names Nvidia Top Pick, Says AI Trends Play To Its ‘Strengths’ - TradingView",TradingView,https://es.tradingview.com,es.tradingview.com,0.62,2026-10-02 12:49:34+00:00,AI/晶片,https://news.google.com/rss/articles/CBMi-wFBVV95cUxQZV9PanEzZnU4aTRVVXhZd05pbGZ2S2dFeXRVanN4VlNYZVFYQnkwblVJUktfbGJEbllFZlVtaWo4WUJCWHpCRlVKOWxrZzhPRHJGZE9nMXgxczl6M2dhU0hVUnBQQVJCNHVqVDE4MWNmai1LVTFYQ2hXOTVDbWI1b18wWDBPUmZxYnhSZTNfUHBaSHdXcEZjdUN3NUtqRkRaYldTRjVWZXdVM00zZ3RoTUFKclVRVVZsc2w4ZHIxaG9kV2tjVnNwU2RwY2tIUVNsQXE0Nk9neFhMdHdxNjl1MXpOSUx2RFFGMFY1bVNOWTUzQ1p6blZnRC1DVQ?oc=5,69.93333333333334,2026-10-08T04:41:57+00:00,nvda stock hits record high after morgan stanley names nvidia top pick says ai trends play to its strengths tradingview,nvda stock hits record high after morgan stanley names nvidia top pick says ai trends play to its strengths tradingview,1,0.041474654377880185,watchlist_news,official,passed_basic_checks,3650,2026-10-08T04:41:57+0000,2036-10-05T04:41:57+0000,True,True
AAPL,Jim Cramer is urging investors to buy Apple stock ahead of foldable iPhone launch - Quartz,Quartz,https://qz.com,qz.com,0.62,2026-10-02 12:16:51+00:00,產品/需求,https://news.google.com/rss/articles/CBMickFVX3lxTE9LTThYTXNidkVveHltcS1DTTlueDhva2pPWHdmVUFKal9OWmtzYzlZbWNOeWtYUjRZM1oxaVJacGlPSTJvY0Z1elBZSlhTZzl1S1l6bUlibnFXNFNCZWY3NkdHcURWZTRKUGM2NC1ad1Z4dw?oc=5,65.93333333333334,2026-10-08T04:41:57+00:00,jim cramer is urging investors to buy apple stock ahead of foldable iphone launch quartz,jim cramer is urging investors to buy apple stock ahead of foldable iphone launch quartz,1,0.014285714285714289,watchlist_news,official,passed_basic_checks,3650,2026-10-08T04:41:57+0000,2036-10-05T04:41:57+0000,True,True
NVDA,Nvidia and Micron Can't Make AI Chips Without This Growth Stock. Here's Why It Could Soar. - The Motley Fool,The Motley Fool,https://www.fool.com,fool.com,0.62,2026-10-02 12:00:00+00:00,AI/晶片,https://news.google.com/rss/articles/CBMilwFBVV95cUxPazZSOHNzQW9TSkJDNzlOYk5QOTVTbE9LeUd4S3RDb2tNZkQyUXItUklzMmhfckVZc2M3SDB3N1pSMGhXeThSOFdUeTZRNV9DVURmNWhiZjVwaHF3OGMyMWNsNlRMTWQ1a1VEUi1ZSHRIN3JHSlZrTl9fbHd2dVZCT3hJNktKNVVGdXJQSTVvbmYtSzlxYXZn?oc=5,69.93333333333334,2026-10-08T04:41:57+00:00,nvidia and micron can t make ai chips without this growth stock here s why it could soar the motley fool,nvidia and micron can t make ai chips without this growth stock here s why it could soar the motley fool,1,0.05952380952380952,watchlist_news,official,passed_basic_checks,3650,2026-10-08T04:41:57+0000,2036-10-05T04:41:57+0000,True,True
IYW,(IYW) Volatility Zones as Tactical Triggers - Stock Traders Daily,Stock Traders Daily,https://news.stocktradersdaily.com,news.stocktradersdaily.com,0.62,2026-10-02 11:46:01+00:00,AI/晶片,https://news.google.com/rss/articles/CBMivwFBVV95cUxPeEtmSmVlQWQtdU1vOU9NdXhFWGhqbkFrdGtyUWZkSmxoT0RtYTFBZ09hXzZtMUN4dVQzWWFOV0lkaXhlWjM0NWJkSTdYN1p6MThsaXFJX1FsODFTdFF6WVBFQ0Rwb0JNZ1JEaHcxamNvQV93MUpCTGFMRm1ZSHVoSmJfZW9nTWNLcV9EVGpQU01RbXJMcGYzRVZHWGhadmU5VTJra191SURCQ1ZIcWZVWnJZRUIwVEFaWmhodVhQYw?oc=5,59.93333333333334,2026-10-08T04:41:57+00:00,iyw volatility zones as tactical triggers stock traders daily,iyw volatility zones as tactical triggers stock traders daily,1,0.059340659340659345,watchlist_news,official,passed_basic_checks,3650,2026-10-08T04:41:57+0000,2036-10-05T04:41:57+0000,True,True
AMZN,The Dates That Matter Most For Amazon Stock - Trefis,Trefis,https://www.trefis.com,trefis.com,0.62,2026-10-02 10:26:48+00:00,未分類,https://news.google.com/rss/articles/CBMipwFBVV95cUxNeU9ZTkVaTnJnSTltdEFDNXVsRWNienRLSENzbVA5N28ySm1KSDhZckcxSF9ZZTJqRG1yT01RamJSQk80MUdOMlhDbkZBXzhIUVY5bllHVW5WYUYzWC1PWnVxTUx0T3Q4b3JVT2dDdFBYcUQ3VmpwWWpsR0pTSnhEdGg5TUZxbkVqTlNsRzdvOW5weWwweldUQVFRRktxc3g4Y1VWdFV4WQ?oc=5,56.18333333333334,2026-10-08T04:41:57+00:00,the dates that matter most for amazon stock trefis,the dates that matter most for amazon stock trefis,1,0.024725274725274728,watchlist_news,official,passed_basic_checks,3650,2026-10-08T04:41:57+0000,2036-10-05T04:41:57+0000,True,True
IGV,iShares Expanded Tech-Software Sector ETF (IGV) Short Interest & Short Float | Updated Oct 2026 - MarketBeat,MarketBeat,https://www.marketbeat.com,marketbeat.com,0.62,2026-10-02 07:00:00+00:00,大盤風險；國際/戰爭,https://news.google.com/rss/articles/CBMiakFVX3lxTFBZSWxLT3pZV3dDTU9KNWw1eHFuNFVOQ3ZYMFNpQ2JuTVZkcFR0azJVUW1PaENEc3NnTy1VUlBoN2dxRks0RUNDazdTaUVhVjZDQkc3YkktR0g0SGF6cjJMTFRIaXRXdWIwZmc?oc=5,70.68333333333334,2026-10-08T04:41:57+00:00,ishares expanded tech software sector etf igv short interest short float updated oct 2026 marketbeat,ishares expanded tech software sector etf igv short interest short float updated oct 2026 marketbeat,1,0.07142857142857142,watchlist_news,official,passed_basic_checks,3650,2026-10-08T04:41:57+0000,2036-10-05T04:41:57+0000,True,True
SOXX,Best Semiconductor ETFs to Buy Now October 2026 - Zacks Investment Research,Zacks Investment Research,https://www.zacks.com,zacks.com,0.62,2026-10-02 07:00:00+00:00,AI/晶片；併購/合作,https://news.google.com/rss/articles/CBMidEFVX3lxTE85QTBNU0FSV2pkQ252MEZqcVlOeFAtNWtXeWRPdmFSYTVwWnRPUUliMkZkLVhqMFUzRTZhNVBwNXhDLTl0Z2lSWmdiZG1XMHJVNEVFSU13Nng0bWp6Z3o4TTAwcTlYcVN1bjBtMzdReU52czdO?oc=5,65.68333333333334,2026-10-08T04:41:57+00:00,best semiconductor etfs to buy now october 2026 zacks investment research,best semiconductor etfs to buy now october 2026 zacks investment research,1,0.017142857142857144,watchlist_news,official,passed_basic_checks,3650,2026-10-08T04:41:57+0000,2036-10-05T04:41:57+0000,True,True
SMH,The Semiconductor ETF's 2026 Return Is About 3 Times Nvidia's - Yahoo Finance,Yahoo Finance,https://finance.yahoo.com,finance.yahoo.com,0.72,2026-10-02 00:46:00+00:00,AI/晶片,https://news.google.com/rss/articles/CBMingFBVV95cUxQbDZZaURFTkxLNjI5WmpJRTdMVUJfNWhqTTZOM1A0QWlBV3lKWE5NYWpaa2hLNU9FTXFoeWNWRzNBUlkwZUhodW03QUpEX1c1dTNtSjJFdFBGcmVzcUxSSGtfU2p5cHJqUUZKRG5Fa3lRVFFNZEpZQ0U3VVRjbjBRV3hNYnlhblQ1MjdtRG0tTE9JNk92WnVRWVZ4LVpGUQ?oc=5,68.1,2026-10-08T04:41:57+00:00,the semiconductor etf s 2026 return is about 3 times nvidia s yahoo finance,the semiconductor etf s 2026 return is about 3 times nvidia s yahoo finance,1,0.05009276437847867,watchlist_news,official,passed_basic_checks,3650,2026-10-08T04:41:57+0000,2036-10-05T04:41:57+0000,True,True
IGV,Software roared back last quarter. Cramer says these stocks can keep climbing - CNBC,CNBC,https://www.cnbc.com,cnbc.com,0.8,2026-10-01 22:18:01+00:00,財報/財測；大盤風險；國際/戰爭,https://news.google.com/rss/articles/CBMidEFVX3lxTE40cm5WdGRPelBsUmQySHJqanB4UXBvckM1Z3BpRUNRZHU5WmZEb1VLTDlyaVZvRjU1MndRZ1dEZWVaMzZNaHB1TWd1d3hJTWtMVTJWei1waWFBb005X25ONlE0VlpwX2I5clRTcmFtRDhOaWFZ0gF6QVVfeXFMTXNtN1NjS19kck5yNkZRZEozV0o2d2R6dnk4aWpxNHBSWHFXc19xWlQ1Y0ZFY3dURS1BRzRUaW9YWW90ckdSSHMyZnp1WE5EMFVKRlNRVElvQ1hmcWtUR1pKZnFNWEpyUndpTFZ6U3Y0UlB1T09rY1VXVGc?oc=5,81.0,2026-10-08T04:41:57+00:00,software roared back last quarter cramer says these stocks can keep climbing cnbc,software roared back last quarter cramer says these stocks can keep climbing cnbc,1,0.030612244897959186,watchlist_news,official,passed_basic_checks,3650,2026-10-08T04:41:57+0000,2036-10-05T04:41:57+0000,True,True
META,"Meta Platforms, IBD Stock Of The Day, Forges New Buy Point After Muse Rally - Investor's Business Daily",Investor's Business Daily,https://www.investors.com,investors.com,0.8,2026-10-01 20:26:00+00:00,AI/晶片,https://news.google.com/rss/articles/CBMilwFBVV95cUxPbFh5UjlfUFp4a2tSRmZFQ2tMRUpiTkxNWW5EM3FhX1VoLXJzWHF6NzZySTJBRUdnMkYzaFJSOWs4emZHMkwtSm9pTVZ0R1h5WkdPN1hxTEpJWnJXM2Z5OXgtM2tPNkpxNWFycHByWkNpN3dpOVpqbTFsZHJwRFBqMlpTTzdRWVBLRlNtaGxLN1RIU1BLd1FF?oc=5,77.5,2026-10-08T04:41:57+00:00,meta platforms ibd stock of the day forges new buy point after muse rally investor s business daily,meta platforms ibd stock of the day forges new buy point after muse rally investor s business daily,1,0.049930651872399444,watchlist_news,official,passed_basic_checks,3650,2026-10-08T04:41:57+0000,2036-10-05T04:41:57+0000,True,True
MSFT,Microsoft (MSFT) Stock Looks Fully Valued Despite Fresh AI Liability Warnings - Simply Wall Street,Simply Wall Street,https://simplywall.st,simplywall.st,0.62,2026-10-01 19:36:41+00:00,AI/晶片；大盤風險；國際/戰爭,https://news.google.com/rss/articles/CBMixwFBVV95cUxPR05lWGFGem5SaXNDZ2lLblgwUW4xY1MtYU5kQkhYRjczWlRKRjRjbklPR0FtTzlnRHlHOVFPZUZsTDZvZVBma0hxUXBPWDJnZmVJQmJxaHlUSlpGcEp3bDloRUFscTFGSGFxZ2xxUmZCdnlIZzBBUEtMX01Ta1BaSVFtQ2NtdnhORndtSXM0NW1Dck5rZ2FqVWdXc29aazJ1YzhlWlhzMVcyTk5CelhDMHBadmUtd0F6Um0zOGhoQ2NqbnlGQjVF0gHMAUFVX3lxTE1vLWdUcGJvRGtrTktXWmdJVTFMVjluazNFMXo1dFhvWi1Hby1RTmFKWGVpYlAtWFpWQ2I1Z3dPRG1XYlpHOTlFV0lsUTdxZ09LcGZ5TldtNUNPU2F1Tmg2SE1DOEpBWjlGMno1U0RfeUhNZFlqdE9keVVmLW1Kc3h1WG93Mk4wMmpuR0ZGVjRTYWRtSE5ieFp3SXpZVXBXRDJZc2VSa1pIczA1dGdkYUpBQ0pqX3Axb3RXMlJ1SlB6ODZrTXFGRjl5aE44bQ?oc=5,72.1,2026-10-08T04:41:57+00:00,microsoft msft stock looks fully valued despite fresh ai liability warnings simply wall street,microsoft msft stock looks fully valued despite fresh ai liability warnings simply wall street,1,0.03935860058309038,watchlist_news,official,passed_basic_checks,3650,2026-10-08T04:41:57+0000,2036-10-05T04:41:57+0000,True,True
GOOGL,Why Is Alphabet (NASDAQ:GOOGL) Stock Falling Despite the Gemini 4 Argon Launch? Analysts Stay Bullish - Stocks Down Under,Stocks Down Under,https://stocksdownunder.com,stocksdownunder.com,0.62,2026-10-01 18:33:10+00:00,分析師,https://news.google.com/rss/articles/CBMif0FVX3lxTE44LTJXSUR0TW04QjFZTFVfbURVRWFGX0hPWk9LcFVvQlNubDl1WlpsSm9rNnh1bnNGQ1B3TmtCV3VpcGw5TWdaLUNsOWxyano2ZnpVNHZYVGhDdklYZV9wZWFGa3ozMEtGTzBTSlFYazNiR0VQNUw1bnFHZVdhSWM?oc=5,68.6,2026-10-08T04:41:57+00:00,why is alphabet nasdaq googl stock falling despite the gemini 4 argon launch analysts stay bullish stocks down under,why is alphabet nasdaq googl stock falling despite the gemini 4 argon launch analysts stay bullish stocks down under,1,0.05312868949232586,watchlist_news,official,passed_basic_checks,3650,2026-10-08T04:41:57+0000,2036-10-05T04:41:57+0000,True,True
IGV,Atlassian Climbs 6% as Beaten-Down Software Names Bounce; HubSpot and Monday.com Gain 4% - 24/7 Wall St.,24/7 Wall St.,https://247wallst.com,247wallst.com,0.62,2026-10-01 17:41:00+00:00,AI/晶片；大盤風險；國際/戰爭,https://news.google.com/rss/articles/CBMiyAFBVV95cUxNd2ZBbVotd21aaHdsRXFNTGNJMzdJUy1wYVlhTHhGOGdxSDU5U1ppNzN1M2FPWTFXNktydzdDdDU1M0VDeDlOZ0VPX21xS21EcThPLVBhY3RQcVk0WklQSGg1SG1FbzJRbzVvMXpIbFN4MjRWdDhFYUc3ZmpqMVdNVm0tcU8wQkxMOXFuUVU1QjZwamdDSFJ5LVdUc3haR3p2cHFseF9aSUxaaEhheERteXJCVTJ0UmZpdzd3QTduX29LOVFubnVfTA?oc=5,74.1,2026-10-08T04:41:57+00:00,atlassian climbs 6 as beaten down software names bounce hubspot and monday com gain 4 24 7 wall st,atlassian climbs 6 as beaten down software names bounce hubspot and monday com gain 4 24 7 wall st,1,0.09890109890109891,watchlist_news,official,passed_basic_checks,3650,2026-10-08T04:41:57+0000,2036-10-05T04:41:57+0000,True,True
AMZN,Price Prediction: Amazon Stock Will Hit $400 on This Date - 24/7 Wall St.,24/7 Wall St.,https://247wallst.com,247wallst.com,0.62,2026-10-01 14:30:00+00:00,未分類,https://news.google.com/rss/articles/CBMioAFBVV95cUxPalpGT1kxWER3emtJVkYzZHkxQWpoVWlBVVZIZm5KRTBfRThrR3BnSXdtU042QVBoWDlTbWRmS1dyT1lfRWo2ZTB3WGRNcm1abE56LUYyT3liTU9MbkhreHVfRVNzTEJrTUZWRUJrTnhiejYtT3d5cWdFNWV3VDVxR2R0RTdMQnNPMWQ0NkI5ZERTRTI3aDVoMTMwSVllQ0V5?oc=5,59.85,2026-10-08T04:41:57+00:00,price prediction amazon stock will hit 400 on this date 24 7 wall st,price prediction amazon stock will hit 400 on this date 24 7 wall st,1,0.08806262230919765,watchlist_news,official,passed_basic_checks,3650,2026-10-08T04:41:57+0000,2036-10-05T04:41:57+0000,True,True
IYW,Apple Takes Aim at the Smart Home: ETFs to Tap? - TradingView,TradingView,https://es.tradingview.com,es.tradingview.com,0.62,2026-10-01 12:00:00+00:00,AI/晶片,https://news.google.com/rss/articles/CBMiogFBVV95cUxPaEkwRVY3UGprcV9Xd2p4OTQweEh6Yk1yeDI4dE5WMDBwMzZMSlNmNG9KME9FdkhZZm94ZjlrcWxzZm1ZVnlQdlMzQ1JhVEdFeWVDcWhTQk5veXdsVFo5UTFwSnZTdUtpMnR6aXZXT0ZWQmNiS2VvM201NTdsNkxJNjZuOS0xYms0ZGdxS0pfRFl4OWNzMnRxbUw5cnRWMUp3OXc?oc=5,61.6,2026-10-08T04:41:57+00:00,apple takes aim at the smart home etfs to tap tradingview,apple takes aim at the smart home etfs to tap tradingview,1,0.06323185011709603,watchlist_news,official,passed_basic_checks,3650,2026-10-08T04:41:57+0000,2036-10-05T04:41:57+0000,True,True
MSFT,Microsoft stock best quarter since 1998: Q3 2026 gains 37.5% - Quartz,Quartz,https://qz.com,qz.com,0.62,2026-10-01 11:46:37+00:00,AI/晶片；財報/財測,https://news.google.com/rss/articles/CBMidkFVX3lxTE1UbTVROEF5OVdUcEdCaUhIclhLaUR0Zl9sZnlRYUhFVHFPYk5zS2pPV1hlTTBrUjhaRmJOYmxQOVRHb1E1dDlJakxSNE42TG9pTmM3TnR4YzU1VHdVOXhtSmQyUHNDRkpqbng3Ym9PZ24yWG1tc1E?oc=5,65.35,2026-10-08T04:41:57+00:00,microsoft stock best quarter since 1998 q3 2026 gains 37 5 quartz,microsoft stock best quarter since 1998 q3 2026 gains 37 5 quartz,1,0.07453416149068325,watchlist_news,official,passed_basic_checks,3650,2026-10-08T04:41:57+0000,2036-10-05T04:41:57+0000,True,True
AMD,What's Going On With AMD Stock Thursday? - TradingView,TradingView,https://es.tradingview.com,es.tradingview.com,0.62,2026-10-01 10:13:02+00:00,未分類,https://news.google.com/rss/articles/CBMingFBVV95cUxPYzh4dDFJQjhwUlZYNkJnWlAxSk95QzlZaUxvaURTazlPM2lMU2dUSXNZUG1DbG9rVmw4MFNoUE01dWptanZTUko0NHZuLURvREdmT20xNnNxUmtUYVpCYW13MGFrZFVEYTNCQnMwZVpiOENMbHJ2eVoyS0NTSVFvU0pMMTg2bnJIbjJYa2lvUUh4clV3ZGk0VFo2b3RJQQ?oc=5,54.85,2026-10-08T04:41:57+00:00,what s going on with amd stock thursday tradingview,what s going on with amd stock thursday tradingview,1,0.07142857142857142,watchlist_news,official,passed_basic_checks,3650,2026-10-08T04:41:57+0000,2036-10-05T04:41:57+0000,True,True
SMH,6 Best-Performing Semiconductor ETFs in October - NerdWallet,NerdWallet,https://www.nerdwallet.com,nerdwallet.com,0.62,2026-10-01 07:00:00+00:00,AI/晶片,https://news.google.com/rss/articles/CBMibkFVX3lxTFBKMXhsOUppNTA4WTJ6OHdNU0RQSUVsdV9vdEJScFJEWDFzV2Frck41b0pmblM3TXRvM3NUTWhORnhUc1RTM0xfdEtDWGkwSEloWThUS0pxRW5uajFCSHNPM3VZR0Rla2ZiUTQtYWNR?oc=5,57.6,2026-10-08T04:41:57+00:00,6 best performing semiconductor etfs in october nerdwallet,6 best performing semiconductor etfs in october nerdwallet,2,0.042857142857142864,watchlist_news,official,passed_basic_checks,3650,2026-10-08T04:41:57+0000,2036-10-05T04:41:57+0000,True,True
SOXX,6 Best-Performing Semiconductor ETFs in October - NerdWallet,NerdWallet,https://www.nerdwallet.com,nerdwallet.com,0.62,2026-10-01 07:00:00+00:00,AI/晶片,https://news.google.com/rss/articles/CBMibkFVX3lxTFBKMXhsOUppNTA4WTJ6OHdNU0RQSUVsdV9vdEJScFJEWDFzV2Frck41b0pmblM3TXRvM3NUTWhORnhUc1RTM0xfdEtDWGkwSEloWThUS0pxRW5uajFCSHNPM3VZR0Rla2ZiUTQtYWNR?oc=5,57.6,2026-10-08T04:41:57+00:00,6 best performing semiconductor etfs in october nerdwallet,6 best performing semiconductor etfs in october nerdwallet,2,0.042857142857142864,watchlist_news,official,passed_basic_checks,3650,2026-10-08T04:41:57+0000,2036-10-05T04:41:57+0000,True,True
VGT,10 Best-Performing Vanguard ETFs for October 2026 - NerdWallet,NerdWallet,https://www.nerdwallet.com,nerdwallet.com,0.62,2026-10-01 07:00:00+00:00,未分類,https://news.google.com/rss/articles/CBMiZ0FVX3lxTE5yeXdaU2YyWE1Gc093bFhvSDUzaUIwWkFQN081T1JPaG9BbmNadHBDckg5c21mcEJWMk1JTUtxTDVvSjJFaURIZmt3T1dKQjRCQ2szdDRaREtZZlZ4eWx5MlVxOUxZOE0?oc=5,54.85,2026-10-08T04:41:57+00:00,10 best performing vanguard etfs for october 2026 nerdwallet,10 best performing vanguard etfs for october 2026 nerdwallet,1,0.041474654377880185,watchlist_news,official,passed_basic_checks,3650,2026-10-08T04:41:57+0000,2036-10-05T04:41:57+0000,True,True
SMH,VanEck Semiconductor ETF (Dinari Tokenized ETF) (SMH) Price Prediction for 2026 to 2031 - Bybit,Bybit,https://www.bybit.com,bybit.com,0.62,2026-10-01 06:18:20+00:00,AI/晶片,https://news.google.com/rss/articles/CBMikgFBVV95cUxPSzJrVFBPbUt5NkJKTzlzbENhRkI3V0t0c2g3SUU0ZHA5X1ROTzdYdUE0MlBlU1dVTE9ZanlGNFdGQ1gxd1BPem1CTkVrWGZFUWcxQ2RQNkFOcW0yWmN0a3dXLWFEaElZWEN1RFR6UUFUc3IzTW5kbXh3SzE1NF82dGJ6R2dGMzdfTTFsTkFwdUhtQQ?oc=5,64.6,2026-10-08T04:41:57+00:00,vaneck semiconductor etf dinari tokenized etf smh price prediction for 2026 to 2031 bybit,vaneck semiconductor etf dinari tokenized etf smh price prediction for 2026 to 2031 bybit,1,0.06766917293233082,watchlist_news,official,passed_basic_checks,3650,2026-10-08T04:41:57+0000,2036-10-05T04:41:57+0000,True,True
VGT,Yields & Global Value: Inside Vanguard's Top 8 ETFs for September - ETF Database,ETF Database,https://etfdb.com,etfdb.com,0.62,2026-09-30 21:20:36+00:00,未分類,https://news.google.com/rss/articles/CBMiiwFBVV95cUxPQlBvN19kZVJKQ1pDNDI5blB3OTJyQkl6czZLNmx2RDFKZUR4dnAyRXhpR0xJU0pEM0M4Q3I4a1NLc0FVU2xjX1k5UWhrZnd3anp5SDdHYl9ZOEVlSDVKUVpJSm9IalhrV3cyYVZLVGtLelZPTE1XaUtxOUxQSEpaYUxEVUhjTTR1Qm40?oc=5,59.516666666666666,2026-10-08T04:41:57+00:00,yields global value inside vanguard s top 8 etfs for september etf database,yields global value inside vanguard s top 8 etfs for september etf database,1,0.0642857142857143,watchlist_news,official,passed_basic_checks,3650,2026-10-08T04:41:57+0000,2036-10-05T04:41:57+0000,True,True
AAPL,Apple Predicted To Sell 6 Million iPhone Duo Handsets This Year - Investor's Business Daily,Investor's Business Daily,https://www.investors.com,investors.com,0.8,2026-09-30 21:06:00+00:00,AI/晶片；產品/需求,https://news.google.com/rss/articles/CBMilAFBVV95cUxOU0VaNmd2U0tkNXlzazM5Y2dxSXBfajRBT2JwYnNacklBN1ZnRU1EbXp3ZDNsUm1WcVM2MlBkTm02WDhoNW80MWFLVDV2WGtWOWZIcTRaRW5uQmJHM0VhbkNiUFJ2dU1rdjdVc054dzlYYnQzQ0xzc1k2dlY3LWVJVHpic2tsVGhScUVabGotdlUyell1?oc=5,77.91666666666667,2026-10-08T04:41:57+00:00,apple predicted to sell 6 million iphone duo handsets this year investor s business daily,apple predicted to sell 6 million iphone duo handsets this year investor s business daily,1,0.028257456828885405,watchlist_news,official,passed_basic_checks,3650,2026-10-08T04:41:57+0000,2036-10-05T04:41:57+0000,True,True
IGV,"Cooler-Than-Expected PCE, Hotter Software: IGV Outpaces Chip ETF SOXX - TradingView",TradingView,https://www.tradingview.com,tradingview.com,0.62,2026-09-30 20:20:51+00:00,AI/晶片；Fed/利率；大盤風險；國際/戰爭,https://news.google.com/rss/articles/CBMixAFBVV95cUxNUHp3WXBGWmN1eEhLV1ZpMTkyM25WR2thQ0FaTkZ1OGhNS3kyWDhjTHZZcTJoZ1RDbHdGRS1nWWs2UmRoZHRjMEVrS1hIbkI4RHBoQklNTGtoSWQ4RlhRUHNuN0dHY2tXS3A4emNNV2t2U3NyQWJoTjhiSVpSZmVCOUpONTBlajZzNzF0ZWc1NDNuSzRFUWQ2ekRkWkwzV3FYaUxjdDMtd1EzajdXTmU3dTdxTEFKT0xCMk1lUFowY2dwZl95?oc=5,67.76666666666667,2026-10-08T04:41:57+00:00,cooler than expected pce hotter software igv outpaces chip etf soxx tradingview,cooler than expected pce hotter software igv outpaces chip etf soxx tradingview,1,0.07745266781411361,watchlist_news,official,passed_basic_checks,3650,2026-10-08T04:41:57+0000,2036-10-05T04:41:57+0000,True,True
META,Meta stock enjoys best month since 2022 on AI momentum - CNBC,CNBC,https://www.cnbc.com,cnbc.com,0.8,2026-09-30 20:08:47+00:00,AI/晶片,https://news.google.com/rss/articles/CBMidEFVX3lxTE1JU2Z5QzZ5cDZaZmhqYzJIR3lHeEduQWNfZnMyMTNNSENwdUh0cXNaOTRaZTRweS13STVyckg3MkVoNnB0aUFDV3R1YVU0YlFJbjA1YlhmRmM3cFN1eFRLQmpwUS1hZ0k2dUg4SXpuZ25LLXBU0gF6QVVfeXFMTnpwYnd1RXlTR25obHhCa28zeVhkUDFEbTZBcjA1ZklfSklPc3p0VVoxZHduRUwwdURtYVlXc0NDb1Q3U3Z1cjIwRmg0M284SUYwczV0U081MVliN0s1bkZtU1p0NWgyOUZPUnhPQkJ4bjc2OHE2RXNrNmc?oc=5,71.16666666666667,2026-10-08T04:41:57+00:00,meta stock enjoys best month since 2022 on ai momentum cnbc,meta stock enjoys best month since 2022 on ai momentum cnbc,1,0.021077283372365342,watchlist_news,official,passed_basic_checks,3650,2026-10-08T04:41:57+0000,2036-10-05T04:41:57+0000,True,True
QQQ,Inside the Nasdaq 100: The Stocks Driving Innovation and Market Performance - Investopedia,Investopedia,https://www.investopedia.com,investopedia.com,0.62,2026-09-30 18:09:41+00:00,未分類,https://news.google.com/rss/articles/CBMisgFBVV95cUxQZFVFUV9uNUNmb1BoblFzV096WkpZR3FkczZ2eGEzdTk0SlZMVy1PejNwVF9RZzkzaXQ3N2dmZGUzaVo1NGE2SUxYdThLazJzaUsyckg0X1NoazJvSW9LNVBGaGtreWUwbGZFdld4V3EyWG9YZ3pjRXNlVDVuZ3ktc1lEbDJXQS1xUzF1dG9CSjFsZThpdjRxU3JfcXFLREZtUWZZZjVrN1Jlc0g3Znhqb1N3?oc=5,58.516666666666666,2026-10-08T04:41:57+00:00,inside the nasdaq 100 the stocks driving innovation and market performance investopedia,inside the nasdaq 100 the stocks driving innovation and market performance investopedia,1,0.028571428571428577,watchlist_news,official,passed_basic_checks,3650,2026-10-08T04:41:57+0000,2036-10-05T04:41:57+0000,True,True
XLK,Thematic vs. Sector ETF: Understanding the Difference - Investopedia,Investopedia,https://www.investopedia.com,investopedia.com,0.62,2026-09-30 18:08:41+00:00,未分類,https://news.google.com/rss/articles/CBMikwFBVV95cUxPN3JXbWsyb1AxZTZ2SW1LelVkSFYxa1NuM2M4alZsdHZiQWd1b2NMMDBoanptT09SUGlOY3pYWFdIRzlzQ2lUS2E0ckNhREhCM0pXNkxVWjNvMWtUcm9qS19YeUQ2Z3htZ0xtRVhVdm5vRUJhLWhyd05KVm9NTFFQcld3cmkwTUpSOHM4QXpiRi1sX00?oc=5,54.516666666666666,2026-10-08T04:41:57+00:00,thematic vs sector etf understanding the difference investopedia,thematic vs sector etf understanding the difference investopedia,1,0.056722689075630266,watchlist_news,official,passed_basic_checks,3650,2026-10-08T04:41:57+0000,2036-10-05T04:41:57+0000,True,True
SOXX,"AI Uncertainty Is Rising, But These 3 Chip ETFs Still Have Momentum - MarketBeat",MarketBeat,https://www.marketbeat.com,marketbeat.com,0.62,2026-09-30 15:04:25+00:00,AI/晶片,https://news.google.com/rss/articles/CBMipgFBVV95cUxOaXNoa3ZFQ0hobUR1TGZ0M1p5aTZqa09pYU11TGdIZEpfNjJoOXI5VGZfVmtBLUxOQnhRMGVuZGtDQnpKWnY1LUYyMkFwZ2Frd0I1LWNaWFBtOWQ3R2tndExUQWVGOVB0R2ZKQmFtZTN6OVIwVnhrd1M2Z1k5ZFdmUjdDXzFoSUVFU3ZwQmNIaHlSdHlrWEM1UmFCdkFMaDYtcFZsbzZB?oc=5,63.266666666666666,2026-10-08T04:41:57+00:00,ai uncertainty is rising but these 3 chip etfs still have momentum marketbeat,ai uncertainty is rising but these 3 chip etfs still have momentum marketbeat,1,0.03214285714285715,watchlist_news,official,passed_basic_checks,3650,2026-10-08T04:41:57+0000,2036-10-05T04:41:57+0000,True,True
GOOGL,What Is Going On With Alphabet Stock? - Trefis,Trefis,https://www.trefis.com,trefis.com,0.62,2026-09-30 13:34:56+00:00,未分類,https://news.google.com/rss/articles/CBMinwFBVV95cUxQQ2xIVHlRd2t1SzFEWVBabzFJYzZOUjdhU2NUUVlQbHpjeTBFRzB3dFlTZklXWGFqeXMyWU9HT0lXbk1sSndxRkE1ek1UTzlJb3EtQkpsSXNBZzFEWjVpSWRHM1V2MDZjaktYOHI2bjBQQUtkYlFCNFFoSkhnVDVCNTd6TFg1TGFYYjZXNk5vS2FGOVRQRlVHN1Bib0pXTkE?oc=5,54.516666666666666,2026-10-08T04:41:57+00:00,what is going on with alphabet stock trefis,what is going on with alphabet stock trefis,1,0.055900621118012424,watchlist_news,official,passed_basic_checks,3650,2026-10-08T04:41:57+0000,2036-10-05T04:41:57+0000,True,True
GOOGL,Is This The Right Time To Buy Google Stock? - Forbes,Forbes,https://www.forbes.com,forbes.com,0.62,2026-09-30 13:07:52+00:00,未分類,https://news.google.com/rss/articles/CBMiowFBVV95cUxPaWdQaW12Tm9nNmpmeVU4d0hDZ1JCVm5BOExDaTdWazhUM0p4LTZJUVJrMVUzYWtNMjdoQlpqdFE4Z2VOOWwyUVAyajJvWkFQY0RYd2t0V2ZuRWxaaE5MV2o3WktVWDdIZ1k3VHdPWFVhUjhRYTM3LVBZT3lidmlQaW1PclktZlIzaE5ObDk5RS0xdC1idXI3MGRmSTBacjlRNDVZ?oc=5,56.516666666666666,2026-10-08T04:41:57+00:00,is this the right time to buy google stock forbes,is this the right time to buy google stock forbes,1,0.049450549450549455,watchlist_news,official,passed_basic_checks,3650,2026-10-08T04:41:57+0000,2036-10-05T04:41:57+0000,True,True
SOXX,Is State Street SPDR S&P Semiconductor ETF (XSD) a Strong ETF Right Now? - Yahoo Finance,Yahoo Finance,https://finance.yahoo.com,finance.yahoo.com,0.72,2026-09-30 09:20:02+00:00,AI/晶片,https://news.google.com/rss/articles/CBMinwFBVV95cUxNUk0teW1wSlVWRFZ6QnVid0JoRFFIZlU5RV9PMXRTVm95Qkg5TDZtM0RUbVNyWjdjRU5pMkhNbjhPaUR1N05NNHNBUGlqYXdlUFAyaWFpM1hYeHRGTjVFUlByZUZUSV92MWJyTk9taURVRWV2XzVwbXJpekM2T2Z6S1Y3a0ZxOGpOcHlEdmpucnU2Zkt3ZGVtdnBPV2p4cU0?oc=5,70.76666666666667,2026-10-08T04:41:57+00:00,is state street spdr s p semiconductor etf xsd a strong etf right now yahoo finance,is state street spdr s p semiconductor etf xsd a strong etf right now yahoo finance,1,0.07305194805194805,watchlist_news,official,passed_basic_checks,3650,2026-10-08T04:41:57+0000,2036-10-05T04:41:57+0000,True,True
SOXX,"Chip Stocks Roar Back: AMD, Intel Power SOXX Toward Best Month Since June - TradingView",TradingView,https://es.tradingview.com,es.tradingview.com,0.62,2026-09-30 07:48:55+00:00,AI/晶片；大盤風險；國際/戰爭,https://news.google.com/rss/articles/CBMiywFBVV95cUxNT0RMdUJDbkdpdXFQaVRrUmd0VnJQbHJVdlZNZHB0ZVU0MlNKYkZPU0hLVXRMRG9nVHRrWnoxc1dRTDJrWGpVYzRBLUlMUkdFQjJmakZNWkdGeHZoTExMbk5pM3dEek56cjR4Wk5SWDJmaEZaNlRPLUZGNmU5SHQtWmhBVTZDLXoyVFQyYkhyQjY3ZTJGRTFYbWVvTE43djJXYUYzN0o0a09fSnlNNkprbk80eUlfUHJVMDJ1ZldCQTlXQUd3MERJRnkxQQ?oc=5,71.76666666666667,2026-10-08T04:41:57+00:00,chip stocks roar back amd intel power soxx toward best month since june tradingview,chip stocks roar back amd intel power soxx toward best month since june tradingview,1,0.04433497536945813,watchlist_news,official,passed_basic_checks,3650,2026-10-08T04:41:57+0000,2036-10-05T04:41:57+0000,True,True
QQQ,Invesco Expands QQQ Suite With International Innovators ETF - ETF Database,ETF Database,https://etfdb.com,etfdb.com,0.62,2026-09-29 20:12:59+00:00,未分類,https://news.google.com/rss/articles/CBMiggFBVV95cUxPd3d4YVFmY0V0dm15clU4eGxDY2VOT2VXdW1uWEgzejlzX05BRXlTZ0FFODMwSEFUS1lGUm9YS21QcTdNT2lzQjg2R294NXZrRFRHQTlyNlg4V3c2TzVYZUNvd0NKbk0xclRfVU9MR3B5Q29qLXYyRGc1eFVnTWg2WmVB?oc=5,56.18333333333334,2026-10-08T04:41:57+00:00,invesco expands qqq suite with international innovators etf etf database,invesco expands qqq suite with international innovators etf etf database,1,0.017374517374517378,watchlist_news,official,passed_basic_checks,3650,2026-10-08T04:41:57+0000,2036-10-05T04:41:57+0000,True,True
SOXX,"If You'd Invested $5,000 in the iShares Semiconductor ETF the Day It Launched, Here's Exactly What You'd Have Today - The Globe and Mail",The Globe and Mail,https://www.theglobeandmail.com,theglobeandmail.com,0.62,2026-09-29 14:05:00+00:00,AI/晶片,https://news.google.com/rss/articles/CBMipwJBVV95cUxPUzBvcE1uVFl4LTQ2TFAxMUhCOGVBWnhnTlAzYnlVTVE5WVJvTlVoMVAxdlh3LVhJZ0xIamVCZUwxSEtmOVdpUnBBVF9kTGZUNUhmWk5qYmxjOHl0dGN0NndDeE0td25OeDh0WUZOM2FVbUhzUnR6c1pOb3lqT1dXdWx3ODBwRE9SWmlfclUxX3FWYUhZT2lORENESWUzM3YxTlg3ZmtNT0tjdlBCeEdDWmRnRUhRVk9xV2RlZ0lKSzYzSUNDMXdBcHptZ3M4UjVhd25CWS1zTDliU3hwLW9KNWJ4eW5KVUxVT3BFWFdWQS1uNWYwcUNCS3ZsQjFaNzBjZURob2tteDkyNWlMUExvaHZIM293UjlScnpMcTFpZ0ItRzBrVmdJ?oc=5,68.93333333333334,2026-10-08T04:41:57+00:00,if you d invested 5 000 in the ishares semiconductor etf the day it launched here s exactly what you d have today the globe and mail,if you d invested 5 000 in the ishares semiconductor etf the day it launched here s exactly what you d have today the globe and mail,1,0.0661764705882353,watchlist_news,official,passed_basic_checks,3650,2026-10-08T04:41:57+0000,2036-10-05T04:41:57+0000,True,True
AAPL,What Will Decide Apple Stock Over The Next Six Months? - Trefis,Trefis,https://www.trefis.com,trefis.com,0.62,2026-09-29 07:00:00+00:00,未分類,https://news.google.com/rss/articles/CBMitAFBVV95cUxOTFllWERuemFOci12OWVXd1JWLW04UFMtUEFCb3ZMUmo0UkFGSE5aUWhMNHh0dEd2R0lPMzVuektCRURLZEQ1Y2lYUVNSWk9xamRYNW9tREFUQ0hSLVVMbUZBR2hPdno5eUZvQjlGWUc5UXJrQjIwRTd0c1J4TzdPRjllSFQxQV91aXFPbW9MUnYyZmtXVjRhZU55aVJVajZIQzJfa1Jpd0dCUTZCZWFxQ2xkRko?oc=5,57.18333333333334,2026-10-08T04:41:57+00:00,what will decide apple stock over the next six months trefis,what will decide apple stock over the next six months trefis,1,0.04081632653061225,watchlist_news,official,passed_basic_checks,3650,2026-10-08T04:41:57+0000,2036-10-05T04:41:57+0000,True,True
IYW,Vanguard Tech ETF (VGT) vs. iShares Tech ETF (IYW): Which Offers Better Value for Investors? - Yahoo Finance,Yahoo Finance,https://finance.yahoo.com,finance.yahoo.com,0.72,2026-09-29 07:00:00+00:00,未分類,https://news.google.com/rss/articles/CBMikwFBVV95cUxPQThjV0ZBcWhfaFg4TDE5X1RMUjJkRURmTGRQYXItTVUtbmd4SE9SSEtpNkdsLXRPbW9lNzFUemhVRVVJNi0wSU1zUmJodnhCMlRrdV9ERzJmVTlLZC1lNFJWb1U4TWcwSkJFTTktd3VQZkRMZG1KaUFOd3Vid3NLd1lmTjVmZzZmQVVEekpHV3JqSWM?oc=5,68.68333333333334,2026-10-08T04:41:57+00:00,vanguard tech etf vgt vs ishares tech etf iyw which offers better value for investors yahoo finance,vanguard tech etf vgt vs ishares tech etf iyw which offers better value for investors yahoo finance,2,0.09523809523809523,watchlist_news,official,passed_basic_checks,3650,2026-10-08T04:41:57+0000,2036-10-05T04:41:57+0000,True,True
IYW,Vanguard Tech ETF (VGT) vs. iShares Tech ETF (IYW): Which Offers Better Value for Investors? - The Motley Fool,The Motley Fool,https://www.fool.com,fool.com,0.62,2026-09-29 07:00:00+00:00,未分類,https://news.google.com/rss/articles/CBMiwgFBVV95cUxPX0l0OEUxZElydktQWHdPUUVtZzB5cjN0Rk43X1Zvdy1qSVY5MldYVENISlBXTTBWVG9yamUxRWZnT0R5dkdKejgtRzE0TkNnazhpNTZsZTlWWW9VUlFxa1NKeGJiREFBTnNBTnEzd0tFUDNMcWFuM1FGMnVfMDVGTnZoNTJ4QUVBZm1kT2hEclVOSEVjRTU4MklPTG94a045cWY5Q1cwcWZySVZ4MmFJcEtkZU5VUWd5amVDb3FWZGdBUQ?oc=5,64.18333333333334,2026-10-08T04:41:57+00:00,vanguard tech etf vgt vs ishares tech etf iyw which offers better value for investors the motley fool,vanguard tech etf vgt vs ishares tech etf iyw which offers better value for investors the motley fool,2,0.09350649350649351,watchlist_news,official,passed_basic_checks,3650,2026-10-08T04:41:57+0000,2036-10-05T04:41:57+0000,True,True
IYW,These ten tech stocks posted double-digit gains in September (VGT:NYSEARCA) - Seeking Alpha,Seeking Alpha,https://seekingalpha.com,seekingalpha.com,0.62,2026-09-29 07:00:00+00:00,AI/晶片,https://news.google.com/rss/articles/CBMinwFBVV95cUxPRlZ5MzBoRGlDM05NNFRYakpNS2c5WmhqVklwNHJKeVg2QVRGWFZNdTctaXBpeWtva3dRUHJqOEdHazFqUGM0RGZpRGRIRDVDOGJNSVF0SkdmMHk5QzlVTUFTQ3kxVmdnMi1lVmhrMGNwczBnRWp2MlBnUUktY2ZGM2ppMGNTSGlGWjdwX1U1SVNLUWtoek5JdDdxYnR1M2s?oc=5,61.93333333333334,2026-10-08T04:41:57+00:00,these ten tech stocks posted double digit gains in september vgt nysearca seeking alpha,these ten tech stocks posted double digit gains in september vgt nysearca seeking alpha,1,0.0706436420722135,watchlist_news,official,passed_basic_checks,3650,2026-10-08T04:41:57+0000,2036-10-05T04:41:57+0000,True,True
QQQ,The Invesco QQQ Trust Recently Hit a New All-Time High. Is It Still a Good ETF to Buy Right Now? - The Motley Fool,The Motley Fool,https://www.fool.com,fool.com,0.62,2026-09-29 07:00:00+00:00,未分類,https://news.google.com/rss/articles/CBMi0wFBVV95cUxPNXZndVVxMWpPUGxnTnRXTU5BN200T2tHOXdXaTZVOWFrUGg1MktPMWo2VTd4c1d5My0tM1Rsc3Bmc0hsWnFNNGswYklScm12U0lXUUxIeE1FQkFwRzlGb250QTBmRFlEX3I2YWNRWjdVNFVnMUV2SVdCTHVQY2VKOFhfZWdsMVkyX2VNNUszakU4XzJuVEo0NlQwdUVfclhnMjhxbVZyZDFnbmF4d29GY25Uc0pXNXcwVFI3aWQ3b3p5VEh2RjBxeWJsa2NJMkNIdlpB?oc=5,65.18333333333334,2026-10-08T04:41:57+00:00,the invesco qqq trust recently hit a new all time high is it still a good etf to buy right now the motley fool,the invesco qqq trust recently hit a new all time high is it still a good etf to buy right now the motley fool,1,0.045112781954887216,watchlist_news,official,passed_basic_checks,3650,2026-10-08T04:41:57+0000,2036-10-05T04:41:57+0000,True,True
SOXX,Semiconductor ETF SOXX is a buy amid strong AI demand despite market volatility and Fed tightening. - Pluang,Pluang,https://pluang.com,pluang.com,0.62,2026-09-29 07:00:00+00:00,AI/晶片；Fed/利率,https://news.google.com/rss/articles/CBMiigFBVV95cUxOYl9zak5KcVJRVnJmd1ZJbVJ0cGxDQXBRdmVvMHhRRzZfT1BVcm8yRW5UYVR0ZG1kYkRVZWt5Vk1pbTAxSzZDS0RyT3Mwa3BIVzVJS1ltN2VBWGdqVk5ybEpoUjNXR2U5THF4dkJ2SlNEZnJSeURiSTFQN3NBLXVtMmJEUUhxN2ZyT0E?oc=5,70.68333333333334,2026-10-08T04:41:57+00:00,semiconductor etf soxx is a buy amid strong ai demand despite market volatility and fed tightening pluang,semiconductor etf soxx is a buy amid strong ai demand despite market volatility and fed tightening pluang,1,0.023809523809523808,watchlist_news,official,passed_basic_checks,3650,2026-10-08T04:41:57+0000,2036-10-05T04:41:57+0000,True,True
VGT,Vanguard Tech ETF (VGT) vs. iShares Tech ETF (IYW): Which Offers Better Value for Investors? - The Motley Fool,The Motley Fool,https://www.fool.com,fool.com,0.62,2026-09-29 07:00:00+00:00,未分類,https://news.google.com/rss/articles/CBMiwgFBVV95cUxPX0l0OEUxZElydktQWHdPUUVtZzB5cjN0Rk43X1Zvdy1qSVY5MldYVENISlBXTTBWVG9yamUxRWZnT0R5dkdKejgtRzE0TkNnazhpNTZsZTlWWW9VUlFxa1NKeGJiREFBTnNBTnEzd0tFUDNMcWFuM1FGMnVfMDVGTnZoNTJ4QUVBZm1kT2hEclVOSEVjRTU4MklPTG94a045cWY5Q1cwcWZySVZ4MmFJcEtkZU5VUWd5amVDb3FWZGdBUQ?oc=5,64.18333333333334,2026-10-08T04:41:57+00:00,vanguard tech etf vgt vs ishares tech etf iyw which offers better value for investors the motley fool,vanguard tech etf vgt vs ishares tech etf iyw which offers better value for investors the motley fool,2,0.09350649350649351,watchlist_news,official,passed_basic_checks,3650,2026-10-08T04:41:57+0000,2036-10-05T04:41:57+0000,True,True
VGT,Vanguard Tech ETF (VGT) vs. iShares Tech ETF (IYW): Which Offers Better Value for Investors? - Yahoo Finance,Yahoo Finance,https://finance.yahoo.com,finance.yahoo.com,0.72,2026-09-29 07:00:00+00:00,未分類,https://news.google.com/rss/articles/CBMikwFBVV95cUxPQThjV0ZBcWhfaFg4TDE5X1RMUjJkRURmTGRQYXItTVUtbmd4SE9SSEtpNkdsLXRPbW9lNzFUemhVRVVJNi0wSU1zUmJodnhCMlRrdV9ERzJmVTlLZC1lNFJWb1U4TWcwSkJFTTktd3VQZkRMZG1KaUFOd3Vid3NLd1lmTjVmZzZmQVVEekpHV3JqSWM?oc=5,68.68333333333334,2026-10-08T04:41:57+00:00,vanguard tech etf vgt vs ishares tech etf iyw which offers better value for investors yahoo finance,vanguard tech etf vgt vs ishares tech etf iyw which offers better value for investors yahoo finance,2,0.09523809523809523,watchlist_news,official,passed_basic_checks,3650,2026-10-08T04:41:57+0000,2036-10-05T04:41:57+0000,True,True
IGV,JPMorgan’s basket of security software stocks outperforms as AI threats mount (CIBR:NASDAQ) - Seeking Alpha,Seeking Alpha,https://seekingalpha.com,seekingalpha.com,0.62,2026-09-28 14:45:14+00:00,AI/晶片；大盤風險；國際/戰爭,https://news.google.com/rss/articles/CBMisAFBVV95cUxNNlQtZU9zVXpzbEZiQVFlcW9ZVDJKdFFlalRrU3ZUdXkzdHhfUldZVFBpMTR1NW0yUElfbWRqSllGSHMyQ3JGSjBUOUZ6LUNJYkwwM1hMYlA1Z0JidmdLSUI2TVVCR1gyX0RERWFsMzRNYjViTnp0bDhfaVhGVXpFaFFNRlcwcGdfbUV1ajBaZVQwTWhEODdVZFJOc3luV0ZUR3lmN2FITlhNZ0h6ZC1NWA?oc=5,71.1,2026-10-08T04:41:57+00:00,jpmorgan s basket of security software stocks outperforms as ai threats mount cibr nasdaq seeking alpha,jpmorgan s basket of security software stocks outperforms as ai threats mount cibr nasdaq seeking alpha,1,0.06008010680907877,watchlist_news,official,passed_basic_checks,3650,2026-10-08T04:41:57+0000,2036-10-05T04:41:57+0000,True,True
AAPL,Apple (AAPL) Stock Could Be Overvalued On Fresh Health App Hopes - Simply Wall Street,Simply Wall Street,https://simplywall.st,simplywall.st,0.62,2026-09-28 07:00:00+00:00,未分類,https://news.google.com/rss/articles/CBMivAFBVV95cUxNVGlqRVFJRnA5UmxOeGNhMmZ2YnRBVDBPTFB5M0JtMTNid3U2OEpNTTNtUGtVTWV0SElsblFKMnNtcFR2MENKaFdJWHUwYTRmZm5yRkVzWEJCSjdybHZRNkQxYXZoaDF4Vjc3LUkxeU9Ba0hPRGFOSUlrZTZJNTRJQXhpeWlkdnRzSFpoUjViYzBqcjRUZzZDREFCX3IzYnhRU2lMdzBKclJERlc4a0NJYlo1RGpKVXBqelZmU9IBwgFBVV95cUxPdVFFTHFfQlB2MkRaUWFZNlR4Ul9uUzFWdFdKLU1aN0I1dWpBRlVlTW4yZV9VLWhzVXMwRnhnVVcxTzY0emlzSnZIMnBHdVY2QjlkTTkzQ2hiOU4ya2t3UUV2OW9MQW50bGg5ZjRwMDJiNG55YkVWQi0tWjUxZGdJZ2o2Zll4d2xNMHZ5WHRxZjJGSzU0cXBDQ2FuUGpZZGhaYUlKVUF3T3NkZm1OODBISjdDeG5KbmVEY0RmSVlpQUFnUQ?oc=5,59.85,2026-10-08T04:41:57+00:00,apple aapl stock could be overvalued on fresh health app hopes simply wall street,apple aapl stock could be overvalued on fresh health app hopes simply wall street,1,0.04537815126050421,watchlist_news,official,passed_basic_checks,3650,2026-10-08T04:41:57+0000,2036-10-05T04:41:57+0000,True,True
GOOGL,Alphabet: Buy Before It Cashes In On Its TPUs (NASDAQ:GOOGL) - Seeking Alpha,Seeking Alpha,https://seekingalpha.com,seekingalpha.com,0.62,2026-09-28 07:00:00+00:00,未分類,https://news.google.com/rss/articles/CBMilgFBVV95cUxPa0ZOZWlzeEEzZ0hnaEs0QmI3Tnk1SmY4azBFQlBJeDd4VkNGd2k0ZzJhcmNqUnRFNG5MNkZDYVZnSlNQTnpTVC1lRjFiQlV6Z1RQYTJvcU5Mbl9Cc2FjX24zUGlSWUh0Ym1BTHM0UUd6R3pzc0F3SjNyNnFEbXlyTmpNaV9nT3FzbFdjRVpGUDdVV1Nrbmc?oc=5,57.85,2026-10-08T04:41:57+00:00,alphabet buy before it cashes in on its tpus nasdaq googl seeking alpha,alphabet buy before it cashes in on its tpus nasdaq googl seeking alpha,1,0.08458646616541353,watchlist_news,official,passed_basic_checks,3650,2026-10-08T04:41:57+0000,2036-10-05T04:41:57+0000,True,True
NVDA,Nvidia sets biggest-ever buyback plan as AI chip competition weighs on stock performance - Reuters,Reuters,https://www.reuters.com,reuters.com,0.95,2026-09-28 07:00:00+00:00,AI/晶片；產品/需求,https://news.google.com/rss/articles/CBMioAFBVV95cUxNTzg4UzFUbWw0cThEbUEwYVdsdF9WVVpuSDZ0RkJjLWd1UE5XdVJFWjRKazNRU2lyVkxiX2xIZFplVnkxTTl4QUhnV1NaM21SdFNxTFBMYXVJMlJVU2lobmtWYkpqa2wyWlRPLWxuZTMtTzhRUVpHZ1V6VkRLS0psbzlQTWQwcGNpVXNuSGRYSjlCQU9sU3lXcXVteXk2ZmZf?oc=5,85.5,2026-10-08T04:41:57+00:00,nvidia sets biggest ever buyback plan as ai chip competition weighs on stock performance reuters,nvidia sets biggest ever buyback plan as ai chip competition weighs on stock performance reuters,1,0.026239067055393587,watchlist_news,official,passed_basic_checks,3650,2026-10-08T04:41:57+0000,2036-10-05T04:41:57+0000,True,True
QQQ,The Nasdaq Nears a Major Breakout: 5 Tech ETFs to Play the Move - Yahoo Finance,Yahoo Finance,https://finance.yahoo.com,finance.yahoo.com,0.72,2026-09-28 07:00:00+00:00,未分類,https://news.google.com/rss/articles/CBMimgFBVV95cUxQNUpjU3dXV0djMDdJWlctTVYxc3FFNGc3QjRPVGlEM2R5Zlg0TlJyMGRYeUNoTVRMQ0lfb1Q5T1laNzBGRkZwQlktS2t0N0M5V2NIeFpjd0V4QktlNndCMzVhTDBsMERqVGRuZVg1Yy1tSUNHYVZ5alFHTWRVNUJadEQ1V0RmSkM5R2pEY2RjX25mRjNVeGVVaWJB?oc=5,66.35,2026-10-08T04:41:57+00:00,the nasdaq nears a major breakout 5 tech etfs to play the move yahoo finance,the nasdaq nears a major breakout 5 tech etfs to play the move yahoo finance,1,0.0325497287522604,watchlist_news,official,passed_basic_checks,3650,2026-10-08T04:41:57+0000,2036-10-05T04:41:57+0000,True,True
