執行編號,開始時間UTC,結束時間UTC,整體狀態,成功模組數,保護回退數,失敗模組數,失敗模組
20260525T103448+0000,2026-05-25T10:34:48+00:00,2026-05-25T10:35:20+00:00,部分保護,17,2,0,
20260525T103557+0000,2026-05-25T10:35:57+00:00,2026-05-25T10:36:06+00:00,成功,19,0,0,
20260525T121400+0000,2026-05-25T12:14:00+00:00,2026-05-25T12:14:33+00:00,成功,19,0,0,
20260525T125106+0000,2026-05-25T12:51:06+00:00,2026-05-25T12:51:38+00:00,部分保護,18,1,0,
20260525T215749+0000,2026-05-25T21:57:49+00:00,2026-05-25T21:58:30+00:00,成功,19,0,0,
20260526T193507+0000,2026-05-26T19:35:07+00:00,2026-05-26T19:35:41+00:00,成功,19,0,0,
20260527T123819+0000,2026-05-27T12:38:19+00:00,2026-05-27T12:38:59+00:00,成功,19,0,0,
20260527T230356+0000,2026-05-27T23:03:56+00:00,2026-05-27T23:04:31+00:00,成功,19,0,0,
20260528T120647+0000,2026-05-28T12:06:47+00:00,2026-05-28T12:07:21+00:00,成功,19,0,0,
20260528T125004+0000,2026-05-28T12:50:04+00:00,2026-05-28T12:50:39+00:00,成功,19,0,0,
20260528T230145+0000,2026-05-28T23:01:45+00:00,2026-05-28T23:02:19+00:00,成功,19,0,0,
20260529T110028+0000,2026-05-29T11:00:28+00:00,2026-05-29T11:01:15+00:00,成功,19,0,0,
20260529T115947+0000,2026-05-29T11:59:47+00:00,2026-05-29T12:00:31+00:00,成功,19,0,0,
20260529T204120+0000,2026-05-29T20:41:20+00:00,2026-05-29T20:42:02+00:00,成功,19,0,0,
20260530T081013+0000,2026-05-30T08:10:13+00:00,2026-05-30T08:10:48+00:00,成功,19,0,0,
20260530T084341+0000,2026-05-30T08:43:41+00:00,2026-05-30T08:44:12+00:00,成功,19,0,0,
20260530T155439+0000,2026-05-30T15:54:39+00:00,2026-05-30T15:58:11+00:00,部分保護,17,2,0,
20260530T213800+0000,2026-05-30T21:38:00+00:00,2026-05-30T21:38:33+00:00,成功,19,0,0,
20260531T093828+0000,2026-05-31T09:38:28+00:00,2026-05-31T09:39:00+00:00,部分保護,18,1,0,
20260531T095923+0000,2026-05-31T09:59:23+00:00,2026-05-31T09:59:56+00:00,成功,19,0,0,
20260531T155719+0000,2026-05-31T15:57:19+00:00,2026-05-31T15:58:03+00:00,成功,19,0,0,
20260531T213800+0000,2026-05-31T21:38:00+00:00,2026-05-31T21:38:31+00:00,成功,19,0,0,
20260601T192444+0000,2026-06-01T19:24:44+00:00,2026-06-01T19:25:25+00:00,成功,19,0,0,
20260601T193007+0000,2026-06-01T19:30:07+00:00,2026-06-01T19:30:43+00:00,成功,19,0,0,
20260602T125333+0000,2026-06-02T12:53:33+00:00,2026-06-02T12:54:08+00:00,成功,19,0,0,
20260602T125940+0000,2026-06-02T12:59:40+00:00,2026-06-02T13:00:13+00:00,成功,19,0,0,
20260603T001458+0000,2026-06-03T00:14:58+00:00,2026-06-03T00:20:03+00:00,部分保護,18,1,0,
20260603T160455+0000,2026-06-03T16:04:55+00:00,2026-06-03T16:09:40+00:00,部分保護,18,1,0,
20260603T200001+0000,2026-06-03T20:00:01+00:00,2026-06-03T20:04:39+00:00,部分保護,18,1,0,
20260604T105114+0000,2026-06-04T10:51:14+00:00,2026-06-04T10:55:48+00:00,部分保護,18,1,0,
20260604T113656+0000,2026-06-04T11:36:56+00:00,2026-06-04T11:41:31+00:00,部分保護,18,1,0,
20260604T194851+0000,2026-06-04T19:48:51+00:00,2026-06-04T19:58:50+00:00,部分保護,14,5,0,
20260605T113934+0000,2026-06-05T11:39:34+00:00,2026-06-05T11:44:12+00:00,部分保護,18,1,0,
20260605T115126+0000,2026-06-05T11:51:26+00:00,2026-06-05T11:55:59+00:00,部分保護,17,2,0,
20260605T183035+0000,2026-06-05T18:30:35+00:00,2026-06-05T18:35:13+00:00,部分保護,18,1,0,
20260606T081737+0000,2026-06-06T08:17:37+00:00,2026-06-06T08:21:11+00:00,部分保護,18,1,0,
20260606T091339+0000,2026-06-06T09:13:39+00:00,2026-06-06T09:17:12+00:00,部分保護,17,2,0,
20260606T155912+0000,2026-06-06T15:59:12+00:00,2026-06-06T16:03:48+00:00,部分保護,18,1,0,
20260606T214421+0000,2026-06-06T21:44:21+00:00,2026-06-06T21:48:50+00:00,部分保護,18,1,0,
20260607T101039+0000,2026-06-07T10:10:39+00:00,2026-06-07T10:14:25+00:00,部分保護,18,1,0,
20260607T165441+0000,2026-06-07T16:54:41+00:00,2026-06-07T16:59:02+00:00,部分保護,18,1,0,
20260607T215223+0000,2026-06-07T21:52:23+00:00,2026-06-07T21:53:50+00:00,成功,21,0,0,
20260608T143707+0000,2026-06-08T14:37:07+00:00,2026-06-08T14:38:39+00:00,成功,21,0,0,
20260608T145103+0000,2026-06-08T14:51:03+00:00,2026-06-08T14:52:35+00:00,部分保護,20,1,0,
20260608T230302+0000,2026-06-08T23:03:02+00:00,2026-06-08T23:04:35+00:00,成功,21,0,0,
20260609T104844+0000,2026-06-09T10:48:44+00:00,2026-06-09T10:53:19+00:00,成功,21,0,0,
20260609T114417+0000,2026-06-09T11:44:17+00:00,2026-06-09T11:48:44+00:00,部分保護,19,2,0,
20260609T193516+0000,2026-06-09T19:35:16+00:00,2026-06-09T19:39:57+00:00,成功,21,0,0,
20260610T115522+0000,2026-06-10T11:55:22+00:00,2026-06-10T12:00:04+00:00,成功,21,0,0,
20260610T124110+0000,2026-06-10T12:41:10+00:00,2026-06-10T12:45:58+00:00,成功,21,0,0,
20260610T231610+0000,2026-06-10T23:16:10+00:00,2026-06-10T23:20:52+00:00,成功,21,0,0,
20260611T125718+0000,2026-06-11T12:57:18+00:00,2026-06-11T13:02:02+00:00,成功,21,0,0,
20260611T130515+0000,2026-06-11T13:05:15+00:00,2026-06-11T13:09:58+00:00,成功,21,0,0,
20260611T231057+0000,2026-06-11T23:10:57+00:00,2026-06-11T23:15:54+00:00,成功,21,0,0,
20260612T120127+0000,2026-06-12T12:01:27+00:00,2026-06-12T12:06:18+00:00,成功,21,0,0,
20260612T123924+0000,2026-06-12T12:39:24+00:00,2026-06-12T12:44:08+00:00,成功,21,0,0,
20260612T230318+0000,2026-06-12T23:03:18+00:00,2026-06-12T23:08:02+00:00,成功,21,0,0,
20260613T034052+0000,2026-06-13T03:40:52+00:00,2026-06-13T03:45:29+00:00,成功,21,0,0,
20260613T085805+0000,2026-06-13T08:58:05+00:00,2026-06-13T09:03:02+00:00,成功,21,0,0,
20260613T100810+0000,2026-06-13T10:08:10+00:00,2026-06-13T10:12:56+00:00,成功,21,0,0,
20260613T135858+0000,2026-06-13T13:58:58+00:00,2026-06-13T14:03:38+00:00,成功,21,0,0,
20260613T192506+0000,2026-06-13T19:25:06+00:00,2026-06-13T19:29:52+00:00,成功,21,0,0,
20260614T000316+0000,2026-06-14T00:03:16+00:00,2026-06-14T00:08:23+00:00,成功,21,0,0,
20260614T040214+0000,2026-06-14T04:02:14+00:00,2026-06-14T04:06:57+00:00,成功,21,0,0,
20260614T093359+0000,2026-06-14T09:33:59+00:00,2026-06-14T09:38:54+00:00,成功,21,0,0,
20260614T140206+0000,2026-06-14T14:02:06+00:00,2026-06-14T14:06:46+00:00,成功,21,0,0,
20260614T192634+0000,2026-06-14T19:26:34+00:00,2026-06-14T19:31:26+00:00,成功,21,0,0,
20260615T000554+0000,2026-06-15T00:05:54+00:00,2026-06-15T00:10:36+00:00,成功,21,0,0,
20260615T041505+0000,2026-06-15T04:15:05+00:00,2026-06-15T04:19:59+00:00,部分保護,20,1,0,
20260615T121302+0000,2026-06-15T12:13:02+00:00,2026-06-15T12:17:43+00:00,成功,21,0,0,
20260615T205502+0000,2026-06-15T20:55:02+00:00,2026-06-15T20:59:44+00:00,成功,21,0,0,
20260616T002816+0000,2026-06-16T00:28:16+00:00,2026-06-16T00:32:59+00:00,成功,21,0,0,
20260616T040450+0000,2026-06-16T04:04:50+00:00,2026-06-16T04:09:30+00:00,成功,21,0,0,
20260616T111000+0000,2026-06-16T11:10:00+00:00,2026-06-16T11:14:44+00:00,成功,21,0,0,
20260616T165136+0000,2026-06-16T16:51:36+00:00,2026-06-16T16:58:16+00:00,成功,21,0,0,
20260616T205004+0000,2026-06-16T20:50:04+00:00,2026-06-16T20:54:46+00:00,成功,21,0,0,
20260617T001335+0000,2026-06-17T00:13:35+00:00,2026-06-17T00:18:36+00:00,成功,21,0,0,
20260617T040537+0000,2026-06-17T04:05:37+00:00,2026-06-17T04:10:17+00:00,成功,21,0,0,
20260617T105506+0000,2026-06-17T10:55:06+00:00,2026-06-17T11:00:29+00:00,成功,21,0,0,
20260617T152851+0000,2026-06-17T15:28:51+00:00,2026-06-17T15:33:36+00:00,成功,21,0,0,
20260617T201204+0000,2026-06-17T20:12:04+00:00,2026-06-17T20:16:57+00:00,成功,21,0,0,
20260618T001402+0000,2026-06-18T00:14:02+00:00,2026-06-18T00:18:55+00:00,成功,21,0,0,
20260618T035633+0000,2026-06-18T03:56:33+00:00,2026-06-18T04:01:28+00:00,成功,21,0,0,
20260618T102027+0000,2026-06-18T10:20:27+00:00,2026-06-18T10:25:06+00:00,成功,21,0,0,
20260618T152259+0000,2026-06-18T15:22:59+00:00,2026-06-18T15:27:46+00:00,成功,21,0,0,
20260618T202546+0000,2026-06-18T20:25:46+00:00,2026-06-18T20:30:31+00:00,成功,21,0,0,
20260619T002323+0000,2026-06-19T00:23:23+00:00,2026-06-19T00:28:09+00:00,部分保護,20,1,0,
20260619T041616+0000,2026-06-19T04:16:16+00:00,2026-06-19T04:20:56+00:00,部分保護,20,1,0,
20260619T102532+0000,2026-06-19T10:25:32+00:00,2026-06-19T10:30:12+00:00,成功,21,0,0,
20260619T151540+0000,2026-06-19T15:15:40+00:00,2026-06-19T15:20:25+00:00,成功,21,0,0,
20260619T194941+0000,2026-06-19T19:49:41+00:00,2026-06-19T19:54:30+00:00,成功,21,0,0,
20260620T000600+0000,2026-06-20T00:06:00+00:00,2026-06-20T00:10:55+00:00,成功,21,0,0,
20260620T033806+0000,2026-06-20T03:38:06+00:00,2026-06-20T03:43:02+00:00,成功,21,0,0,
20260620T085518+0000,2026-06-20T08:55:18+00:00,2026-06-20T09:00:03+00:00,成功,21,0,0,
20260620T140240+0000,2026-06-20T14:02:40+00:00,2026-06-20T14:07:32+00:00,成功,21,0,0,
20260620T192545+0000,2026-06-20T19:25:45+00:00,2026-06-20T19:30:30+00:00,成功,21,0,0,
20260621T000311+0000,2026-06-21T00:03:11+00:00,2026-06-21T00:07:58+00:00,成功,21,0,0,
20260621T041044+0000,2026-06-21T04:10:44+00:00,2026-06-21T04:15:29+00:00,部分保護,20,1,0,
20260621T094954+0000,2026-06-21T09:49:54+00:00,2026-06-21T09:55:03+00:00,部分保護,20,1,0,
20260621T141016+0000,2026-06-21T14:10:16+00:00,2026-06-21T14:15:03+00:00,部分保護,20,1,0,
20260621T194021+0000,2026-06-21T19:40:21+00:00,2026-06-21T19:45:07+00:00,部分保護,20,1,0,
20260622T000721+0000,2026-06-22T00:07:21+00:00,2026-06-22T00:12:03+00:00,成功,21,0,0,
20260622T041147+0000,2026-06-22T04:11:47+00:00,2026-06-22T04:16:45+00:00,成功,21,0,0,
20260622T115335+0000,2026-06-22T11:53:35+00:00,2026-06-22T11:58:22+00:00,成功,21,0,0,
20260622T165520+0000,2026-06-22T16:55:20+00:00,2026-06-22T17:00:08+00:00,成功,21,0,0,
20260622T204725+0000,2026-06-22T20:47:25+00:00,2026-06-22T20:52:35+00:00,成功,21,0,0,
20260623T000204+0000,2026-06-23T00:02:04+00:00,2026-06-23T00:06:49+00:00,成功,21,0,0,
20260623T033201+0000,2026-06-23T03:32:01+00:00,2026-06-23T03:36:43+00:00,成功,21,0,0,
20260623T093816+0000,2026-06-23T09:38:16+00:00,2026-06-23T09:43:18+00:00,成功,21,0,0,
20260623T144741+0000,2026-06-23T14:47:41+00:00,2026-06-23T14:52:26+00:00,成功,21,0,0,
20260623T200430+0000,2026-06-23T20:04:30+00:00,2026-06-23T20:09:27+00:00,成功,21,0,0,
20260623T235340+0000,2026-06-23T23:53:40+00:00,2026-06-23T23:58:36+00:00,成功,21,0,0,
20260624T033326+0000,2026-06-24T03:33:26+00:00,2026-06-24T03:38:09+00:00,成功,21,0,0,
20260624T092847+0000,2026-06-24T09:28:47+00:00,2026-06-24T09:33:52+00:00,成功,21,0,0,
20260624T142917+0000,2026-06-24T14:29:17+00:00,2026-06-24T14:34:06+00:00,成功,21,0,0,
20260624T194505+0000,2026-06-24T19:45:05+00:00,2026-06-24T20:16:56+00:00,部分保護,17,4,0,
20260625T000657+0000,2026-06-25T00:06:57+00:00,2026-06-25T00:11:44+00:00,成功,21,0,0,
20260625T033126+0000,2026-06-25T03:31:26+00:00,2026-06-25T03:36:05+00:00,成功,21,0,0,
20260625T092049+0000,2026-06-25T09:20:49+00:00,2026-06-25T09:25:31+00:00,成功,21,0,0,
20260625T143209+0000,2026-06-25T14:32:09+00:00,2026-06-25T14:37:00+00:00,成功,21,0,0,
20260625T195943+0000,2026-06-25T19:59:43+00:00,2026-06-25T20:04:36+00:00,成功,21,0,0,
20260626T000620+0000,2026-06-26T00:06:20+00:00,2026-06-26T00:11:06+00:00,成功,21,0,0,
20260626T033855+0000,2026-06-26T03:38:55+00:00,2026-06-26T03:43:36+00:00,成功,21,0,0,
20260626T092550+0000,2026-06-26T09:25:50+00:00,2026-06-26T09:30:36+00:00,成功,21,0,0,
20260626T142357+0000,2026-06-26T14:23:57+00:00,2026-06-26T14:29:10+00:00,成功,21,0,0,
20260626T194702+0000,2026-06-26T19:47:02+00:00,2026-06-26T19:52:00+00:00,成功,21,0,0,
20260627T000242+0000,2026-06-27T00:02:42+00:00,2026-06-27T00:07:24+00:00,成功,21,0,0,
20260627T032428+0000,2026-06-27T03:24:28+00:00,2026-06-27T03:29:40+00:00,成功,21,0,0,
20260627T083533+0000,2026-06-27T08:35:33+00:00,2026-06-27T08:40:23+00:00,部分保護,20,1,0,
20260627T134143+0000,2026-06-27T13:41:43+00:00,2026-06-27T13:46:27+00:00,成功,21,0,0,
20260627T192017+0000,2026-06-27T19:20:17+00:00,2026-06-27T19:25:11+00:00,成功,21,0,0,
20260627T235827+0000,2026-06-27T23:58:27+00:00,2026-06-28T00:03:16+00:00,成功,21,0,0,
20260628T034623+0000,2026-06-28T03:46:23+00:00,2026-06-28T03:51:05+00:00,成功,21,0,0,
20260628T085043+0000,2026-06-28T08:50:43+00:00,2026-06-28T08:55:25+00:00,成功,21,0,0,
20260628T134514+0000,2026-06-28T13:45:14+00:00,2026-06-28T13:50:03+00:00,成功,21,0,0,
20260628T191840+0000,2026-06-28T19:18:40+00:00,2026-06-28T19:23:25+00:00,成功,21,0,0,
20260629T000422+0000,2026-06-29T00:04:22+00:00,2026-06-29T00:09:06+00:00,成功,21,0,0,
20260629T035306+0000,2026-06-29T03:53:06+00:00,2026-06-29T03:57:54+00:00,成功,21,0,0,
20260629T105834+0000,2026-06-29T10:58:34+00:00,2026-06-29T11:03:26+00:00,成功,21,0,0,
20260629T154512+0000,2026-06-29T15:45:12+00:00,2026-06-29T15:50:02+00:00,成功,21,0,0,
20260629T195709+0000,2026-06-29T19:57:09+00:00,2026-06-29T20:02:07+00:00,成功,21,0,0,
20260630T000012+0000,2026-06-30T00:00:12+00:00,2026-06-30T00:04:56+00:00,成功,21,0,0,
20260630T033711+0000,2026-06-30T03:37:11+00:00,2026-06-30T03:42:01+00:00,成功,21,0,0,
20260630T093429+0000,2026-06-30T09:34:29+00:00,2026-06-30T09:39:41+00:00,成功,21,0,0,
20260630T142037+0000,2026-06-30T14:20:37+00:00,2026-06-30T14:25:44+00:00,成功,21,0,0,
20260630T195647+0000,2026-06-30T19:56:47+00:00,2026-06-30T20:01:41+00:00,成功,21,0,0,
20260701T000310+0000,2026-07-01T00:03:10+00:00,2026-07-01T00:08:00+00:00,成功,21,0,0,
20260701T035100+0000,2026-07-01T03:51:00+00:00,2026-07-01T03:55:49+00:00,成功,21,0,0,
20260701T094438+0000,2026-07-01T09:44:38+00:00,2026-07-01T09:49:21+00:00,成功,21,0,0,
20260701T143409+0000,2026-07-01T14:34:09+00:00,2026-07-01T14:39:35+00:00,成功,21,0,0,
20260701T195437+0000,2026-07-01T19:54:37+00:00,2026-07-01T19:59:24+00:00,成功,21,0,0,
20260702T000407+0000,2026-07-02T00:04:07+00:00,2026-07-02T00:08:53+00:00,成功,21,0,0,
20260702T033238+0000,2026-07-02T03:32:38+00:00,2026-07-02T03:37:27+00:00,成功,21,0,0,
20260702T085533+0000,2026-07-02T08:55:33+00:00,2026-07-02T09:00:17+00:00,成功,21,0,0,
20260702T135921+0000,2026-07-02T13:59:21+00:00,2026-07-02T14:31:06+00:00,部分保護,17,4,0,
20260702T192331+0000,2026-07-02T19:23:31+00:00,2026-07-02T19:28:25+00:00,成功,21,0,0,
20260703T000232+0000,2026-07-03T00:02:32+00:00,2026-07-03T00:07:34+00:00,成功,21,0,0,
20260703T025512+0000,2026-07-03T02:55:12+00:00,2026-07-03T03:00:24+00:00,成功,21,0,0,
20260703T091716+0000,2026-07-03T09:17:16+00:00,2026-07-03T09:21:58+00:00,成功,21,0,0,
20260703T140301+0000,2026-07-03T14:03:01+00:00,2026-07-03T14:07:48+00:00,成功,21,0,0,
20260703T192123+0000,2026-07-03T19:21:23+00:00,2026-07-03T19:26:11+00:00,成功,21,0,0,
20260704T000157+0000,2026-07-04T00:01:57+00:00,2026-07-04T00:06:41+00:00,成功,21,0,0,
20260704T025138+0000,2026-07-04T02:51:38+00:00,2026-07-04T02:56:21+00:00,成功,21,0,0,
20260704T083607+0000,2026-07-04T08:36:07+00:00,2026-07-04T08:40:52+00:00,成功,21,0,0,
20260704T132416+0000,2026-07-04T13:24:16+00:00,2026-07-04T13:29:19+00:00,成功,21,0,0,
20260704T191209+0000,2026-07-04T19:12:09+00:00,2026-07-04T19:16:57+00:00,成功,21,0,0,
20260704T235851+0000,2026-07-04T23:58:51+00:00,2026-07-05T00:04:04+00:00,成功,21,0,0,
20260705T032124+0000,2026-07-05T03:21:24+00:00,2026-07-05T03:26:07+00:00,成功,21,0,0,
20260705T085202+0000,2026-07-05T08:52:02+00:00,2026-07-05T08:57:02+00:00,部分保護,20,1,0,
20260705T133744+0000,2026-07-05T13:37:44+00:00,2026-07-05T13:42:26+00:00,部分保護,20,1,0,
20260705T191706+0000,2026-07-05T19:17:06+00:00,2026-07-05T19:21:52+00:00,部分保護,20,1,0,
20260706T000218+0000,2026-07-06T00:02:18+00:00,2026-07-06T00:07:02+00:00,成功,21,0,0,
20260706T032911+0000,2026-07-06T03:29:11+00:00,2026-07-06T03:34:09+00:00,成功,21,0,0,
20260706T102000+0000,2026-07-06T10:20:00+00:00,2026-07-06T10:24:52+00:00,成功,21,0,0,
20260706T153106+0000,2026-07-06T15:31:06+00:00,2026-07-06T15:36:16+00:00,成功,21,0,0,
20260706T195553+0000,2026-07-06T19:55:53+00:00,2026-07-06T20:00:46+00:00,成功,21,0,0,
20260707T000345+0000,2026-07-07T00:03:45+00:00,2026-07-07T00:08:52+00:00,成功,21,0,0,
20260707T031935+0000,2026-07-07T03:19:35+00:00,2026-07-07T03:24:20+00:00,成功,21,0,0,
20260707T093951+0000,2026-07-07T09:39:51+00:00,2026-07-07T09:44:43+00:00,成功,21,0,0,
20260707T143219+0000,2026-07-07T14:32:19+00:00,2026-07-07T14:37:15+00:00,成功,21,0,0,
20260707T195404+0000,2026-07-07T19:54:04+00:00,2026-07-07T19:58:57+00:00,成功,21,0,0,
20260707T235454+0000,2026-07-07T23:54:54+00:00,2026-07-07T23:59:42+00:00,成功,21,0,0,
20260708T023714+0000,2026-07-08T02:37:14+00:00,2026-07-08T02:42:12+00:00,成功,21,0,0,
20260708T082643+0000,2026-07-08T08:26:43+00:00,2026-07-08T08:31:28+00:00,成功,21,0,0,
20260708T140418+0000,2026-07-08T14:04:18+00:00,2026-07-08T14:09:11+00:00,成功,21,0,0,
20260708T192429+0000,2026-07-08T19:24:29+00:00,2026-07-08T19:29:18+00:00,成功,21,0,0,
20260709T000549+0000,2026-07-09T00:05:49+00:00,2026-07-09T00:10:38+00:00,成功,21,0,0,
20260709T025613+0000,2026-07-09T02:56:13+00:00,2026-07-09T03:01:21+00:00,成功,21,0,0,
20260709T093815+0000,2026-07-09T09:38:15+00:00,2026-07-09T09:43:03+00:00,成功,21,0,0,
20260709T145730+0000,2026-07-09T14:57:30+00:00,2026-07-09T15:03:02+00:00,成功,21,0,0,
20260709T194537+0000,2026-07-09T19:45:37+00:00,2026-07-09T19:50:32+00:00,成功,21,0,0,
20260710T000053+0000,2026-07-10T00:00:53+00:00,2026-07-10T00:05:41+00:00,成功,21,0,0,
20260710T025846+0000,2026-07-10T02:58:46+00:00,2026-07-10T03:03:39+00:00,成功,21,0,0,
20260710T093349+0000,2026-07-10T09:33:49+00:00,2026-07-10T09:38:33+00:00,成功,21,0,0,
20260710T142510+0000,2026-07-10T14:25:10+00:00,2026-07-10T14:30:17+00:00,成功,21,0,0,
20260710T192622+0000,2026-07-10T19:26:22+00:00,2026-07-10T19:31:45+00:00,成功,21,0,0,
20260710T235452+0000,2026-07-10T23:54:52+00:00,2026-07-10T23:59:41+00:00,成功,21,0,0,
20260711T023514+0000,2026-07-11T02:35:14+00:00,2026-07-11T02:40:07+00:00,成功,21,0,0,
20260711T075439+0000,2026-07-11T07:54:39+00:00,2026-07-11T07:59:22+00:00,成功,21,0,0,
20260711T131720+0000,2026-07-11T13:17:20+00:00,2026-07-11T13:22:19+00:00,成功,21,0,0,
20260711T190230+0000,2026-07-11T19:02:30+00:00,2026-07-11T19:07:37+00:00,成功,21,0,0,
20260711T235109+0000,2026-07-11T23:51:09+00:00,2026-07-11T23:56:00+00:00,成功,21,0,0,
20260712T024206+0000,2026-07-12T02:42:06+00:00,2026-07-12T02:47:02+00:00,成功,21,0,0,
20260712T081601+0000,2026-07-12T08:16:01+00:00,2026-07-12T08:21:15+00:00,成功,21,0,0,
20260712T131753+0000,2026-07-12T13:17:53+00:00,2026-07-12T13:22:40+00:00,成功,21,0,0,
20260712T190500+0000,2026-07-12T19:05:00+00:00,2026-07-12T19:09:52+00:00,成功,21,0,0,
20260712T234943+0000,2026-07-12T23:49:43+00:00,2026-07-12T23:54:40+00:00,成功,21,0,0,
20260713T024330+0000,2026-07-13T02:43:30+00:00,2026-07-13T02:48:22+00:00,成功,21,0,0,
20260713T092518+0000,2026-07-13T09:25:18+00:00,2026-07-13T09:30:11+00:00,成功,21,0,0,
20260713T143238+0000,2026-07-13T14:32:38+00:00,2026-07-13T14:37:33+00:00,成功,21,0,0,
20260713T192236+0000,2026-07-13T19:22:36+00:00,2026-07-13T19:27:38+00:00,成功,21,0,0,
20260713T235107+0000,2026-07-13T23:51:07+00:00,2026-07-13T23:55:56+00:00,成功,21,0,0,
20260714T022634+0000,2026-07-14T02:26:34+00:00,2026-07-14T02:31:22+00:00,成功,21,0,0,
20260714T080313+0000,2026-07-14T08:03:13+00:00,2026-07-14T08:08:02+00:00,成功,21,0,0,
20260714T134139+0000,2026-07-14T13:41:39+00:00,2026-07-14T13:46:51+00:00,成功,21,0,0,
20260714T191857+0000,2026-07-14T19:18:57+00:00,2026-07-14T19:24:17+00:00,成功,21,0,0,
20260714T235052+0000,2026-07-14T23:50:52+00:00,2026-07-14T23:55:44+00:00,成功,21,0,0,
20260715T022433+0000,2026-07-15T02:24:33+00:00,2026-07-15T02:29:21+00:00,成功,21,0,0,
20260715T080835+0000,2026-07-15T08:08:35+00:00,2026-07-15T08:13:49+00:00,成功,21,0,0,
20260715T134157+0000,2026-07-15T13:41:57+00:00,2026-07-15T13:47:35+00:00,成功,21,0,0,
20260715T190936+0000,2026-07-15T19:09:36+00:00,2026-07-15T19:14:33+00:00,成功,21,0,0,
20260715T235549+0000,2026-07-15T23:55:49+00:00,2026-07-16T00:00:41+00:00,成功,21,0,0,
20260716T023227+0000,2026-07-16T02:32:27+00:00,2026-07-16T02:37:24+00:00,成功,21,0,0,
20260716T081205+0000,2026-07-16T08:12:05+00:00,2026-07-16T08:17:42+00:00,成功,21,0,0,
20260716T134825+0000,2026-07-16T13:48:25+00:00,2026-07-16T13:53:26+00:00,成功,21,0,0,
20260716T190859+0000,2026-07-16T19:08:59+00:00,2026-07-16T19:14:21+00:00,成功,21,0,0,
20260716T235520+0000,2026-07-16T23:55:20+00:00,2026-07-17T00:00:56+00:00,成功,21,0,0,
20260717T023443+0000,2026-07-17T02:34:43+00:00,2026-07-17T02:40:07+00:00,成功,21,0,0,
20260717T080849+0000,2026-07-17T08:08:49+00:00,2026-07-17T08:14:14+00:00,成功,21,0,0,
20260717T132630+0000,2026-07-17T13:26:30+00:00,2026-07-17T13:59:35+00:00,部分保護,17,4,0,
20260717T190639+0000,2026-07-17T19:06:39+00:00,2026-07-17T19:11:56+00:00,成功,21,0,0,
20260717T234847+0000,2026-07-17T23:48:47+00:00,2026-07-17T23:53:31+00:00,成功,21,0,0,
20260718T022550+0000,2026-07-18T02:25:50+00:00,2026-07-18T02:31:17+00:00,成功,21,0,0,
20260718T074829+0000,2026-07-18T07:48:29+00:00,2026-07-18T07:53:52+00:00,成功,21,0,0,
20260718T131324+0000,2026-07-18T13:13:24+00:00,2026-07-18T13:18:09+00:00,成功,21,0,0,
20260718T190238+0000,2026-07-18T19:02:38+00:00,2026-07-18T19:08:03+00:00,成功,21,0,0,
20260718T234958+0000,2026-07-18T23:49:58+00:00,2026-07-18T23:54:41+00:00,成功,21,0,0,
20260719T023852+0000,2026-07-19T02:38:52+00:00,2026-07-19T02:43:34+00:00,成功,21,0,0,
20260719T081631+0000,2026-07-19T08:16:31+00:00,2026-07-19T08:21:57+00:00,成功,21,0,0,
20260719T131615+0000,2026-07-19T13:16:15+00:00,2026-07-19T13:21:43+00:00,成功,21,0,0,
20260719T190441+0000,2026-07-19T19:04:41+00:00,2026-07-19T19:10:46+00:00,成功,21,0,0,
20260719T235312+0000,2026-07-19T23:53:12+00:00,2026-07-19T23:58:05+00:00,成功,21,0,0,
20260720T034443+0000,2026-07-20T03:44:43+00:00,2026-07-20T03:50:09+00:00,成功,21,0,0,
20260720T085648+0000,2026-07-20T08:56:48+00:00,2026-07-20T09:01:29+00:00,成功,21,0,0,
20260720T194259+0000,2026-07-20T19:42:59+00:00,2026-07-20T19:48:29+00:00,成功,21,0,0,
20260720T235407+0000,2026-07-20T23:54:07+00:00,2026-07-20T23:58:51+00:00,成功,21,0,0,
20260721T023620+0000,2026-07-21T02:36:20+00:00,2026-07-21T02:41:05+00:00,成功,21,0,0,
20260721T082716+0000,2026-07-21T08:27:16+00:00,2026-07-21T08:32:08+00:00,成功,21,0,0,
20260721T134742+0000,2026-07-21T13:47:42+00:00,2026-07-21T13:52:35+00:00,成功,21,0,0,
20260721T192048+0000,2026-07-21T19:20:48+00:00,2026-07-21T19:26:03+00:00,成功,21,0,0,
20260721T235336+0000,2026-07-21T23:53:36+00:00,2026-07-21T23:59:29+00:00,成功,21,0,0,
20260722T023453+0000,2026-07-22T02:34:53+00:00,2026-07-22T02:39:44+00:00,成功,21,0,0,
20260722T082750+0000,2026-07-22T08:27:50+00:00,2026-07-22T08:32:37+00:00,成功,21,0,0,
20260722T135127+0000,2026-07-22T13:51:27+00:00,2026-07-22T13:57:20+00:00,成功,22,0,0,
20260722T191724+0000,2026-07-22T19:17:24+00:00,2026-07-22T19:22:28+00:00,成功,22,0,0,
20260722T235853+0000,2026-07-22T23:58:53+00:00,2026-07-23T00:03:53+00:00,成功,22,0,0,
20260723T024028+0000,2026-07-23T02:40:28+00:00,2026-07-23T02:45:12+00:00,成功,22,0,0,
20260723T082838+0000,2026-07-23T08:28:38+00:00,2026-07-23T08:34:19+00:00,成功,22,0,0,
20260723T135703+0000,2026-07-23T13:57:03+00:00,2026-07-23T14:02:46+00:00,成功,22,0,0,
20260723T191601+0000,2026-07-23T19:16:01+00:00,2026-07-23T19:21:28+00:00,成功,22,0,0,
20260723T235647+0000,2026-07-23T23:56:47+00:00,2026-07-24T00:01:36+00:00,成功,22,0,0,
20260724T023632+0000,2026-07-24T02:36:32+00:00,2026-07-24T02:41:16+00:00,成功,22,0,0,
20260724T082625+0000,2026-07-24T08:26:25+00:00,2026-07-24T08:31:54+00:00,成功,25,0,0,
20260724T134343+0000,2026-07-24T13:43:43+00:00,2026-07-24T13:48:52+00:00,成功,25,0,0,
20260724T192402+0000,2026-07-24T19:24:02+00:00,2026-07-24T19:29:02+00:00,成功,25,0,0,
20260724T235945+0000,2026-07-24T23:59:45+00:00,2026-07-25T00:04:39+00:00,成功,25,0,0,
20260725T023452+0000,2026-07-25T02:34:52+00:00,2026-07-25T02:39:57+00:00,成功,25,0,0,
20260725T080506+0000,2026-07-25T08:05:06+00:00,2026-07-25T08:10:01+00:00,成功,25,0,0,
20260725T132351+0000,2026-07-25T13:23:51+00:00,2026-07-25T13:29:04+00:00,部分保護,24,1,0,
20260725T190538+0000,2026-07-25T19:05:38+00:00,2026-07-25T19:10:32+00:00,部分保護,24,1,0,
20260725T235629+0000,2026-07-25T23:56:29+00:00,2026-07-26T00:01:53+00:00,部分保護,24,1,0,
20260726T024302+0000,2026-07-26T02:43:02+00:00,2026-07-26T02:48:24+00:00,成功,25,0,0,
20260726T082446+0000,2026-07-26T08:24:46+00:00,2026-07-26T08:29:43+00:00,成功,25,0,0,
20260726T132009+0000,2026-07-26T13:20:09+00:00,2026-07-26T13:25:39+00:00,成功,27,0,0,
20260726T190906+0000,2026-07-26T19:09:06+00:00,2026-07-26T19:14:22+00:00,部分保護,26,1,0,
20260726T235645+0000,2026-07-26T23:56:45+00:00,2026-07-27T00:01:46+00:00,成功,27,0,0,
20260727T025126+0000,2026-07-27T02:51:26+00:00,2026-07-27T02:56:37+00:00,成功,27,0,0,
20260727T095044+0000,2026-07-27T09:50:44+00:00,2026-07-27T09:56:01+00:00,成功,27,0,0,
20260727T143205+0000,2026-07-27T14:32:05+00:00,2026-07-27T14:37:16+00:00,成功,27,0,0,
20260727T192558+0000,2026-07-27T19:25:58+00:00,2026-07-27T19:31:00+00:00,成功,27,0,0,
20260727T235903+0000,2026-07-27T23:59:03+00:00,2026-07-28T00:04:07+00:00,成功,27,0,0,
20260728T022923+0000,2026-07-28T02:29:23+00:00,2026-07-28T02:34:27+00:00,成功,27,0,0,
20260728T083250+0000,2026-07-28T08:32:50+00:00,2026-07-28T08:37:50+00:00,成功,27,0,0,
20260728T140450+0000,2026-07-28T14:04:50+00:00,2026-07-28T14:09:54+00:00,成功,27,0,0,
20260728T192209+0000,2026-07-28T19:22:09+00:00,2026-07-28T19:27:13+00:00,成功,27,0,0,
20260728T235508+0000,2026-07-28T23:55:08+00:00,2026-07-29T00:00:11+00:00,成功,27,0,0,
20260729T023334+0000,2026-07-29T02:33:34+00:00,2026-07-29T02:38:33+00:00,成功,27,0,0,
20260729T083932+0000,2026-07-29T08:39:32+00:00,2026-07-29T08:44:31+00:00,成功,27,0,0,
20260729T140819+0000,2026-07-29T14:08:19+00:00,2026-07-29T14:13:44+00:00,成功,27,0,0,
20260729T191426+0000,2026-07-29T19:14:26+00:00,2026-07-29T19:19:30+00:00,成功,27,0,0,
20260729T235721+0000,2026-07-29T23:57:21+00:00,2026-07-30T00:03:06+00:00,成功,27,0,0,
20260730T022119+0000,2026-07-30T02:21:19+00:00,2026-07-30T02:26:27+00:00,成功,27,0,0,
20260730T082518+0000,2026-07-30T08:25:18+00:00,2026-07-30T08:30:14+00:00,成功,27,0,0,
20260730T135902+0000,2026-07-30T13:59:02+00:00,2026-07-30T14:04:23+00:00,成功,27,0,0,
20260730T192509+0000,2026-07-30T19:25:09+00:00,2026-07-30T19:30:43+00:00,成功,27,0,0,
20260730T235841+0000,2026-07-30T23:58:41+00:00,2026-07-31T00:03:44+00:00,成功,27,0,0,
20260731T024506+0000,2026-07-31T02:45:06+00:00,2026-07-31T02:50:27+00:00,成功,27,0,0,
20260731T084812+0000,2026-07-31T08:48:12+00:00,2026-07-31T08:53:15+00:00,成功,27,0,0,
20260731T140416+0000,2026-07-31T14:04:16+00:00,2026-07-31T14:09:30+00:00,成功,27,0,0,
20260731T192309+0000,2026-07-31T19:23:09+00:00,2026-07-31T19:28:16+00:00,成功,27,0,0,
20260731T235823+0000,2026-07-31T23:58:23+00:00,2026-08-01T00:03:24+00:00,成功,27,0,0,
20260801T024312+0000,2026-08-01T02:43:12+00:00,2026-08-01T02:48:26+00:00,成功,27,0,0,
20260801T081949+0000,2026-08-01T08:19:49+00:00,2026-08-01T08:24:47+00:00,成功,27,0,0,
20260801T131833+0000,2026-08-01T13:18:33+00:00,2026-08-01T13:23:37+00:00,成功,27,0,0,
20260801T190631+0000,2026-08-01T19:06:31+00:00,2026-08-01T19:11:34+00:00,成功,27,0,0,
20260801T235337+0000,2026-08-01T23:53:37+00:00,2026-08-01T23:59:12+00:00,成功,27,0,0,
20260802T024234+0000,2026-08-02T02:42:34+00:00,2026-08-02T02:47:42+00:00,成功,27,0,0,
20260802T082257+0000,2026-08-02T08:22:57+00:00,2026-08-02T08:27:56+00:00,成功,27,0,0,
20260802T131847+0000,2026-08-02T13:18:47+00:00,2026-08-02T13:24:27+00:00,成功,27,0,0,
20260802T190840+0000,2026-08-02T19:08:40+00:00,2026-08-02T19:13:35+00:00,成功,27,0,0,
20260802T235439+0000,2026-08-02T23:54:39+00:00,2026-08-02T23:59:42+00:00,成功,27,0,0,
20260803T024331+0000,2026-08-03T02:43:31+00:00,2026-08-03T02:48:44+00:00,成功,27,0,0,
20260803T094229+0000,2026-08-03T09:42:29+00:00,2026-08-03T09:47:28+00:00,成功,27,0,0,
20260803T143702+0000,2026-08-03T14:37:02+00:00,2026-08-03T14:42:12+00:00,成功,27,0,0,
20260803T193536+0000,2026-08-03T19:35:36+00:00,2026-08-03T19:40:43+00:00,成功,27,0,0,
20260804T000441+0000,2026-08-04T00:04:41+00:00,2026-08-04T00:10:03+00:00,成功,27,0,0,
20260804T022735+0000,2026-08-04T02:27:35+00:00,2026-08-04T02:32:40+00:00,成功,27,0,0,
20260804T083504+0000,2026-08-04T08:35:04+00:00,2026-08-04T08:39:59+00:00,成功,27,0,0,
20260804T140853+0000,2026-08-04T14:08:53+00:00,2026-08-04T14:13:54+00:00,成功,27,0,0,
20260804T193607+0000,2026-08-04T19:36:07+00:00,2026-08-04T19:41:16+00:00,成功,27,0,0,
20260804T235907+0000,2026-08-04T23:59:07+00:00,2026-08-05T00:04:02+00:00,成功,27,0,0,
20260805T022705+0000,2026-08-05T02:27:05+00:00,2026-08-05T02:32:53+00:00,成功,27,0,0,
20260805T083407+0000,2026-08-05T08:34:07+00:00,2026-08-05T08:39:07+00:00,成功,27,0,0,
20260805T140708+0000,2026-08-05T14:07:08+00:00,2026-08-05T14:12:34+00:00,成功,27,0,0,
20260805T192802+0000,2026-08-05T19:28:02+00:00,2026-08-05T19:33:32+00:00,成功,27,0,0,
20260805T235629+0000,2026-08-05T23:56:29+00:00,2026-08-06T00:01:34+00:00,成功,27,0,0,
20260806T022935+0000,2026-08-06T02:29:35+00:00,2026-08-06T02:35:01+00:00,成功,27,0,0,
20260806T083424+0000,2026-08-06T08:34:24+00:00,2026-08-06T08:39:43+00:00,成功,27,0,0,
20260806T140634+0000,2026-08-06T14:06:34+00:00,2026-08-06T14:11:51+00:00,成功,27,0,0,
20260806T235746+0000,2026-08-06T23:57:46+00:00,2026-08-07T00:03:09+00:00,成功,27,0,0,
20260807T025341+0000,2026-08-07T02:53:41+00:00,2026-08-07T02:58:43+00:00,成功,27,0,0,
20260807T071342+0000,2026-08-07T07:13:42+00:00,2026-08-07T07:19:27+00:00,成功,27,0,0,
20260807T130103+0000,2026-08-07T13:01:03+00:00,2026-08-07T13:06:46+00:00,成功,27,0,0,
20260807T185453+0000,2026-08-07T18:54:53+00:00,2026-08-07T18:59:54+00:00,成功,27,0,0,
20260807T232929+0000,2026-08-07T23:29:29+00:00,2026-08-07T23:34:35+00:00,成功,27,0,0,
20260808T012756+0000,2026-08-08T01:27:56+00:00,2026-08-08T01:33:40+00:00,成功,27,0,0,
20260808T065125+0000,2026-08-08T06:51:25+00:00,2026-08-08T06:57:05+00:00,成功,27,0,0,
20260808T124531+0000,2026-08-08T12:45:31+00:00,2026-08-08T12:51:14+00:00,成功,27,0,0,
20260808T183556+0000,2026-08-08T18:35:56+00:00,2026-08-08T18:41:56+00:00,成功,27,0,0,
20260808T232344+0000,2026-08-08T23:23:44+00:00,2026-08-08T23:29:14+00:00,成功,27,0,0,
20260809T014022+0000,2026-08-09T01:40:22+00:00,2026-08-09T01:46:18+00:00,成功,27,0,0,
20260809T065452+0000,2026-08-09T06:54:52+00:00,2026-08-09T07:00:17+00:00,成功,27,0,0,
20260809T124730+0000,2026-08-09T12:47:30+00:00,2026-08-09T12:52:53+00:00,成功,27,0,0,
20260809T183902+0000,2026-08-09T18:39:02+00:00,2026-08-09T18:44:38+00:00,成功,27,0,0,
20260809T232641+0000,2026-08-09T23:26:41+00:00,2026-08-09T23:32:24+00:00,成功,27,0,0,
20260810T014333+0000,2026-08-10T01:43:33+00:00,2026-08-10T01:49:13+00:00,成功,27,0,0,
20260810T073909+0000,2026-08-10T07:39:09+00:00,2026-08-10T07:44:08+00:00,成功,27,0,0,
20260810T130519+0000,2026-08-10T13:05:19+00:00,2026-08-10T13:10:38+00:00,成功,27,0,0,
20260810T185556+0000,2026-08-10T18:55:56+00:00,2026-08-10T19:01:06+00:00,成功,27,0,0,
20260810T233020+0000,2026-08-10T23:30:20+00:00,2026-08-10T23:36:04+00:00,成功,27,0,0,
20260811T014026+0000,2026-08-11T01:40:26+00:00,2026-08-11T01:45:45+00:00,成功,27,0,0,
20260811T070532+0000,2026-08-11T07:05:32+00:00,2026-08-11T07:10:49+00:00,成功,27,0,0,
20260811T130215+0000,2026-08-11T13:02:15+00:00,2026-08-11T13:08:02+00:00,成功,27,0,0,
20260811T190038+0000,2026-08-11T19:00:38+00:00,2026-08-11T19:05:50+00:00,成功,27,0,0,
20260811T233506+0000,2026-08-11T23:35:06+00:00,2026-08-11T23:40:17+00:00,成功,27,0,0,
20260812T015129+0000,2026-08-12T01:51:29+00:00,2026-08-12T01:56:48+00:00,成功,27,0,0,
20260812T072259+0000,2026-08-12T07:22:59+00:00,2026-08-12T07:27:54+00:00,成功,27,0,0,
20260812T130621+0000,2026-08-12T13:06:21+00:00,2026-08-12T13:11:34+00:00,成功,27,0,0,
20260812T190047+0000,2026-08-12T19:00:47+00:00,2026-08-12T19:05:47+00:00,成功,27,0,0,
20260812T233616+0000,2026-08-12T23:36:16+00:00,2026-08-12T23:41:44+00:00,成功,27,0,0,
20260813T015347+0000,2026-08-13T01:53:47+00:00,2026-08-13T01:58:47+00:00,成功,27,0,0,
20260813T072458+0000,2026-08-13T07:24:58+00:00,2026-08-13T07:30:05+00:00,成功,27,0,0,
20260813T130757+0000,2026-08-13T13:07:57+00:00,2026-08-13T13:40:40+00:00,部分保護,23,4,0,
20260813T190159+0000,2026-08-13T19:01:59+00:00,2026-08-13T19:07:16+00:00,成功,27,0,0,
20260813T233635+0000,2026-08-13T23:36:35+00:00,2026-08-13T23:42:01+00:00,成功,27,0,0,
20260814T015124+0000,2026-08-14T01:51:24+00:00,2026-08-14T01:56:29+00:00,成功,27,0,0,
20260814T072252+0000,2026-08-14T07:22:52+00:00,2026-08-14T07:27:54+00:00,成功,27,0,0,
20260814T130343+0000,2026-08-14T13:03:43+00:00,2026-08-14T13:09:08+00:00,成功,27,0,0,
20260814T185239+0000,2026-08-14T18:52:39+00:00,2026-08-14T19:24:22+00:00,部分保護,23,4,0,
20260814T231710+0000,2026-08-14T23:17:10+00:00,2026-08-14T23:22:26+00:00,成功,27,0,0,
20260815T011013+0000,2026-08-15T01:10:13+00:00,2026-08-15T01:15:14+00:00,成功,27,0,0,
20260815T063607+0000,2026-08-15T06:36:07+00:00,2026-08-15T06:41:22+00:00,成功,27,0,0,
20260815T123445+0000,2026-08-15T12:34:45+00:00,2026-08-15T12:39:53+00:00,成功,27,0,0,
20260815T182734+0000,2026-08-15T18:27:34+00:00,2026-08-15T18:32:39+00:00,成功,27,0,0,
20260815T231518+0000,2026-08-15T23:15:18+00:00,2026-08-15T23:21:06+00:00,成功,27,0,0,
20260816T011427+0000,2026-08-16T01:14:27+00:00,2026-08-16T01:19:32+00:00,成功,27,0,0,
20260816T063729+0000,2026-08-16T06:37:29+00:00,2026-08-16T06:42:35+00:00,成功,27,0,0,
20260816T123634+0000,2026-08-16T12:36:34+00:00,2026-08-16T12:42:04+00:00,成功,27,0,0,
20260816T182714+0000,2026-08-16T18:27:14+00:00,2026-08-16T18:32:49+00:00,成功,27,0,0,
20260816T231525+0000,2026-08-16T23:15:25+00:00,2026-08-16T23:21:10+00:00,成功,27,0,0,
20260817T011139+0000,2026-08-17T01:11:39+00:00,2026-08-17T01:16:49+00:00,成功,27,0,0,
20260817T065300+0000,2026-08-17T06:53:00+00:00,2026-08-17T06:58:37+00:00,成功,27,0,0,
20260817T124115+0000,2026-08-17T12:41:15+00:00,2026-08-17T12:46:27+00:00,成功,27,0,0,
20260817T183734+0000,2026-08-17T18:37:34+00:00,2026-08-17T18:42:57+00:00,成功,27,0,0,
20260817T231841+0000,2026-08-17T23:18:41+00:00,2026-08-17T23:24:04+00:00,成功,27,0,0,
20260818T010919+0000,2026-08-18T01:09:19+00:00,2026-08-18T01:14:53+00:00,成功,27,0,0,
20260818T064038+0000,2026-08-18T06:40:38+00:00,2026-08-18T06:45:51+00:00,成功,27,0,0,
20260818T124239+0000,2026-08-18T12:42:39+00:00,2026-08-18T12:47:55+00:00,成功,27,0,0,
20260818T183641+0000,2026-08-18T18:36:41+00:00,2026-08-18T18:42:32+00:00,成功,27,0,0,
20260818T231800+0000,2026-08-18T23:18:00+00:00,2026-08-18T23:23:21+00:00,成功,27,0,0,
20260819T011041+0000,2026-08-19T01:10:41+00:00,2026-08-19T01:16:00+00:00,成功,27,0,0,
20260819T064134+0000,2026-08-19T06:41:34+00:00,2026-08-19T06:47:04+00:00,成功,27,0,0,
20260819T124332+0000,2026-08-19T12:43:32+00:00,2026-08-19T12:49:07+00:00,成功,27,0,0,
20260819T183333+0000,2026-08-19T18:33:33+00:00,2026-08-19T18:39:20+00:00,成功,27,0,0,
20260819T231831+0000,2026-08-19T23:18:31+00:00,2026-08-19T23:23:47+00:00,成功,27,0,0,
20260820T010955+0000,2026-08-20T01:09:55+00:00,2026-08-20T01:15:11+00:00,成功,27,0,0,
20260820T064240+0000,2026-08-20T06:42:40+00:00,2026-08-20T06:47:54+00:00,成功,27,0,0,
20260820T124645+0000,2026-08-20T12:46:45+00:00,2026-08-20T12:51:56+00:00,成功,27,0,0,
20260820T183709+0000,2026-08-20T18:37:09+00:00,2026-08-20T18:42:42+00:00,成功,27,0,0,
20260820T232056+0000,2026-08-20T23:20:56+00:00,2026-08-20T23:26:11+00:00,成功,27,0,0,
20260821T011327+0000,2026-08-21T01:13:27+00:00,2026-08-21T01:19:02+00:00,成功,27,0,0,
20260821T064332+0000,2026-08-21T06:43:32+00:00,2026-08-21T06:48:53+00:00,成功,27,0,0,
20260821T124345+0000,2026-08-21T12:43:45+00:00,2026-08-21T12:49:19+00:00,成功,27,0,0,
20260821T183452+0000,2026-08-21T18:34:52+00:00,2026-08-21T18:40:35+00:00,成功,27,0,0,
20260821T231853+0000,2026-08-21T23:18:53+00:00,2026-08-21T23:24:43+00:00,成功,27,0,0,
20260822T010940+0000,2026-08-22T01:09:40+00:00,2026-08-22T01:14:54+00:00,成功,27,0,0,
20260822T063744+0000,2026-08-22T06:37:44+00:00,2026-08-22T06:42:59+00:00,成功,27,0,0,
20260822T123638+0000,2026-08-22T12:36:38+00:00,2026-08-22T12:41:51+00:00,成功,27,0,0,
20260822T182830+0000,2026-08-22T18:28:30+00:00,2026-08-22T18:33:52+00:00,成功,27,0,0,
20260822T231556+0000,2026-08-22T23:15:56+00:00,2026-08-22T23:21:23+00:00,成功,27,0,0,
20260823T011542+0000,2026-08-23T01:15:42+00:00,2026-08-23T01:21:17+00:00,成功,27,0,0,
20260823T063840+0000,2026-08-23T06:38:40+00:00,2026-08-23T06:44:23+00:00,成功,27,0,0,
20260823T123728+0000,2026-08-23T12:37:28+00:00,2026-08-23T12:42:39+00:00,成功,27,0,0,
20260823T182728+0000,2026-08-23T18:27:28+00:00,2026-08-23T18:33:13+00:00,成功,27,0,0,
20260823T231611+0000,2026-08-23T23:16:11+00:00,2026-08-23T23:21:30+00:00,成功,27,0,0,
20260824T011328+0000,2026-08-24T01:13:28+00:00,2026-08-24T01:18:48+00:00,成功,27,0,0,
20260824T065555+0000,2026-08-24T06:55:55+00:00,2026-08-24T07:01:00+00:00,成功,27,0,0,
20260824T124744+0000,2026-08-24T12:47:44+00:00,2026-08-24T12:52:38+00:00,成功,27,0,0,
20260824T183814+0000,2026-08-24T18:38:14+00:00,2026-08-24T18:43:35+00:00,成功,27,0,0,
20260824T231824+0000,2026-08-24T23:18:24+00:00,2026-08-24T23:23:58+00:00,成功,27,0,0,
20260825T011146+0000,2026-08-25T01:11:46+00:00,2026-08-25T01:17:27+00:00,成功,27,0,0,
20260825T064329+0000,2026-08-25T06:43:29+00:00,2026-08-25T06:49:25+00:00,成功,27,0,0,
20260825T124409+0000,2026-08-25T12:44:09+00:00,2026-08-25T12:50:19+00:00,成功,27,0,0,
20260825T183738+0000,2026-08-25T18:37:38+00:00,2026-08-25T18:43:07+00:00,成功,27,0,0,
20260825T232059+0000,2026-08-25T23:20:59+00:00,2026-08-25T23:26:19+00:00,成功,27,0,0,
20260826T011421+0000,2026-08-26T01:14:21+00:00,2026-08-26T01:20:34+00:00,成功,27,0,0,
20260826T064650+0000,2026-08-26T06:46:50+00:00,2026-08-26T06:52:08+00:00,成功,27,0,0,
20260826T125000+0000,2026-08-26T12:50:00+00:00,2026-08-26T12:55:46+00:00,成功,27,0,0,
20260826T194609+0000,2026-08-26T19:46:09+00:00,2026-08-26T19:51:51+00:00,成功,27,0,0,
20260827T041204+0000,2026-08-27T04:12:04+00:00,2026-08-27T04:17:16+00:00,成功,27,0,0,
20260827T074239+0000,2026-08-27T07:42:39+00:00,2026-08-27T07:49:06+00:00,成功,27,0,0,
20260827T214948+0000,2026-08-27T21:49:48+00:00,2026-08-27T21:55:21+00:00,成功,27,0,0,
20260828T062838+0000,2026-08-28T06:28:38+00:00,2026-08-28T06:34:06+00:00,成功,27,0,0,
20260828T094449+0000,2026-08-28T09:44:49+00:00,2026-08-28T09:50:01+00:00,成功,27,0,0,
20260828T214504+0000,2026-08-28T21:45:04+00:00,2026-08-28T21:50:19+00:00,成功,27,0,0,
20260829T040004+0000,2026-08-29T04:00:04+00:00,2026-08-29T04:05:19+00:00,成功,27,0,0,
20260829T054741+0000,2026-08-29T05:47:41+00:00,2026-08-29T05:53:19+00:00,部分保護,26,1,0,
20260829T122112+0000,2026-08-29T12:21:12+00:00,2026-08-29T12:26:31+00:00,部分保護,26,1,0,
20260829T202759+0000,2026-08-29T20:27:59+00:00,2026-08-29T20:33:16+00:00,成功,27,0,0,
20260830T005905+0000,2026-08-30T00:59:05+00:00,2026-08-30T01:04:36+00:00,成功,27,0,0,
20260830T035055+0000,2026-08-30T03:50:55+00:00,2026-08-30T03:56:08+00:00,成功,27,0,0,
20260830T111954+0000,2026-08-30T11:19:54+00:00,2026-08-30T11:25:11+00:00,成功,27,0,0,
20260830T160657+0000,2026-08-30T16:06:57+00:00,2026-08-30T16:12:16+00:00,成功,27,0,0,
20260830T203740+0000,2026-08-30T20:37:40+00:00,2026-08-30T20:43:02+00:00,成功,27,0,0,
20260831T010313+0000,2026-08-31T01:03:13+00:00,2026-08-31T01:08:44+00:00,成功,27,0,0,
20260831T035334+0000,2026-08-31T03:53:34+00:00,2026-08-31T03:59:14+00:00,成功,27,0,0,
20260831T124832+0000,2026-08-31T12:48:32+00:00,2026-08-31T12:53:54+00:00,成功,27,0,0,
20260831T223038+0000,2026-08-31T22:30:38+00:00,2026-08-31T22:35:58+00:00,成功,27,0,0,
20260901T013443+0000,2026-09-01T01:34:43+00:00,2026-09-01T01:40:15+00:00,成功,27,0,0,
20260901T034533+0000,2026-09-01T03:45:33+00:00,2026-09-01T03:51:31+00:00,成功,27,0,0,
20260901T111001+0000,2026-09-01T11:10:01+00:00,2026-09-01T11:15:25+00:00,成功,27,0,0,
20260901T160712+0000,2026-09-01T16:07:12+00:00,2026-09-01T16:12:30+00:00,成功,27,0,0,
20260901T203633+0000,2026-09-01T20:36:33+00:00,2026-09-01T20:41:47+00:00,成功,27,0,0,
