symbol,title,source,source_url,source_domain,source_reliability_score,published,tags,link,is_major,priority,quality_score,fetched_at_utc,normalized_title,duplicate_key,duplicate_count,title_noise_score,governance_dataset,governance_status,governance_reason,retention_days,first_seen_at_utc,expires_at_utc,official_ready,usable_for_sentiment
TRADE,BRIEFING ROOM: International trade and sanctions - Financier Worldwide,Financier Worldwide,https://www.financierworldwide.com,financierworldwide.com,0.62,2026-10-06 15:15:29+00:00,國際/戰爭,https://news.google.com/rss/articles/CBMiigFBVV95cUxORTlPZERXcWRHNnhkME1meUVvX2Yyb1NXSXNmNklFR1M4YTB0cHlWeDU5WEduSE16WUx3MnFXb0lKN2RrZ3Nkamk1TXNJQmJHRmphdmxnQklsektzR3BwUFAzUTBxbjB4Z2N1dmNnUjFWS19rRTZNdDluYW5GUm95Mm1CSnRLNjlpNnc?oc=5,True,3,60.6,2026-10-06T22:22:25+00:00,briefing room international trade and sanctions financier worldwide,briefing room international trade and sanctions financier worldwide,1,0.036734693877551024,international_news,official,passed_basic_checks,3650,2026-10-06T22:22:25+0000,2036-10-03T22:22:25+0000,True,True
TRADE,"US-China truce extended, G20 targets trade distortions, tariffs face backlash - Hinrich Foundation",Hinrich Foundation,https://www.hinrichfoundation.com,hinrichfoundation.com,0.62,2026-10-06 00:00:00+00:00,大盤風險；國際/貿易,https://news.google.com/rss/articles/CBMixwFBVV95cUxQMkhxLS1QVDVBMFF1SzFid2dzeHJtdm1EeFoxMVhHWWtYdTd3SDUwWkhDYU94WGtnYTNZeE9SalpqaVNGSjRaanplcFdJV2pQNUQ5Z3BqZ0wyUVFnNVpsY3Brb09odGxTS2pzdXAxNUdQT1N4Z0lUVFFUN2JEVVFGSWFrX1g3VzRNeWY1ZlU2ckl6eDJlZzVKR0tfekozVTFzQ0pHeE9nXzhWa0NpWUpKUXZ4NEZsVGZyd3Z1RWltcWFlSERwM0sw?oc=5,True,3,68.35,2026-10-06T22:22:25+00:00,us china truce extended g20 targets trade distortions tariffs face backlash hinrich foundation,us china truce extended g20 targets trade distortions tariffs face backlash hinrich foundation,1,0.052478134110787174,international_news,official,passed_basic_checks,3650,2026-10-06T22:22:25+0000,2036-10-03T22:22:25+0000,True,True
WAR,Geopolitical Risk and Bank Lending: The Cost of Sanctions - https://economy.ac/,https://economy.ac/,https://economy.ac,economy.ac,0.62,2026-10-05 13:03:25+00:00,大盤風險；國際/戰爭,https://news.google.com/rss/articles/CBMiWkFVX3lxTE12dk1oRmprbXdCVWg5NW9CVC1LM0JGVTJKblhVMUhYTUx1RnFNY1lacW53ZUtKd1BwV0ZzdmtVN1RfOElibnpzRmhacXdsR3ROUUYxS0d1MFd0Zw?oc=5,True,3,66.01666666666667,2026-10-06T22:22:25+00:00,geopolitical risk and bank lending the cost of sanctions,geopolitical risk and bank lending the cost of sanctions,1,0.1139240506329114,international_news,official,passed_basic_checks,3650,2026-10-06T22:22:25+0000,2036-10-03T22:22:25+0000,True,True
TRADE,US tightens aviation component supplies to China amid trade talks - https://internationalfinance.com/,https://internationalfinance.com/,https://internationalfinance.com,internationalfinance.com,0.62,2026-10-05 00:00:48+00:00,國際/貿易,https://news.google.com/rss/articles/CBMiqwFBVV95cUxOaXg3YjcxZ1dHVzVxUmZHWmk3R1VQcFl4RXc5TXRyTGY4VDVXMGR0VndSSkRXNS1LWjhZLWJ4TVYwR3lUSlpMQlhWVUNwTmdhZk5FM3hUcXZJbGxkay1XZzRNVXJ2SmJJZF81TlRxNkdQc3lmR2ZVRmQyZWZSQ2JEc25nS1JUTlRnWThBRnZndmhzbzRNSDZJT01SclVxSW5KbVJLUmhndm82VWs?oc=5,True,3,63.266666666666666,2026-10-06T22:22:25+00:00,us tightens aviation component supplies to china amid trade talks,us tightens aviation component supplies to china amid trade talks,1,0.07637906647807638,international_news,official,passed_basic_checks,3650,2026-10-06T22:22:25+0000,2036-10-03T22:22:25+0000,True,True
TRADE,"Trump aims to leverage US aircraft-part exports to China in trade negotiations, sources say - The Jerusalem Post",The Jerusalem Post,https://www.jpost.com,jpost.com,0.62,2026-10-01 14:31:50+00:00,AI/晶片；產品/需求；國際/貿易,https://news.google.com/rss/articles/CBMiX0FVX3lxTFBlei13WmYwMG1TTExQU25yakkzLTEySm9DMUVUNXpOWmRlRGtjaFpoQ3V1ZGV1Y3RaRURtVWRCRGFhcFhYS0IwT0hmR3NhXzBuU2xhdGVOdHlnZGloam1B?oc=5,True,3,75.43333333333332,2026-10-06T22:22:25+00:00,trump aims to leverage us aircraft part exports to china in trade negotiations sources say the jerusalem post,trump aims to leverage us aircraft part exports to china in trade negotiations sources say the jerusalem post,1,0.034438775510204085,international_news,official,passed_basic_checks,3650,2026-10-06T22:22:25+0000,2036-10-03T22:22:25+0000,True,True
WAR,Iran War Threatens a Prolonged Hit to Global Energy Markets - EnergyNow.com,EnergyNow.com,https://energynow.com,energynow.com,0.62,2026-10-01 02:20:42+00:00,大盤風險；國際/戰爭,https://news.google.com/rss/articles/CBMilAFBVV95cUxOLVhOU1hzTGxCWGJhRHJnQ3JqY0VZX0ZvbkI0UHV3U19MX0IwYzJRSjVkeTJEcHRsUTk1cVZVRVFDMGlaWEY1VkpwcmtyRFZ6THdJTmF6d1hpN3JxZHVGV1htT0gxU1dQRmFVOWh0Rk92SFNMbEVSbEdHYTB2dkpBcHpQamVLa0VwNzNRV3Zua2JfZW56?oc=5,True,3,65.68333333333334,2026-10-06T22:22:25+00:00,iran war threatens a prolonged hit to global energy markets energynow com,iran war threatens a prolonged hit to global energy markets energynow com,1,0.03428571428571429,international_news,official,passed_basic_checks,3650,2026-10-06T22:22:25+0000,2036-10-03T22:22:25+0000,True,True
ENERGY,The Credit Market Lens: An Oil Shock (Mostly) Like No Other - Seeking Alpha,Seeking Alpha,https://seekingalpha.com,seekingalpha.com,0.62,2026-10-06 06:00:00+00:00,未分類,https://news.google.com/rss/articles/CBMilAFBVV95cUxQT1RSN0RBZGQyOUg0d1Y2VmJUQzBXNmRkUDZSdVAwdWVfYUh2RzZGZnNwM1liNzFYUUxQRmFaLUNITmFMaUxwM2VtZXBwLW9oTEdOUnlWTl96ejZkemlRZUZXWG1Ha1pMeTZTN2g0VkFPbC1WaWQzaS1iQ2JXUVZmZFR6RVNzX0c2dko3UkoyTV84YmFO?oc=5,True,2,61.85,2026-10-06T22:22:25+00:00,the credit market lens an oil shock mostly like no other seeking alpha,the credit market lens an oil shock mostly like no other seeking alpha,1,0.06857142857142857,international_news,official,passed_basic_checks,3650,2026-10-06T22:22:25+0000,2036-10-03T22:22:25+0000,True,True
ENERGY,How China Managed the Oil Shock - Foreign Policy,Foreign Policy,https://foreignpolicy.com,foreignpolicy.com,0.62,2026-10-02 14:06:33+00:00,未分類,https://news.google.com/rss/articles/CBMioAFBVV95cUxPREg2RHhnOUVHR1J4T2s1bERORlRiQmJQbVNjcmJ0N2VVR3gwbm5tOUNfTnpWYWJGd29nSVVSa19NV19jT0lxNktmX0hxRHV3bzgzcURzc1J0bDJDZldfMEdBal9rZnNVd2xqWTFHMS1qUnVUTFhRdTE3aFdrYWJfZUZYUkxONGhlcTVQREVuN2NnWElEcE5ScFIwQUpkNnhZ?oc=5,True,2,55.516666666666666,2026-10-06T22:22:25+00:00,how china managed the oil shock foreign policy,how china managed the oil shock foreign policy,1,0.026785714285714288,international_news,official,passed_basic_checks,3650,2026-10-06T22:22:25+0000,2036-10-03T22:22:25+0000,True,True
GLOBAL,Rebuilding corporate strategy for a fragmented world - Financier Worldwide,Financier Worldwide,https://www.financierworldwide.com,financierworldwide.com,0.62,2026-10-06 15:14:59+00:00,未分類,https://news.google.com/rss/articles/CBMikAFBVV95cUxQTFJ1eFlNZDJxUlA3RFVrLWhjaHpseWdUU2NDV1NfakJOczNhSXQwSEhYR1JRa0JzWUE5S1FsSUxjRFhoUEZnWDhkTU5vUlA5QnpWUEtpeVhCTlNQaFlnLTdld04xZFpRVi13cWxiZmswOWwxSTYzaVVkMW9lbFRNbW84bU1BelhfZ1ZTMnZacmg?oc=5,False,2,57.85,2026-10-06T22:22:25+00:00,rebuilding corporate strategy for a fragmented world financier worldwide,rebuilding corporate strategy for a fragmented world financier worldwide,1,0.017374517374517378,international_news,official,passed_basic_checks,3650,2026-10-06T22:22:25+0000,2036-10-03T22:22:25+0000,True,True
WAR,Geostrategy in Practice 2026 Report: Navigating geopolitical fragmentation - EY,EY,https://www.ey.com,ey.com,0.62,2026-10-06 05:04:34+00:00,大盤風險；國際/戰爭,https://news.google.com/rss/articles/CBMieEFVX3lxTFBBLWhETlhhRnd0a2pFNC1KZG81LW1lQmhXSHdYdy1XdU5oWWNaUjJWejZrbUdLcmhlZkkweU9RX0lzSll1U0VnMFNWdFphaVlmeVRUUHlCQmJuQkZQVlU5MHBpeTk0VTBzRUNkLXlxU1FKSll1Tk9mdQ?oc=5,False,2,65.35,2026-10-06T22:22:25+00:00,geostrategy in practice 2026 report navigating geopolitical fragmentation ey,geostrategy in practice 2026 report navigating geopolitical fragmentation ey,1,0.0325497287522604,international_news,official,passed_basic_checks,3650,2026-10-06T22:22:25+0000,2036-10-03T22:22:25+0000,True,True
ENERGY,Crude oil prices and refinery margins generally increased throughout the third quarter - U.S. Energy Information Administration (EIA) (.gov),U.S. Energy Information Administration (EIA) (.gov),https://www.eia.gov,eia.gov,0.62,2026-10-05 13:04:29+00:00,財報/財測,https://news.google.com/rss/articles/CBMiY0FVX3lxTE5KRmxycVhJeUlHVmVsTnlsQXgtdFpsQ1BYaUxiUjF3bjZuYmFfUHlQY3JTdHBkMEJwVWJOUmpjM2hjNXl2X1BwVFJwQVlCUGlSXzBfWEVOZU9UQVVuN0xjdEJCVQ?oc=5,False,2,70.26666666666667,2026-10-06T22:22:25+00:00,crude oil prices and refinery margins generally increased throughout the third quarter u s energy information administration eia gov,crude oil prices and refinery margins generally increased throughout the third quarter u s energy information administration eia gov,1,0.07346938775510205,international_news,official,passed_basic_checks,3650,2026-10-06T22:22:25+0000,2036-10-03T22:22:25+0000,True,True
ENERGY,"Global Oil Supply Buffer Is ‘Scarily Thin,’ Aramco CEO Says - Bloomberg.com",Bloomberg.com,https://www.bloomberg.com,bloomberg.com,0.94,2026-10-05 11:20:07+00:00,未分類,https://news.google.com/rss/articles/CBMisgFBVV95cUxPTnF2UF9jZjVKSGtyMXVBaWF2elJ6Tk5JMjRmSFRIdTdYUmxMb2VCbWo2NGJuRmpJZEtwaTNfeU9hZDQxQTRJV05idjZmWWJPN1JrM3BfV2wwVnF4akJ0Ty1jM0pqT0d5bWhiWjBweXBVa1NGVUQwd0g3VWEtWEhvUmpYOUFzSmNwN3RPdml0TXlaeXROamd1Y0dta0k2OXZsVFRTZS0tNURuTjJMWUptekp3?oc=5,False,2,77.11666666666666,2026-10-06T22:22:25+00:00,global oil supply buffer is scarily thin aramco ceo says bloomberg com,global oil supply buffer is scarily thin aramco ceo says bloomberg com,1,0.08571428571428573,international_news,official,passed_basic_checks,3650,2026-10-06T22:22:25+0000,2036-10-03T22:22:25+0000,True,True
CENTRAL_BANKS,Markets bet on RBI rate hike as inflation pressure builds - Fresno Bee,Fresno Bee,https://www.fresnobee.com,fresnobee.com,0.62,2026-10-05 00:43:07+00:00,Fed/利率,https://news.google.com/rss/articles/CBMif0FVX3lxTE1xNExrX0ZsaXZwdUFhLWN5RnNiY0lWdmhBbnpTX282RVNtRlBKVTJoRFRmYS1LTlBGVm1keTdsc1N5Y21SQlVwTE9BbE1URFZoU0piV3lNV254R2ZleEJ3SkdLNHJHeEROSjRVWEExa0VmcF9FbzIwSGdWV1RFSm8?oc=5,False,2,64.26666666666667,2026-10-06T22:22:25+00:00,markets bet on rbi rate hike as inflation pressure builds fresno bee,markets bet on rbi rate hike as inflation pressure builds fresno bee,1,0.018367346938775512,international_news,official,passed_basic_checks,3650,2026-10-06T22:22:25+0000,2036-10-03T22:22:25+0000,True,True
CENTRAL_BANKS,"India seen kicking off rate hike cycle as inflation broadens, peers turn hawkish - Reuters",Reuters,https://www.reuters.com,reuters.com,0.95,2026-10-05 00:35:00+00:00,Fed/利率,https://news.google.com/rss/articles/CBMioAFBVV95cUxQN2ZLWG5udy12czJna0lwTVJkMDRYRktHekNjMmFyTlN3OXI2SVBFNXMyc2VTTUJ5SDU3QzUzOWVVamVYTjBmc3E4UUtCMHhMM18wTVJFak8xMG1fMUJfaDlBbVAycXMtd0xjbFB5YTltMUNKQ1BjY0pnR0lab2ZteHFTaVlqOHpBSmstZVpxWjdlS1F3UG1RTHI3ZEtvNmZG?oc=5,False,2,84.41666666666667,2026-10-06T22:22:25+00:00,india seen kicking off rate hike cycle as inflation broadens peers turn hawkish reuters,india seen kicking off rate hike cycle as inflation broadens peers turn hawkish reuters,1,0.028571428571428577,international_news,official,passed_basic_checks,3650,2026-10-06T22:22:25+0000,2036-10-03T22:22:25+0000,True,True
ENERGY,Oil Market Clock is Ticking as Supply Crunch Looms: Bousso - EnergyNow.com,EnergyNow.com,https://energynow.com,energynow.com,0.62,2026-10-02 16:18:51+00:00,未分類,https://news.google.com/rss/articles/CBMikgFBVV95cUxPWFpPQUZoWW1UOWFhT1dJdXJVSEV2OFRVX2hqanpwZFBWZlVXd0JDMjkxdjhNSkhRNlJMdER3M3R4NS1wTXRlZUZKaEZUWjA2N08zSWNrTDJjUW14aGhoNDJDbHdFT0kwd2FYUklJYkhkbVlDZ0o3ZUNVM29XLWZpUnZNSXNkcDMzNUkyUDNmVUpodw?oc=5,False,2,58.516666666666666,2026-10-06T22:22:25+00:00,oil market clock is ticking as supply crunch looms bousso energynow com,oil market clock is ticking as supply crunch looms bousso energynow com,1,0.05212355212355213,international_news,official,passed_basic_checks,3650,2026-10-06T22:22:25+0000,2036-10-03T22:22:25+0000,True,True
CENTRAL_BANKS,Monetary policymakers should not raise interest rates higher - The National,The National,https://www.thenationalnews.com,thenationalnews.com,0.62,2026-10-02 03:55:45+00:00,AI/晶片,https://news.google.com/rss/articles/CBMivgFBVV95cUxOWWhUM2t1Vm9Fckx6UUJXRUpIR0Q2dFY5cjR3ZDU0T1ZSeE9sbFJhRllJeDVfYmk4Sk0xaG1qWlhhWHZDRGF2Q1FKaGJGRXhnSndPZzBLd2F5ZlRSRVk0YUhnSWNBUmNicEFXbE9ReGd4REJGV2xfQW9OdldyVTRPY1hUV1FvNF9PazRMQmkzclZyTHdZT0NyWGhqQnp5eVUyTzZfMTg4TnhPWWl3emh3NlFZdFA3WWZpYWNnLTN3?oc=5,False,2,61.266666666666666,2026-10-06T22:22:25+00:00,monetary policymakers should not raise interest rates higher the national,monetary policymakers should not raise interest rates higher the national,1,0.017142857142857144,international_news,official,passed_basic_checks,3650,2026-10-06T22:22:25+0000,2036-10-03T22:22:25+0000,True,True
CENTRAL_BANKS,Will the Bank of England Raise Interest Rates in Q4? - Morningstar,Morningstar,https://global.morningstar.com,global.morningstar.com,0.62,2026-10-01 09:24:23+00:00,AI/晶片,https://news.google.com/rss/articles/CBMijwFBVV95cUxOdjN3NldKRzFTQ3lIeHJvTGJfemFKdENLdFdBMUU4VFhfeTlYRzhGNHQ1S2lja2ZZTnVTMzBpUFNVd0ZWY1hTeFEyZ182clhMUTRidFh5TE5fbkZWQWhzb1hDbXJrc253Y2Z5V1hXNHVqOEYxcHRhYnhrUW9DMFlDZFdkbnhRd0ZxU2x2VmJicw?oc=5,False,2,61.93333333333334,2026-10-06T22:22:25+00:00,will the bank of england raise interest rates in q4 morningstar,will the bank of england raise interest rates in q4 morningstar,1,0.03896103896103897,international_news,official,passed_basic_checks,3650,2026-10-06T22:22:25+0000,2036-10-03T22:22:25+0000,True,True
CENTRAL_BANKS,Inflation rate and central bank interest rate in developed and emerging countries as of September 2026 - Statista,Statista,https://www.statista.com,statista.com,0.62,2026-10-01 07:00:00+00:00,Fed/利率；產品/需求,https://news.google.com/rss/articles/CBMijAFBVV95cUxPN1dESGlPd05QSUM0VFdqd04wVGdkUzBSczA3WmpGOVAxZllzX2c4b3Fjdko1WTZISDdIbUxpWWJxcEpIbS0ya19wOFNLUjgtWFJPVUl4bkhERzQ3LWgzUmxKTmxCVXBRNUR4SFNwdGg1dEFWbXJaVWhBY2liOW44VmdBUkVyT2N4ckpKZg?oc=5,False,2,71.68333333333334,2026-10-06T22:22:25+00:00,inflation rate and central bank interest rate in developed and emerging countries as of september 2026 statista,inflation rate and central bank interest rate in developed and emerging countries as of september 2026 statista,1,0.011378002528445008,international_news,official,passed_basic_checks,3650,2026-10-06T22:22:25+0000,2036-10-03T22:22:25+0000,True,True
GLOBAL,"Geopolitical tensions, high crude may fuel India's imported inflation, says government report - Reuters",Reuters,https://www.reuters.com,reuters.com,0.95,2026-10-01 04:49:00+00:00,Fed/利率；大盤風險；國際/戰爭；國際/貿易,https://news.google.com/rss/articles/CBMirgFBVV95cUxOMmh1aDl6WkZhcWU2cVdMN0ZQblp0cXJMZ2ZvUDFNMW1ORWdwbzJSbnJZUlE5ek1sRDR2S3V6TlBSS3V6TFNDcUNGV1dqS09tMGVYOXlfODlPRFRmVmh0dlBEcnl1WEZkUFVVWnBQUHhQZzhsdjJ2YzF1cW5Fbm03SlJURFl6eHNzSGF5c01BOWVtZlRaYlMzYWg2Q1E4a2ZxWjQ3R3FmSFFXVkF3cnc?oc=5,False,2,89.58333333333333,2026-10-06T22:22:25+00:00,geopolitical tensions high crude may fuel india s imported inflation says government report reuters,geopolitical tensions high crude may fuel india s imported inflation says government report reuters,1,0.049930651872399444,international_news,official,passed_basic_checks,3650,2026-10-06T22:22:25+0000,2036-10-03T22:22:25+0000,True,True
CENTRAL_BANKS,Battered bond market braces for a new era of interest rates - Reuters,Reuters,https://www.reuters.com,reuters.com,0.95,2026-09-30 00:47:37+00:00,未分類,https://news.google.com/rss/articles/CBMipgFBVV95cUxQUFJEcnNjUGNwM1N4MlNkdG1pZ0VwVmt4cWhUZ2t0UkN4aHlRNzVyR3hCd2dUMG1FRWszT05VOUN4MUhDSGhXQUhIamhNWWJJNUpGXzZWcFc2Mk5Hcl9yNXBaaWVDVDlZQWg0d2xIRGl0RFhqWjJlR1ZORGlrNXRmdGZxSF9URFQ3Zzc5d2dER1g4U3hvZDZXMHNKVlhFaGRBRmRKRVJR?oc=5,False,2,77.0,2026-10-06T22:22:25+00:00,battered bond market braces for a new era of interest rates reuters,battered bond market braces for a new era of interest rates reuters,1,0.01863354037267081,international_news,official,passed_basic_checks,3650,2026-10-06T22:22:25+0000,2036-10-03T22:22:25+0000,True,True
GLOBAL,The new geoeconomics of Bretton Woods - Atlantic Council,Atlantic Council,https://www.atlanticcouncil.org,atlanticcouncil.org,0.62,2026-10-06 19:35:00+00:00,未分類,https://news.google.com/rss/articles/CBMirAFBVV95cUxOeVFQeGZndS14WmlwMDRzUFptTVJuSkpKM1ZrSWhSWUt4ZVBvemh6bl9TZTZYeUFRRXZNMmp6eWFPbXQ0TzJUZTd6eUpMM0pZOEFWUWRzbGY1bUpoNmNPR3BhTVVYRWxYaE1odndLYmV6YlJZS0IyS1JLRDlFZ19DSWk1b3pWNkdfazlqVFJBdzBvUnppME80dmtCSEhUbk16VGlIaTBvX2VfNnVT?oc=5,False,1,56.85,2026-10-06T22:22:25+00:00,the new geoeconomics of bretton woods atlantic council,the new geoeconomics of bretton woods atlantic council,1,0.02295918367346939,international_news,official,passed_basic_checks,3650,2026-10-06T22:22:25+0000,2036-10-03T22:22:25+0000,True,True
TRADE,Opinion | Short trade truce can’t paper over realities of US-China relationship - South China Morning Post,South China Morning Post,https://www.scmp.com,scmp.com,0.62,2026-10-06 08:30:06+00:00,未分類,https://news.google.com/rss/articles/CBMi0wFBVV95cUxNYi1xbGFWemxKQ0M3TFJ6LWgwdW00V2VZODZxd2lfR3lWcEJ6S1hYQUg4czg3NVpPQkdGUEo5REp1emJmU29tQTJFOHVzcEl6ajJJU0dFc0NOTlA1N1NvaGJtSll4cXNrZ2xVSzlDRWEzb0Q2RmNJUjV4Zm5TSW9JbWpvbElla1lKUW1YaDI2RUZ0WjFTd2Q4cV9uNHZnb05BLWJFbnYwVTh0NVhaalRXVUZ1cngyNUJWYnlwWmNyOTBmVW91eS14eWtfSGNEWTE3UlFz?oc=5,False,1,64.85,2026-10-06T22:22:25+00:00,opinion short trade truce can t paper over realities of us china relationship south china morning post,opinion short trade truce can t paper over realities of us china relationship south china morning post,1,0.04851752021563343,international_news,official,passed_basic_checks,3650,2026-10-06T22:22:25+0000,2036-10-03T22:22:25+0000,True,True
WAR,How Marine Insurers Are Navigating a New Era of Geopolitical Volatility - Risk & Insurance,Risk & Insurance,https://riskandinsurance.com,riskandinsurance.com,0.62,2026-10-06 05:53:22+00:00,大盤風險；國際/戰爭,https://news.google.com/rss/articles/CBMiowFBVV95cUxPUEdVNTRndldhUVptX1JQOF9CbGNpbm5sQUlMaENfVnFYUkVJQnlBNjVGbkw2YnVOY0c3cHloeHBhaTJzYWlnWlJYVUpOUy1YWTc1SlQyWkhYTC1lZDB0VmlhTlF2WUl3OVlpbHF4R1BZYzBRNHVWQWxSZWRKWEJDdlZFVmJkU05QcFdJSDVHNUVSbmRhVTExT29qN2NLeEVyOXZz?oc=5,False,1,70.35,2026-10-06T22:22:25+00:00,how marine insurers are navigating a new era of geopolitical volatility risk insurance,how marine insurers are navigating a new era of geopolitical volatility risk insurance,1,0.028571428571428577,international_news,official,passed_basic_checks,3650,2026-10-06T22:22:25+0000,2036-10-03T22:22:25+0000,True,True
ENERGY,Remarks by Amin H. Nasser at the 2026 Energy Intelligence Forum in London - Aramco,Aramco,https://www.aramco.com,aramco.com,0.62,2026-10-05 09:09:00+00:00,未分類,https://news.google.com/rss/articles/CBMipgFBVV95cUxNWmtRZWFxcF84cHI1RFRtdE9UZnBlQ1hGMTNTSHR4amxTTmVQOW81UGhqNG9Yd2FGMjVjaGtJcHRCSmJFcXE5VG9Xdzh5RkloTXBkd2YzNC1qYlhtUGRPX1JheGVYWnZvblFVbGFDYUk2WGtMVllkNnlrSnRMbC1HZkg4YXhtb3Ewb1pEY0w2cVlpbDBpaUx2dE9TanJKbjdfTFAxV1FR?oc=5,False,1,62.516666666666666,2026-10-06T22:22:25+00:00,remarks by amin h nasser at the 2026 energy intelligence forum in london aramco,remarks by amin h nasser at the 2026 energy intelligence forum in london aramco,1,0.03135888501742161,international_news,official,passed_basic_checks,3650,2026-10-06T22:22:25+0000,2036-10-03T22:22:25+0000,True,True
WAR,The History of the Bond Markets. Lessons to learn. - Blain's Morning Porridge,Blain's Morning Porridge,https://morningporridge.com,morningporridge.com,0.62,2026-10-05 07:10:14+00:00,AI/晶片,https://news.google.com/rss/articles/CBMiogFBVV95cUxPejNQMjFLekxESnpNNTJLQlY1dU4tVklPdkR6V2Q3b2FLOUNCMDUyX0FjaDNQNGZSUWZxQXhKdWZJdVpvTHpqSmFTZnNXRW5hTTZBLVNUQ18tQzFLOHd5bGYyWTdlRjYwTVl6VEtPUW40akgxaVdNUWxMSTNYYW1hMjlHdWlncThKN2J4ZlgwQjN0dnRlRHNEY2NTNjVOU3g2R1E?oc=5,False,1,64.26666666666667,2026-10-06T22:22:25+00:00,the history of the bond markets lessons to learn blain s morning porridge,the history of the bond markets lessons to learn blain s morning porridge,1,0.06679035250463822,international_news,official,passed_basic_checks,3650,2026-10-06T22:22:25+0000,2036-10-03T22:22:25+0000,True,True
GLOBAL,"Competing Powers, Connected Markets: The Rise of Indo-Pacific Regional Economic Partnerships - Institute of Developing Economies",Institute of Developing Economies,https://www.ide.go.jp,ide.go.jp,0.62,2026-10-05 01:28:17+00:00,產品/需求；併購/合作,https://news.google.com/rss/articles/CBMie0FVX3lxTE5hSWpnc2F5UXVyZGZ6elo0NTlUcEtCUF9Bb3BZanpSNUpRYk1mdkZBWHFZVS1ZZkhsZndFVEw1Ukw3cFNxQnIzYmxWdDJITVBGZEpQNjVSbk5CTGFseVEyY1lJMW1maVJVZFZhY19GeXp2VXV1b3ZLbFdDUQ?oc=5,False,1,71.01666666666667,2026-10-06T22:22:25+00:00,competing powers connected markets the rise of indo pacific regional economic partnerships institute of developing economies,competing powers connected markets the rise of indo pacific regional economic partnerships institute of developing economies,1,0.04017857142857143,international_news,official,passed_basic_checks,3650,2026-10-06T22:22:25+0000,2036-10-03T22:22:25+0000,True,True
TRADE,US Slows Aircraft Parts Export Licensing to China as Trade Tensions Pressure Aerospace Supply Chains - Spherical Insights,Spherical Insights,https://www.sphericalinsights.com,sphericalinsights.com,0.62,2026-10-04 05:34:57+00:00,AI/晶片,https://news.google.com/rss/articles/CBMi1wFBVV95cUxQYXpVZU95Y0tBdEJBUFRJZDdzRmJHeUpOUHhtSXR2UFhqX25xaVRzemsyY191bFhWdWRDVXFCMFBLOEptT0Z4SkdMTzl4UDkyd1BrMmR4ZW50SEJOOVk0Y1RwWW80TC1QUWZGUTJzQ0lncExRTU9kWnh1bjNXSktzLXRoa0E0V05CNnNPQnhSVDlEa3lDRkRzWW5xb3RIaFFiOXVWdnM1VjhuaGFMcl9jaThGaFlwLWFOZ0VjTERiaDJlWU9aU09Lc09CSEI2bng0cmtWdnJJNA?oc=5,False,1,68.93333333333334,2026-10-06T22:22:25+00:00,us slows aircraft parts export licensing to china as trade tensions pressure aerospace supply chains spherical insights,us slows aircraft parts export licensing to china as trade tensions pressure aerospace supply chains spherical insights,1,0.010625737898465173,international_news,official,passed_basic_checks,3650,2026-10-06T22:22:25+0000,2036-10-03T22:22:25+0000,True,True
GLOBAL,Macroeconomic Policy Perspectives: The Long-Run Implications of Deglobalization - Federal Reserve Bank of Minneapolis,Federal Reserve Bank of Minneapolis,https://www.minneapolisfed.org,minneapolisfed.org,0.62,2026-10-02 18:28:37+00:00,Fed/利率,https://news.google.com/rss/articles/CBMivgFBVV95cUxNc2lHT3p1MFAwRmpjV1QtZ01YZTE0LVI3aWdWcG5hM2QtYWlLOS1BSGlsYlVON1l3RFVTdFJHUG5RTzlMRmZweXQ0VFdfdTVrYUFSd1ZsbV83cFZLUEs4VDMxMjRRenFUWWs5Vm5jbUcxb2Y5el9STUo4NTAyclFQTi1lRndnYVdyVnRRcmNpd1pWOTZ0aWdUMG1UOU91NkpBZ3NPUmJPbUhhMENab3p5VUQzUGF3Zml5SGgyaENn?oc=5,False,1,64.26666666666667,2026-10-06T22:22:25+00:00,macroeconomic policy perspectives the long run implications of deglobalization federal reserve bank of minneapolis,macroeconomic policy perspectives the long run implications of deglobalization federal reserve bank of minneapolis,1,0.03296703296703297,international_news,official,passed_basic_checks,3650,2026-10-06T22:22:25+0000,2036-10-03T22:22:25+0000,True,True
TRADE,What Canada Knows About American Power - Carnegie Endowment for International Peace,Carnegie Endowment for International Peace,https://carnegieendowment.org,carnegieendowment.org,0.62,2026-10-02 00:08:06+00:00,未分類,https://news.google.com/rss/articles/CBMijgFBVV95cUxOQmVDR1hHQUNLanBTT01XeURkS1I1d1VuUDRrbm16RGxtMjRrdkJwWG54Z2YyNy10TjVzcV9neXZwQ3VybGFDVnQ5LXlYY3lPWC1SRUN0SGlvb2V5RFlRSTlMaUhHOVFFMEVZMXRnUnk3Y2RjVUNCalBpNm92WlM4ZEhJc3N1MXYwVzcxQWpB?oc=5,False,1,58.516666666666666,2026-10-06T22:22:25+00:00,what canada knows about american power carnegie endowment for international peace,what canada knows about american power carnegie endowment for international peace,1,0.015490533562822721,international_news,official,passed_basic_checks,3650,2026-10-06T22:22:25+0000,2036-10-03T22:22:25+0000,True,True
ENERGY,Global Institute Dialogues: Jason Bordoff on the Geopolitics of Energy - Goldman Sachs,Goldman Sachs,https://www.goldmansachs.com,goldmansachs.com,0.62,2026-10-01 20:48:50+00:00,未分類,https://news.google.com/rss/articles/CBMivwFBVV95cUxNUzQ1RXBUSGM3Zk9nOVdIYkdzWERqY2xtWnBNU1B1dU1oQkhHc0tpWjNkMDI2Z294SXlQTUZnel9rNkRkMUYyTGkyeUY1cC1XSEZ5VnVYNHg4b1lHRHFNNGp0X1BKODBFOWdSOEJCYWxxNFZhclBGdE5iTFpsM1pnckwxVlZQWE5BUGZDUmZXS0RQcWZybmZDckFCQnl1al8tMXRRLTFtSnJ1bm1TamxpMk1LMVdGUDJUMW5IZEJvWQ?oc=5,False,1,59.18333333333334,2026-10-06T22:22:25+00:00,global institute dialogues jason bordoff on the geopolitics of energy goldman sachs,global institute dialogues jason bordoff on the geopolitics of energy goldman sachs,1,0.029900332225913623,international_news,official,passed_basic_checks,3650,2026-10-06T22:22:25+0000,2036-10-03T22:22:25+0000,True,True
GLOBAL,AI in business: How CEOs turn productivity into growth - EY,EY,https://www.ey.com,ey.com,0.62,2026-10-01 07:00:00+00:00,AI/晶片,https://news.google.com/rss/articles/CBMiZEFVX3lxTE12cXQ4Y2xNVW9ORExYTGFhVkU4VHZhMzRKd25kNzBZRTY0YVFtcURFYXNQT0pWT0pDcEdGU1JySk80MlVwMTN5REJwekswZmNIQ0NKVXljd05uQjNZWlVKdmJJYlI?oc=5,False,1,60.93333333333334,2026-10-06T22:22:25+00:00,ai in business how ceos turn productivity into growth ey,ai in business how ceos turn productivity into growth ey,1,0.04358353510895884,international_news,official,passed_basic_checks,3650,2026-10-06T22:22:25+0000,2036-10-03T22:22:25+0000,True,True
TRADE,Europe’s Push for an “EU Version of Section 301”: Darkening Prospects for Chinese Exports as Trade Restrictions Expand - https://economy.ac/,https://economy.ac/,https://economy.ac,economy.ac,0.62,2026-10-01 03:18:59+00:00,未分類,https://news.google.com/rss/articles/CBMiV0FVX3lxTE56SnZpb1FpVmZXcUM2OVdFaktmalY2cWNjRDZsNlRKR183TmNMWDZXbnVnRWFUamRRSldkREhSdElFUklhSURpOUlReEIybUloRGFRNmdVVQ?oc=5,False,1,66.18333333333334,2026-10-06T22:22:25+00:00,europe s push for an eu version of section 301 darkening prospects for chinese exports as trade restrictions expand,europe s push for an eu version of section 301 darkening prospects for chinese exports as trade restrictions expand,1,0.09183673469387756,international_news,official,passed_basic_checks,3650,2026-10-06T22:22:25+0000,2036-10-03T22:22:25+0000,True,True
CENTRAL_BANKS,Bond markets resume sell-off after strong US data - Financial Times,Financial Times,https://www.ft.com,ft.com,0.62,2026-09-30 17:25:04+00:00,未分類,https://news.google.com/rss/articles/CBMihAFBVV95cUxOaWdhVlpzcnFyWUJwVnRfWkNXb0ZQUTF1bHhEUzNjc3gxcWF3YXVqWXY0blNHaVF1aTRMQ3dfNjdPYjZ5dnpfaERvUUphNk1PcnNkLUV5OXhTaTlZcGhlbC1xMUlIanY2QWF0S1NRZTQ4N0pHeVRGNmFVQVVVMDFzb0lHYTk?oc=5,False,1,56.85,2026-10-06T22:22:25+00:00,bond markets resume sell off after strong us data financial times,bond markets resume sell off after strong us data financial times,1,0.03837953091684435,international_news,official,passed_basic_checks,3650,2026-10-06T22:22:25+0000,2036-10-03T22:22:25+0000,True,True
WAR,"Euro's dollar resilience faces energy price, political risk tests - Reuters",Reuters,https://www.reuters.com,reuters.com,0.95,2026-09-30 07:54:06+00:00,大盤風險,https://news.google.com/rss/articles/CBMisgFBVV95cUxPR0U4dHpHSkRBSUQ4VnFlY2RNb3U5OGVINGNleGNyTWwyN1NVeEVBR0xZV295T3RmeTI3V3N6WnJvakxYV3pBbVdDcGFWOFBEVDc4dzZKb1hTU3otNFpBNzBwU05kXy1IM09hSHJQa0ZZWVBhRVpUWk9yb2RsUmZfRG5ZQWRuenBsYklPSVhWTjRyMHJ3NHZ2YW1YSzBXNVNhdmRkcnBrNU94MGlwNnBIMkVR?oc=5,False,1,78.75,2026-10-06T22:22:25+00:00,euro s dollar resilience faces energy price political risk tests reuters,euro s dollar resilience faces energy price political risk tests reuters,1,0.051428571428571435,international_news,official,passed_basic_checks,3650,2026-10-06T22:22:25+0000,2036-10-03T22:22:25+0000,True,True
ENERGY,Taking stock: India’s energy resilience in sharp focus - S&P Global,S&P Global,https://www.spglobal.com,spglobal.com,0.62,2026-09-30 04:23:52+00:00,未分類,https://news.google.com/rss/articles/CBMizAFBVV95cUxOcUd5aUl5aDN0bWNtVkU3T19QcFdkRkUzLXRCbnFQV0tESE80NklVNUtndmdPUEJFRFpOaF9uVk9QQVNQTHZBOWwySGxWYW1BZ3NidlB3ajNpZGFGNlZjcmZfb0Vac09pUVRsRTdhdWE1WVAxNnV3a1F2b0ozRzFIN1F4OGNXRHE3QWxkeUNnSXZkSWRCUXUyLW12RDBtR01tWnlMaExqSmtEOHMwanR6cFNFTFpKU1hnMzdXZWxMY0djeldTRURkSEZlMkE?oc=5,False,1,56.85,2026-10-06T22:22:25+00:00,taking stock india s energy resilience in sharp focus s p global,taking stock india s energy resilience in sharp focus s p global,1,0.0767590618336887,international_news,official,passed_basic_checks,3650,2026-10-06T22:22:25+0000,2036-10-03T22:22:25+0000,True,True
GLOBAL,Asymmetric hedging: Mapping India’s geopolitical shift - S&P Global,S&P Global,https://www.spglobal.com,spglobal.com,0.62,2026-09-30 04:21:55+00:00,大盤風險；國際/戰爭,https://news.google.com/rss/articles/CBMi1gFBVV95cUxQdTlUWEczREYwb2lpZlRsOExwSF91WlpyTGxVajNUamJZR2VCT2NnRzJrekFuR2hKLVM1MXFMZG5vQk9OXy1qdkNvZ0dnR3FnWDkxbi1vZkdSRWc2WV9ld212Z0YzanhCVkx0NC1nUE1qU1pqVUFKMVhPajJlV2FZWkxtbFdlZkJOMkdPZ1V6bVpBS29vRzV4VjJvdVE1c0NmeEYxUndsZ0ZudWhSTFoyeGJUdkFUQi1KYll4dEVmWFY4cDNGT05NaXFiTHpRMDFDS2drM1JR?oc=5,False,1,62.35,2026-10-06T22:22:25+00:00,asymmetric hedging mapping india s geopolitical shift s p global,asymmetric hedging mapping india s geopolitical shift s p global,1,0.0767590618336887,international_news,official,passed_basic_checks,3650,2026-10-06T22:22:25+0000,2036-10-03T22:22:25+0000,True,True
GLOBAL,"Economic conditions outlook, September 2026 - McKinsey & Company",McKinsey & Company,https://www.mckinsey.com,mckinsey.com,0.62,2026-09-30 00:00:00+00:00,未分類,https://news.google.com/rss/articles/CBMirgFBVV95cUxQY1FqZVFxWjcteGl5dE1sUGpRQXlJaEpUZFlvUlozZzl2UHhFbjRxWDJacUJnRXZMN0x1OXJuYWlTNlVMN2xFZVlQakNwdVk5dzJIQmczRV9ndUZWbXpNNXpLcGZVQzdpZnJKUjdOV2ZEVmVUMjVxTy1mc1NCUFBVdUR2Qm05TlJuNlZUMS04YllKbUpqNHVrUlVKUFJQMFY3TWd2TGZ2T0RoUFAyTmc?oc=5,False,1,54.85,2026-10-06T22:22:25+00:00,economic conditions outlook september 2026 mckinsey company,economic conditions outlook september 2026 mckinsey company,1,0.060267857142857144,international_news,official,passed_basic_checks,3650,2026-10-06T22:22:25+0000,2036-10-03T22:22:25+0000,True,True
WAR,Global Economics Intelligence executive summary (August 2026) - McKinsey & Company,McKinsey & Company,https://www.mckinsey.com,mckinsey.com,0.62,2026-09-30 00:00:00+00:00,未分類,https://news.google.com/rss/articles/CBMisAFBVV95cUxPSmgzTkdja3YzVE1LaEtHbGFYak1oUU9Pei1CR1AwOW4wak5uY3hRQk0wb1o1SWhObGhxTUZDaEZqSUZ0TjdqUS1Ed3hwclZJRi1YV0RLQzZIY3paTzR3R2l0dkp5TkhLYVdXbm5NREhjc0lSazNjRmhJNlc4Y0Z5c2d0MWZ0WWNqNVhWRjFIRUdnWHJvaEYzdmp6NnV3cXd3bjdybm9EVTN4TEgwdUJsVA?oc=5,False,1,56.85,2026-10-06T22:22:25+00:00,global economics intelligence executive summary august 2026 mckinsey company,global economics intelligence executive summary august 2026 mckinsey company,1,0.06271777003484322,international_news,official,passed_basic_checks,3650,2026-10-06T22:22:25+0000,2036-10-03T22:22:25+0000,True,True
