factor,factor_column,bucket,sample_count,avg_20d_return,median_20d_return,positive_rate,avg_20d_drawdown,correlation_20d_return,coverage_note
20日動能,qqq_ret_20d,偏低,167,0.02757045590351037,0.03855792404337777,0.6766467065868264,-0.0393523887330621,-0.03166137803754518,僅市場技術基線；不等同新聞或因果效果
20日動能,qqq_ret_20d,中性,166,0.013514497223128776,0.01716085941379686,0.6686746987951807,-0.03215460012347311,-0.03166137803754518,僅市場技術基線；不等同新聞或因果效果
20日動能,qqq_ret_20d,偏高,167,0.009713772997643923,0.020831289392441832,0.6646706586826348,-0.03275753696864672,-0.03166137803754518,僅市場技術基線；不等同新聞或因果效果
距50日均線,qqq_dist_ma_50,偏低,167,0.031130588949150273,0.04288252115000302,0.7125748502994012,-0.04096470693059996,-0.09832368118813288,僅市場技術基線；不等同新聞或因果效果
距50日均線,qqq_dist_ma_50,中性,166,0.008732298005066008,0.011286629392713632,0.6024096385542169,-0.03431111266680232,-0.09832368118813288,僅市場技術基線；不等同新聞或因果效果
距50日均線,qqq_dist_ma_50,偏高,167,0.01090720324660534,0.02113788229342939,0.6946107784431138,-0.029001619476542097,-0.09832368118813288,僅市場技術基線；不等同新聞或因果效果
量能相對值,qqq_volume_ratio_20,偏低,167,0.01684510524742689,0.024040984956116285,0.6766467065868264,-0.03266891525800628,-0.027649670035330563,僅市場技術基線；不等同新聞或因果效果
量能相對值,qqq_volume_ratio_20,中性,166,0.010867606586133274,0.018949391168851748,0.6566265060240963,-0.03822737445308979,-0.027649670035330563,僅市場技術基線；不等同新聞或因果效果
量能相對值,qqq_volume_ratio_20,偏高,167,0.02307016464619001,0.028048491024133204,0.6766467065868264,-0.03340460003222727,-0.027649670035330563,僅市場技術基線；不等同新聞或因果效果
